,Group
GSM997591,MNOS
GSM997592,MNOS
GSM997593,MNOS
GSM997594,MNOS
GSM997595,MNOS
GSM997596,MNOS
GSM997597,MNOS
GSM997598,MNOS
GSM997599,MOCS
GSM997600,MOCS
GSM997601,MOCS
GSM997602,MOCS
GSM997603,MOCS
GSM997604,MOCS
GSM997605,MOCS
GSM997606,MOCS
GSM997607,MOCS
GSM997608,MOCS
GSM997609,MOCS
GSM997610,MOCS
GSM997611,MOCS
GSM997612,MOCS
GSM997613,MOCS
GSM997614,MOCS
GSM997615,MOCS
GSM997616,MOCS
GSM997617,MOCS
GSM997618,MOCS
GSM997619,MOCS
GSM997620,MOCS
GSM997621,MOCS
GSM997622,MOCS
GSM997623,MOCS
GSM997624,MOCS
GSM997625,MOCS
GSM997626,MOCS
GSM997627,MOCS
GSM997628,MOCS
GSM997629,MOCS
GSM997630,MOSE
GSM997631,MOSE
GSM997632,MOSE
GSM997633,MOSE
GSM997634,MOSE
GSM997635,MOSE
GSM997636,MOTEC
GSM997637,MOTEC
GSM997638,MOTEC
GSM997639,MOTEC
GSM997640,MOTEC
GSM997641,MOTEC
GSM997642,MOTEC
GSM997643,MOTEC
GSM997644,MOTEC
GSM997645,MOTEC
GSM997646,MOTEC
GSM997647,MOTEC
GSM997648,MOTEC
GSM997649,MOTEC
GSM997650,MOTEC
GSM997651,MOTEC
GSM997652,MOTEC
GSM997653,MOTEC
GSM997654,MOTEC
GSM997655,MOTEC
GSM997656,MOTEC
GSM997657,MOTEC
GSM997658,MOTEC
GSM997659,MOTEC
GSM997660,MOTEC
GSM997661,MOTEC
GSM997662,MOTEC
GSM997663,MOTEC
GSM997664,MOTEC
GSM997665,MOTEC
GSM997666,MOTEC
GSM997667,MOTEC
