149,YES1,CHK2,DYRK3,Src,FGF-R1,VEGFR1,EPH-A2,BRSK2,Lck,BTK,EPH-B3,GCK,ERK8,SmMLCK,MINK1,MLK1,DYRK2,HIPK2,DAPK1,JAK2,CLK2,PKC alpha ,CK1 delta ,MKK1,MST2,RIPK2,MNK1,MELK,PIM3,MST4,RSK2,HIPK1,MLK3,LKB1,Aurora A,PIM1,RSK1,CAMKK beta ,MEKK1,PRK2,PHK,AMPK,IRAK4,EPH-B4,Aurora B,PIM2,TrkA,PAK4,CAMK1,EPH-B2,IRR,S6K1,MARK3,BRSK1,GSK3 beta ,CHK1,PAK5,CSK,EPH-A4,PAK6,NUAK1,HIPK3,PKB alpha ,CDK2-Cyclin A,CK2,HER4,p38 gamma MAPK,MNK2,TAO1,PKA,TTK,PLK1,PKC zeta ,TAK1,EPH-B1,MSK1,PDK1,MARK1
175,JAK2,TAK1,IKK epsilon ,MLK1,Src,PAK4,MAP4K3,MLK3,IRAK1,ULK1,FGF-R1,TrkA,Lck,VEGFR1,DDR2,NUAK1,TSSK1,YES1,SYK,IRAK4,ULK2,HER4,SIK2,NEK2a,TBK1,PDGFRA,PAK5,BTK,Aurora A,MARK3,CSK,Aurora B,PLK1,EPH-B1,JNK2,EPH-B2,CK2,EPH-A4,EPH-A2,MKK1,MNK2,MELK,ERK8,PRK2,p38 delta MAPK,JNK3,JNK1,EIF2AK3,PDK1,GSK3 beta ,RIPK2,MPSK1,MARK4,DAPK1,RSK1,ROCK 2,MST4,IKK beta ,CLK2,PAK2,TAO1,CHK2,IGF-1R,S6K1,MST2,CDK2-Cyclin A,HIPK2,LKB1,CAMK1,ZAP70,p38 gamma MAPK,PIM3,MKK2,ERK5,HIPK1,TIE2,AMPK (hum),STK33,TESK1,IR,PKC alpha ,PHK,DYRK1A,PKC gamma ,CAMKK beta ,NEK6,TTK,PAK6,EPH-B3
139,CHK2,YES1,CHK1,MST2,ERK8,Aurora B,Src,RSK2,PHK,FGF-R1,TBK1,IKK epsilon ,BTK,Aurora A,IRAK4,RSK1,NEK2a,CLK2,CAMKK beta ,VEGFR1,MLK3,JAK2,AMPK,GCK,ROCK 2,BRSK2,PAK4,MKK1,TrkA,PRK2,PAK5,MST4,TAK1,Lck,IR,PAK6,ASK1,MARK3,SYK,MELK,SRPK1,HIPK2,MEKK1,NUAK1,MINK1,RIPK2,S6K1,CDK2-Cyclin A,SGK1,CAMK1,PIM3,MLK1,EPH-A2,PKD1,EPH-B2,PRAK,MNK1,TTK,EPH-A4,IRR,MARK1,PDK1,SmMLCK,EPH-B4,GSK3 beta ,MKK2,MARK4
25,CHK2,PDK1,PHK,MELK,DYRK2,MST2,MKK1,ERK8,SmMLCK,CHK1,DYRK3,HIPK2,Src,FGF-R1,IGF-1R,VEGFR1,PIM1,PKD1,GSK3 beta ,MARK3,Lck,YES1,ERK1,AMPK,PRK2,RSK1,IRR,SGK1,CDK2-Cyclin A,TBK1,ROCK 2,PIM3,SYK,PRAK,PIM2,PAK5,BTK,BRSK2,MAPKAP-K2 ,DYRK1A,IKK epsilon ,S6K1,ERK2,MNK2,JNK2,MST4,PLK1,CAMK1,CK1 delta ,EPH-A2,PKC zeta ,CK2,p38 delta MAPK,RSK2,IKK beta ,IR,PKC alpha ,NEK2a,PAK4,MSK1,MNK1,PKA,CAMKK beta ,PKB beta ,SRPK1,NEK6,PAK6,CSK,p38 alpha MAPK,JNK1,p38 beta MAPK
314,JAK2,EPH-B1,MLK1,MLK3,PAK4,EPH-B2,ZAP70,IGF-1R,Lck,EPH-A2,EPH-A4,IR,DDR2,BTK,ULK1,CSK,YES1,IRR,NUAK1,IKK epsilon ,EPH-B4,FGF-R1,Aurora B,JNK3,IRAK1,HER4,JNK2,S6K1,PAK5,AMPK (hum),Aurora A,SGK1,ULK2,VEGFR1,EPH-B3,TrkA,ERK8,LKB1,SIK2,CLK2,Src,TSSK1,TESK1
140,CHK2,SYK,PKD1,CAMK1,IGF-1R,PIM3,PAK4,PAK5,YES1,MST2,MKK1,ERK8,CHK1,Src,IR,GCK,BTK,PHK,PIM1,PRAK,PAK6,MNK1,RSK1,PKC alpha ,MST4,AMPK,CDK2-Cyclin A,MARK3,Lck,LKB1,MNK2,ERK2,MAPKAP-K2 ,MLK3,ERK1,ROCK 2,PRK2,SmMLCK,NUAK1,MLK1,TrkA,CK1 delta ,CK2,TAK1,RSK2,MELK,IRR,MINK1,DYRK3,NEK2a,CAMKK beta 
101,GSK3 beta ,ERK8,DYRK1A,SRPK1,HIPK2,PIM3,MST2,IRR,RSK1,RSK2,SmMLCK,HIPK3,NEK6,CAMKK beta ,YES1,PIM2,MST4
81,MKK1
9,SmMLCK,CAMK1,PKB alpha ,MAPKAP-K2 ,MKK1,SGK1,NEK7,PIM3,PIM1,RSK2,PIM2,PKB beta ,Lck,PAK4,S6K1,RSK1,PKA,EF2K,MSK1,JNK3,GSK3 beta ,NEK6,SYK,ERK2,MELK,JNK1
328,EPH-B1,ABL,DDR2,Lck,YES1,BTK,EPH-A2,EPH-B2,EPH-B3,Src,SIK2,SIK3,BRK,EPH-A4,MAP4K5,EPH-B4,PDGFRA,RIPK2,HER4,TESK1,CSK,p38 alpha MAPK,MLK3,MLK1,JAK2,p38 beta MAPK
294,MAP4K3,MAP4K5,MKK1,CLK2,MKK2,ERK1,Aurora B,AMPK,AMPK (hum),MARK1,BRSK1,NUAK1,DYRK1A,DYRK2,IKK epsilon ,GCK,MINK1,TAK1,ROCK 2,PRK2,MNK1,MNK2,CDK9-Cyclin T1,MARK2,BRSK2,DYRK3,PIM3,MST4,MLK1,MLK3,TrkA,VEGFR1,GSK3 beta ,ERK2,ERK8,PKD1,Aurora A,MARK4,MELK,HIPK2,MST2,ASK1,ULK2,ERK5,RSK1,MSK1,PHK,CHK1,MARK3,SIK2,SIK3,CK1 delta ,PIM2,TAO1,ULK1,JAK2,IGF-1R,SmMLCK,CDK2-Cyclin A,CK2,TBK1,PIM1,RSK2,IRAK1,PDK1,IRAK4,FGF-R1,IR,JNK1,IRR,SGK1,PKA,STK33,CAMKK beta ,DAPK1,CHK2,HIPK1,p38 gamma MAPK,HIPK3,BTK,MKK6,JNK2,JNK3,S6K1,Src,PDGFRA,MST3,IKK beta ,TSSK1,PAK4,RIPK2,TTK,Lck,NEK2a,p38 delta MAPK,OSR1,EPH-A2,TLK1,EPH-B3,PKC zeta ,EPH-B2,DDR2,p38 beta MAPK,CAMK1,CK1 gamma 2,PKC alpha ,EIF2AK3,ABL,TIE2,BRK,EPH-B1,PRAK,PLK1,EPH-B4,PAK5,SYK,PKB alpha ,EPH-A4,PAK6,YES1,PKC gamma ,HER4,MAPKAP-K2 ,TESK1,LKB1
208,RSK2,PKB beta ,DYRK1A,PAK6,SGK1,MSK1,MAPKAP-K2 ,GSK3 beta ,Aurora A,MARK3,PAK2,IGF-1R,IR,TrkA,PKB alpha ,PKA,PRAK,BRSK2,SRPK1,CLK2,TAK1,IRAK1,OSR1,VEGFR1,RSK1,PKC zeta ,CHK2,PIM2,PAK5,IRAK4,Src,ABL,EPH-B2,FGF-R1,S6K1,PKC alpha ,CAMKK beta ,CAMK1,NUAK1,TAO1,SYK,IRR,PKD1,CDK2-Cyclin A,TLK1,TBK1,HIPK2,JAK2,JNK1,p38 delta MAPK,STK33,DYRK3,Lck,ZAP70,PRK2,PKC gamma ,DAPK1,PIM3,GCK,BRK,EPH-B3,MKK2,MARK4,BRSK1,PIM1,PAK4,ASK1,YES1,SmMLCK,TIE2,HER4,LKB1,NEK2a,IKK beta ,EPH-A2,EPH-B4,p38 gamma MAPK,DYRK2,HIPK3,IKK epsilon ,MLK3,MKK1,JNK3,CHK1,MPSK1,BTK,EPH-A4,ERK8,PDK1,EIF2AK3,MINK1,MELK,JNK2,RIPK2,ERK2,AMPK,MARK1,TTK,ROCK 2,MLK1,PHK,HIPK1,PLK1,MST4,MST2,ERK1,MAPKAP-K3,MEKK1,CSK,MKK6,MNK1,MARK2,MNK2,Aurora B
289,CLK2,MAPKAP-K2 ,MKK1,SIK2,PHK,IKK epsilon ,JNK1,RSK1,SmMLCK,AMPK,AMPK (hum),MARK4,BRSK1,NUAK1,PIM1,PAK6,MAP4K3,ULK2,PDK1,MLK1,TAK1,IRAK1,ERK1,PKA,MSK1,PRAK,CHK2,MARK3,SIK3,DYRK3,PAK5,GCK,MINK1,TESK1,ASK1,YES1,SYK,ZAP70,TrkA,PDGFRA,S6K1,CHK1,DYRK1A,MLK3,Lck,FGF-R1,IGF-1R,DDR2,Aurora A,JNK2,CAMK1,DAPK1,MARK2,TSSK1,DYRK2,PIM2,PAK2,MAP4K5,IRAK4,BRK,VEGFR1,MARK1,MKK6,ERK2,PKB alpha ,MELK,p38 gamma MAPK,RSK2,PRK2,TLK1,IKK beta ,HIPK2,MST3,Src,PAK4,ROCK 2,GSK3 beta ,TAO1,OSR1,TTK,JAK2,ERK8,PKB beta ,CDK2-Cyclin A,BRSK2,EPH-B4,MNK1,MST2,RIPK2,BTK,IRR,PIM3,SGK1,MNK2,HIPK3,CAMKK beta ,SRPK1,ULK1,IR,ERK5,TBK1,PKC gamma ,MKK2,HER4,PKC zeta ,CDK9-Cyclin T1,PKD1,EPH-A4,TGFBR1,EPH-A2,MST4,CSK,TIE2,PLK1,HIPK1,PKC alpha ,STK33,MEKK1,EPH-B1,JNK3,MAPKAP-K3,EPH-B2,LKB1,EIF2AK3,ABL,Aurora B,p38 delta MAPK
18,RSK1,RSK2,PLK1,MELK,PIM3,MST4,VEGFR1,Aurora A,Aurora B,MLK3,PIM1,MST2,MINK1,GCK,TAO1,TrkA,CAMKK beta ,NUAK1,TAK1,CLK2,PAK4,MLK1,JAK2,FGF-R1,IR,IGF-1R,HIPK2,TIE2,CDK2-Cyclin A,STK33,IRR,GSK3 beta ,BRSK2,YES1,MKK2,MARK4,TBK1,DYRK3,PAK5,TTK,IKK epsilon ,MARK3,IRAK4,CK1 delta ,MARK1,Lck,PAK6,PKC alpha ,SYK,MARK2,ERK8,ABL,S6K1,ERK1,BRSK1,EPH-B3,PKC gamma ,DYRK2,BTK,SmMLCK,DYRK1A,MKK1,EPH-B2,LKB1
19,SGK1,PDK1,PHK,ERK8,MST2,BTK,FGF-R1,SYK,VEGFR1,HIPK2,Lck,S6K1,CHK2,CDK2-Cyclin A,MELK,YES1,Src,PIM3,AMPK,CAMKK beta ,IGF-1R,TBK1,RSK1,MSK1,CAMK1,PAK4,GSK3 beta ,IKK epsilon ,CHK1,PAK5,MARK3,EPH-A2,MST4,BRSK2,NEK6,TrkA,SmMLCK,ROCK 2,DYRK1A,PIM2,BRSK1,MLK3,IRR,CSK,IR,PAK6,PIM1,PRAK,PKB beta ,PKC alpha ,EPH-B3,PKA,p38 beta MAPK,DYRK2,MAPKAP-K2 ,MKK1,CK1 delta ,RSK2,PLK1,ERK1,p38 gamma MAPK,PRK2,JNK2,PKC zeta ,JNK1,DYRK3,MLK1,MNK2,Aurora A
329,ABL,EPH-B1,EPH-B2,MAP4K5,MAP4K3,MINK1,Src,Lck,YES1,BTK,EPH-A2,EPH-A4,EPH-B3,HER4,SIK3,EPH-B4,DDR2,SIK2,GCK,CSK,TAK1,IKK epsilon ,MST4,TrkA,MLK3,CHK2,PHK,STK33,MST2,MLK1,MKK2,NUAK1,MST3,TSSK1,CLK2,IRAK4,AMPK (hum),JAK2,CAMKK beta ,SmMLCK,TBK1,MKK1,TLK1,ULK2,SYK,MARK3,HIPK2,ULK1,RIPK2,BRK,Aurora B
24,CHK2,MKK1,ERK8,AMPK,MELK,MST2,BRSK2,VEGFR1,MARK3,PHK,DYRK2,FGF-R1,RSK2,PDK1,CHK1,RSK1,PIM3,PKD1,DYRK3,PRK2,YES1,TBK1,IRR,GSK3 beta 
26,CDK2-Cyclin A,BRSK2,IKK epsilon ,PDK1,PRK2,MNK1,Aurora B,AMPK,TAK1,MKK1,ERK8,ROCK 2,PKD1,PHK,CHK1,CHK2,Aurora C,MARK3,FGF-R1,TBK1,Aurora A,MLK3,JAK2,GSK3 beta ,RSK1,MELK,DYRK3,ERK1,MARK2,MLK1,ERK2,S6K1,MNK2,PAK4,SYK,DYRK2,NEK2a,NUAK1,SGK1,MARK1,VEGFR1,MARK4,PKA,PKC alpha ,CAMKK beta ,Src,IRR,GCK,RSK2,YES1,CAMK1,MST4,CLK2,HIPK2,Lck,MST2,PAK5,JNK1,PAK6,JNK2,p38 gamma MAPK,PIM3,IRAK4,MSK1,p38 delta MAPK,TrkA,MEKK1,HIPK3,BRSK1,DYRK1A,JNK3,CK2,DAPK1,IKK beta ,PRAK,PKB alpha 
341,MAP4K3,PHK,AMPK (hum),MLK1,TrkA,CAMKK beta ,NUAK1,MLK3,ULK2,PRK2,MST2,VEGFR1,CDK2-Cyclin A,SIK2,MAP4K5,MARK3,ERK8,RIPK2,DDR2,PDGFRA,SIK3,CDK9-Cyclin T1,GCK,RSK1,MARK1,MNK2,MINK1,Lck,Aurora B,MARK4,YES1,IRAK4,BRSK1,MARK2,DYRK1A,MKK2,MELK,MNK1,ROCK 2,ULK1,MKK1,BRSK2,MST3,TAK1,ABL,RSK2,TSSK1,DYRK3,IRAK1,CLK2
43,DYRK2,PKB beta ,EPH-B3,PKC zeta ,PRAK,DYRK3,NEK2a,SRPK1,RSK2,MARK3,DYRK1A,FGF-R1,PLK1,PAK6,Aurora B,YES1,PIM1,HIPK2,PKD1,ERK1,PIM3,BTK,CAMK1,IGF-1R,ERK8,VEGFR1,IKK beta ,Src,MAPKAP-K2 ,PAK4,BRSK2,MST4,IKK epsilon ,IRR,PAK5,S6K1,MST2,MSK1,RSK1,PIM2
47,RSK1,PKC alpha ,MSK1,PHK,DYRK1A,SGK1,GSK3 beta ,CDK2-Cyclin A,S6K1,AMPK,PKD1,CHK1,MAPKAP-K2 ,PKB alpha ,PKA,Lck,ROCK 2,MKK1
49,MST2,PKC alpha ,PHK,CHK1,PRK2,RSK2,PIM3,PAK4,PKD1,MSK1,PAK5,PAK6,RSK1,CDK2-Cyclin A,PDK1,S6K1,CAMKK beta ,AMPK,MARK3,MELK,PIM1,Aurora B,GSK3 beta ,Aurora C,HIPK2,SmMLCK,DYRK1A,DYRK3,MNK2,ERK8,CAMKK alpha ,ERK2,BRSK2,MKK1
50,RSK2,PKC alpha ,PIM1,PIM3,S6K1,PIM2,PKA,MST2,MSK1,PDK1,SmMLCK,PRK2,CHK1,RSK1,GSK3 beta ,SGK1,BRSK2,Aurora C,PKB alpha ,MELK,CHK2,PHK,Aurora B,PKB beta ,MKK1,CAMK1,AMPK,DYRK3,HIPK2,MARK3,JNK2,p38 delta MAPK,CAMKK beta ,DYRK1A,Lck,PKD1
146,PHK,CDK2-Cyclin A,SGK1,AMPK,GCK,CAMKK beta ,DYRK2,MINK1,MNK1,CK1 delta ,MNK2,MST2,PRK2,PLK1,MLK3,Aurora B,MLK1,MELK,DYRK1A,JNK2,NUAK1,IRAK4,MKK1,SYK,MST4,IKK epsilon ,HIPK2,VEGFR1,PKD1,DYRK3,IGF-1R,BRSK2,ERK8,GSK3 beta ,S6K1,JAK2,PIM1,IRR,NEK2a,FGF-R1,TBK1,CHK2,MARK3,TrkA,PDK1,ROCK 2,PKC alpha ,p38 gamma MAPK,RSK1,PAK5,ERK1,JNK1,PAK4,YES1,Src,PIM3,Lck,CK2,TTK,SRPK1
52,PIM1,PIM3,DYRK1A,PIM2,MST2,RSK2,DYRK3,HIPK2,RSK1,GSK3 beta ,PLK1,DYRK2,HIPK3,Lck,ROCK 2,CK2,Aurora B,CHK2,SRPK1,PHK,p38 alpha MAPK,MARK3,ERK8,MELK,CAMKK beta ,PKD1,SmMLCK,PRAK,Aurora C,PKC zeta ,PAK4,MKK1,AMPK,SGK1,S6K1,MAPKAP-K3,PKC alpha ,MSK1,p38 beta MAPK,NEK2a,IKK beta ,PRK2,CAMKK alpha ,CAMK1,FGF-R1,Src
133,PKB beta ,ERK8,MINK1,Aurora A,Aurora B,PAK2,GCK,MLK3,S6K1,CAMK1,VEGFR1,IKK epsilon ,MLK1,FGF-R1,MST2,RSK2,ERK1,NUAK1,IKK beta ,MST4,NEK2a,PLK1,IRAK4,PKD1,MAPKAP-K3,PKC zeta ,NEK6,SYK,MELK,BRSK2,PIM1,HIPK2,TAK1,LKB1,PIM3,Src,MKK1,TrkA,DYRK1A,BTK,PIM2,TBK1,BRSK1,EPH-B3,AMPK,PRK2,GSK3 beta ,DYRK3,HIPK3,CHK2,YES1,JAK2,MARK1,MEKK1,ERK2,TTK,MARK4,DYRK2,PAK4,PAK6,PRAK,IRR,SRPK1,MKK2,SGK1,PKC alpha ,HIPK1,CLK2,CAMKK beta ,PAK5,HER4
66,PHK,MKK1,Aurora A,MAPKAP-K2 ,DYRK1A,IGF-1R,CHK1,ERK8,RSK1,RSK2,CDK2-Cyclin A,DYRK2,DYRK3,JAK2,JNK1,MSK1,MARK3,PAK6,IR,IKK epsilon ,PIM1,CLK2,MST2,MEKK1,IRAK4,ERK2,JNK2,PKA,GSK3 beta ,NUAK1,PIM2,PIM3,HIPK2,IRAK1,IRR,TrkA,VEGFR1,JNK3,PDK1,BRSK2,TBK1,MINK1,MLK3,S6K1,PKC zeta ,CAMK1,TLK1,PAK4,GCK,TAK1,FGF-R1,PKD1,SmMLCK,CHK2,AMPK,RIPK2,BTK,PRK2,IKK beta ,HIPK3,PAK2,PAK5,OSR1,Src,BRK,MELK,PKC alpha ,Aurora B,SYK,MKK2,PKB alpha ,CAMKK beta ,BRSK1,TAO1,MNK2,DAPK1,MARK1,Lck,STK33,ASK1,YES1,ZAP70,MARK4,p38 gamma MAPK,PRAK,HIPK1,TIE2,EPH-A4,ERK1,SGK1,EPH-A2,EPH-B2,MST4,LKB1,p38 delta MAPK,MAPKAP-K3,ROCK 2,MPSK1,HER4,EIF2AK3,MLK1,EPH-B3,SRPK1,TTK,PKB beta ,EPH-B1,MARK2,NEK2a,CSK,EPH-B4,p38 beta MAPK,MNK1,PKC gamma ,PLK1,MKK6,ABL,p38 alpha MAPK
180,VEGFR1,RIPK2,GCK,MINK1,ABL,NUAK1,CLK2,BRK,Lck,YES1,CAMKK beta ,MLK3,FGF-R1,DYRK1A,ERK8,STK33,MARK3,TAK1,MARK1,Src,AMPK,MELK,BRSK2,PHK,CK1 delta ,MARK4,TBK1,RSK1,TIE2,MARK2,PKD1,MNK2,CDK2-Cyclin A,SYK,PRK2,EPH-B2,IRR,TrkA,MNK1,CAMK1,EPH-B4,Aurora B,EPH-B3,EPH-A2
313,GSK3 beta ,NUAK1,PIM2,HIPK1,HIPK3,CLK2,GCK,Lck,DDR2,DYRK1A,TAK1,ERK8,RSK2,PKC gamma ,DAPK1,CHK2,AMPK (hum),TSSK1,CK2,DYRK2,DYRK3,PIM3,MAP4K3,MLK1,ABL,EPH-A4,EPH-B2,TrkA,VEGFR1,PHK,S6K1,PRK2,CAMKK beta ,CDK2-Cyclin A,AMPK,BRSK1,BRSK2,SIK2,IKK epsilon ,HIPK2,MINK1,MLK3,EPH-B4,IR,RSK1,MAP4K5,MKK1,PLK1,TAO1,IRAK1,TTK,JAK2,TIE2,MST2,RIPK2,ERK5,p38 delta MAPK,PDK1,CDK9-Cyclin T1,SIK3,ULK2,FGF-R1,HER4,IGF-1R,PIM1,EPH-A2,PDGFRA,MSK1,MST3,MST4,MPSK1,Src,MELK,EPH-B1,p38 beta MAPK,PKD1,SmMLCK,CK1 delta ,TBK1,IRR,IRAK4,PKC alpha ,EIF2AK3,ASK1,BTK,SYK,BRK,YES1,PAK4,CSK,EPH-B3,MKK2,JNK1,p38 alpha MAPK,STK33,Aurora A,CK1 gamma 2,SRPK1,CHK1,p38 gamma MAPK,SGK1,PKA,JNK3,MNK2,MARK3,MAPKAP-K2 ,Aurora B,MARK4,CAMK1,JNK2,PRAK,TGFBR1,PKC zeta ,PAK5,MARK2,PKB beta ,PKB alpha ,MNK1,PAK6,MARK1,ULK1,IKK beta ,OSR1,ROCK 2
264,RSK1,S6K1,MSK1,RSK2,PKA,VEGFR1,AMPK,MST4,Aurora B
89,Src,YES1,BRSK2,Lck,BTK,CK1 delta ,CSK,EPH-B3,p38 beta MAPK,EPH-A2,p38 alpha MAPK,S6K1,VEGFR1,Aurora C,FGF-R1,MELK,PKA,MST2,Aurora B,PKD1,JNK2,ROCK 2,MSK1,RSK1,JNK3,MNK1
91,Aurora A,EPH-A4,ERK8,CLK2,IR,PHK,IRAK4,Src,IGF-1R,CDK2-Cyclin A,AMPK,MST2,CHK2,EPH-B2,EPH-B4,TrkA,p38 delta MAPK,SmMLCK,MELK,HIPK1,HIPK2,MEKK1,Lck,RSK1,YES1,EPH-B3,Aurora B,NUAK1,LKB1,MINK1,RIPK2,BTK,CSK,S6K1,PKC alpha ,CAMK1,PIM1,SRPK1,FGF-R1,EPH-A2,PAK2,HIPK3,MST4,MLK1,RSK2,CAMKK beta ,VEGFR1,PAK4,PIM3,MSK1,PAK5,PAK6,TAK1,SYK,JAK2,PRK2,GCK,TAO1,EPH-B1,GSK3 beta ,MKK1,BRSK2,SGK1,BRSK1,TTK,MARK4,DYRK3,MARK2,p38 gamma MAPK,PKD1,PKB beta ,p38 alpha MAPK,p38 beta MAPK
156,PIM3,PKB beta ,PRAK,DYRK2,PHK,DYRK3,DYRK1A,SRPK1,CHK2,TAK1,MARK3,BRSK1,CK2,PIM1,RIPK2,VEGFR1,Aurora B,AMPK,MELK,MST2,YES1,MINK1,MARK1,PIM2,HIPK1,RSK2,MNK1,NUAK1,BRSK2,NEK2a,JAK2,S6K1,MAPKAP-K3,FGF-R1,RSK1,PKD1,IKK beta ,MLK3,CAMK1,GSK3 beta ,HIPK2,PKC zeta ,MARK4,NEK6,IKK epsilon ,IRR,SmMLCK,PLK1,GCK,MKK1,SGK1,MLK1,Src,MNK2,MARK2,Aurora A,CK1 delta ,TrkA,CHK1,CDK2-Cyclin A,BTK,TTK,MSK1,PAK4,IGF-1R,HER4,IRAK4
96,MSK1,CLK2,RSK2,PRK2,PKC alpha ,GSK3 beta ,PIM3,TrkA,RSK1,PKB alpha ,SGK1,S6K1,IGF-1R,VEGFR1,CDK2-Cyclin A,ERK8,PKC zeta ,SmMLCK,DYRK1A,DYRK3,MINK1,MLK3,PKB beta ,PKA,PHK,NUAK1,PIM1,PIM2,GCK,CAMKK beta ,CHK1,DAPK1,CHK2,TBK1,SRPK1,MKK1,MKK2,STK33,TAO1,HIPK1,HIPK2,MST2,TAK1,PDK1,BTK,CAMK1,MARK2,Lck,FGF-R1,MLK1,BRSK2,HIPK3,MST4,HER4,PKC gamma ,MARK3,IRAK4,TTK,JAK2,AMPK,PAK4,YES1,EPH-A4,IRR,EPH-A2,EPH-B2,ROCK 2,SYK,Aurora B,BRSK1,PKD1,MELK,MARK4,IKK epsilon ,PAK5,TIE2,LKB1,EPH-B4,p38 delta MAPK,PAK2,MARK1,ERK1,PAK6,JNK1,JNK2,MAPKAP-K2 
98,PRAK,PKA,PIM3,MAPKAP-K3,DYRK3,SRPK1,CHK2,MAPKAP-K2 ,PKB beta ,DYRK1A,IKK beta ,SmMLCK,RSK1,DYRK2,PAK4,PLK1,JNK1,SGK1,RSK2,PIM1,BRSK2,CAMKK beta ,S6K1,GSK3 beta ,CAMK1,MELK,YES1,Aurora C,Aurora B
100,CK1 delta ,p38 alpha MAPK,p38 beta MAPK,GSK3 beta ,JNK2,AMPK,Lck,JNK3,RSK1,CSK,PKC alpha ,Src
355,S6K1,SGK1,CAMK1,MAP4K3,RSK1,CHK2,MELK,ERK8,MAP4K5,MSK1,PKD1,RSK2,TIE2,MLK3,MLK1,SmMLCK,AMPK (hum),MKK2,IKK epsilon ,HIPK2
119,JAK2,IRAK1,MAP4K3,ULK1,Aurora B,Aurora A,AMPK (hum),YES1,MAP4K5,TrkA,CLK2,BRSK2,NUAK1,SRPK1,MST2,GCK,IRAK4,ULK2,Aurora C,CAMKK beta ,AMPK,CHK2,Src,Lck,BRSK1,ROCK 2,VEGFR1,CAMKK alpha ,PRK2,MARK4,IKK epsilon ,FGF-R1,MST4,STK33,MST3,DDR2,MLK3,BRK,RSK1,MKK1,ERK8,IR,DYRK1A,PDGFRA,ABL,MLK1,MARK3,PAK4,MINK1,EPH-B3,MARK2,MKK2,EPH-A2,EPH-A4,EPH-B2,TTK,CSK,SYK,MARK1,RIPK2,CHK1,TAO1,TSSK1
12,GSK3 beta ,PIM3,DYRK2,PIM1,PIM2,HIPK2,DYRK1A,DYRK3,ERK8,IRR,HIPK3,CK2,p38 delta MAPK,JNK2,PKB alpha ,ROCK 2,PAK4,Src,MNK2,JNK3,RSK1,PKD1,CAMKK beta ,JNK1,PLK1,p38 gamma MAPK,Aurora C,FGF-R1,MNK1,MARK3
280,NUAK1,GCK,IGF-1R,CLK2,IR,ROCK 2,TAK1,GSK3 beta ,MLK3,PRK2,CDK9-Cyclin T1,CDK2-Cyclin A,DYRK3,HIPK2,IRR,PKD1,MAP4K3,RIPK2,IRAK1,SYK,MLK1,DYRK2,CAMKK beta ,PDGFRA,ERK8,Aurora B,MARK3,PIM3,PKC alpha ,BTK,LKB1,MST2,VEGFR1
131,PKB beta ,NEK2a,Aurora B,BTK,PLK1,CAMK1,S6K1,RSK2,NEK6,IKK beta ,MST4,VEGFR1,HER4,PKC alpha 
320,NUAK1,Aurora B,SIK2,MLK1,VEGFR1,MARK3,AMPK (hum),MARK4,ERK8,PDK1,FGF-R1,MARK1,IRAK4,JAK2,MLK3,SIK3,GCK,CDK2-Cyclin A,MARK2,BRSK1,TBK1,BRSK2,CHK1,Aurora A,TAK1,ULK1,TrkA,CAMKK beta ,CHK2,MAP4K3,MKK1,MKK2,SYK,IKK epsilon ,CLK2,PDGFRA,PKA,MELK,MST2,PRK2,STK33,IR,MAP4K5,ABL,PKD1,BRK,BTK,RSK1,ULK2,YES1,Lck,RSK2,MNK2,TSSK1,IGF-1R,TAO1,ASK1,RIPK2,PHK,MST4,IRAK1,LKB1,MST3
31,MLK3,MINK1,NEK6,VEGFR1,CAMK1,MLK1,NEK2a,TIE2,IKK beta ,IKK epsilon ,HIPK3,PKB beta ,GCK,IRAK4,ERK8,FGF-R1,DYRK3,HIPK2,BTK,Src,BRSK1,MAPKAP-K3,YES1,RSK2,SYK
33,GSK3 beta ,PKC alpha ,MELK,CDK2-Cyclin A,AMPK,PLK1,PKD1,DYRK1A,CAMKK alpha ,MSK1
35,CLK2,ERK8,PHK,CK1 delta ,DYRK1A,MINK1,DYRK3,GCK,TAK1,Lck,EPH-B4,HIPK2,EPH-B1,MLK3,RIPK2,CDK2-Cyclin A,CK2,YES1,DYRK2,EPH-A4,EPH-B2,EPH-B3,IRAK4,FGF-R1,TrkA,PRK2,Src,MSK1,VEGFR1,AMPK,MELK,Aurora B,NUAK1,CSK,ROCK 2,HIPK1,MNK1,MARK3,TBK1,CAMKK beta ,GSK3 beta ,IRR,RSK1,IKK epsilon ,IR,SGK1,Aurora A,MNK2,MLK1,BRSK2,S6K1,HIPK3,BTK,TTK,DAPK1,PKB alpha ,CHK2,BRSK1,SYK,PKB beta ,EPH-A2,PKA,PAK4,MARK1,CHK1,PIM1,p38 beta MAPK,RSK2
317,RSK1,AMPK (hum),MARK3,EIF2AK3,RSK2,PDK1,MARK2,SIK2,TSSK1,IKK epsilon ,MAP4K3,MARK4,MST2,MAP4K5,MLK1,TrkA,MKK1,SIK3,JAK2,MARK1,GCK,MLK3,PDGFRA,MKK2,Aurora B,VEGFR1,PRK2,SYK,CHK1,PKR,S6K1,NUAK1,BRK,TIE2,MELK,CDK2-Cyclin A,TBK1,MINK1,TAO1,ULK2,BRSK2,PAK4,Lck,Src,PKA,PAK5,ROCK 2,IRAK4,DDR2,TLK1,DAPK1,p38 delta MAPK,PKD1,CLK2,MSK1,TAK1,STK33,TESK1,YES1,CHK2,PKC alpha 
56,PKA,S6K1,NUAK1,PKB alpha ,MSK1,ROCK 2,PRK2,RSK1,STK33,PKB beta ,ERK8,VEGFR1,CHK2,AMPK (hum),DYRK3,SGK1,RSK2,CHK1,GCK,AMPK,FGF-R1,MARK3,BRSK2,PKD1,MINK1,PKC zeta ,MARK2,PKC gamma ,MELK,BRSK1,IRAK1,CDK2-Cyclin A,DAPK1,Aurora B,MKK2,CAMK1,MST3,MAP4K3,SIK2
286,EPH-B2,EPH-B1,FGF-R1,Src,BRK,SIK3,EPH-B4,SIK2,EPH-A2,EPH-A4,DDR2,ABL,RIPK2,YES1,PKD1,VEGFR1,TESK1,PAK2,MINK1,EPH-B3,HER4,p38 beta MAPK,JNK2,GCK,BTK,p38 alpha MAPK,MARK3,TAO1,CHK2,JNK3,RSK1,CSK,MST3,MLK1,TIE2,Lck
254,MKK1,TAK1,VEGFR1,MKK2,ERK8,PKD1,MKK6,PRAK,ERK2,MNK2,BRK
172,ERK8,JAK2,TAK1,CDK2-Cyclin A,Aurora A,DYRK2,IKK beta ,CLK2,Lck,IGF-1R,IR,DAPK1,SGK1,EPH-B1,ROCK 2,MLK3,GSK3 beta ,PRK2,IKK epsilon ,EPH-B3,CAMK1,HIPK1,HIPK2,EPH-B2,RIPK2,CHK1,DYRK3,MINK1,HIPK3,SYK,EPH-B4,VEGFR1,GCK,JNK1,PHK,Src,TrkA,MARK3,BTK,EPH-A4,Aurora B,TBK1,PKD1,MKK1,NUAK1,YES1,p38 beta MAPK,FGF-R1,AMPK,RSK1,DYRK1A,PIM3,BRSK2,TAO1,PKC alpha ,PIM1,PAK5,IRR,MNK1,CSK,S6K1,CK2,MST2,MLK1,EPH-A2,MARK4,ASK1,MARK1,TTK,JNK3,PAK4,JNK2,HER4,MNK2,PRAK,PAK2,IRAK4,RSK2,SmMLCK,MKK2,BRSK1,MSK1,PKB beta ,CAMKK beta ,PKB alpha 
64,MINK1,MLK3,PHK,Aurora B,Aurora A,IKK epsilon ,IRAK4,RIPK2,MST2,GCK,MLK1,AMPK,VEGFR1,ERK8,TBK1,CLK2,JAK2,CHK2,EPH-B3,TAO1,TrkA,RSK1,BRSK2,MARK3,MARK1,HIPK2,Lck,MNK1,BRSK1,NUAK1,MNK2,MARK2,NEK2a,PAK4,MARK4,YES1,EPH-A4,BTK,MST4,FGF-R1,EPH-B2
74,PIM1,PIM3,PKC alpha ,RSK2,IKK epsilon ,TBK1,MST2,MSK1,PDK1,S6K1,GSK3 beta ,RSK1,AMPK,HIPK2,ERK8,PRK2,Aurora B,CAMKK beta ,PHK,MKK1,MST4,VEGFR1,CHK1,PIM2,DYRK1A,SmMLCK,IGF-1R,CHK2,DYRK2,CDK2-Cyclin A
78,PRK2,BRSK2,ROCK 2,PIM1,PIM3,MSK1,RSK1,S6K1,CDK2-Cyclin A,CAMK1,RSK2,PKA,CK2,PKC alpha ,MNK1,DYRK3,SmMLCK,AMPK,PRAK,MNK2,PIM2,HIPK2,PKB alpha ,DYRK1A,PHK,PKD1,ERK8,PKC zeta 
300,AMPK,MARK3,MARK4,DDR2,AMPK (hum),NUAK1,FGF-R1,SIK2,IGF-1R,CLK2,MELK,SIK3,ULK2,Src,JAK2,EPH-A2,EPH-B1,IR,MLK1,CSK,Aurora B,MLK3,TAK1,Lck,EPH-A4,PKD1,MARK2,YES1,TrkA,VEGFR1,MST4,EPH-B4,STK33,TIE2,MST2,Aurora A,BTK,RSK1,CAMKK beta ,PHK,TSSK1,MST3,EPH-B2,ERK8,ULK1,PDK1,CDK2-Cyclin A,MARK1,RSK2,IKK epsilon ,MAP4K3,CHK1,PDGFRA,PAK5,OSR1,CDK9-Cyclin T1,ABL,PRK2,ERK2,PAK4,MAP4K5,TTK,MSK1,TAO1,IRAK4,DYRK1A,IRR
202,MARK3,MLK3,MARK1,MARK2,TBK1,NUAK1,JAK2,MLK1,CAMKK beta ,CLK2,IKK epsilon ,MELK,AMPK,PHK,Aurora A,MARK4,ERK8,RSK1,PDK1,CDK2-Cyclin A,TrkA,PKD1,MNK2
277,ABL,Lck,OSR1,p38 alpha MAPK,Src,EPH-B2,VEGFR1,CAMK1,TAK1,JNK2,MINK1,IGF-1R,p38 delta MAPK,BRK,CSK,EPH-A4,EPH-B3,FGF-R1,p38 beta MAPK,GCK,MLK3,YES1,p38 gamma MAPK,SYK,S6K1,HIPK2,JNK1,RIPK2,EPH-A2,IR,HIPK3,MSK1,CAMKK beta ,EIF2AK3,ROCK 2,TAO1,HIPK1,JNK3,MST4,IRAK1,BTK,HER4,RSK1,PKD1,MLK1,JAK2,EPH-B4,TrkA,ERK8,IKK beta ,IRR,PKB beta 
216,CAMK1,RSK1,MINK1,PKB beta ,ERK8,PKD1,PHK,ERK2,MNK2,MNK1,DYRK3,BRSK2,Lck,ERK1,SmMLCK,MARK4,DYRK2,CDK2-Cyclin A,TSSK1,MARK3,MKK6,NUAK1,CK1 delta ,PRK2,AMPK,DYRK1A,ASK1,MAPKAP-K2 ,IKK beta ,BRSK1,TBK1,JNK3,MARK2,JNK2,JNK1,DAPK1,MELK,GCK,NEK6,PIM3,SRPK1,IKK epsilon ,EPH-A4,MKK1,p38 delta MAPK
319,SYK,IGF-1R,CK1 delta ,PIM1,PAK5,MLK1,CAMK1,PIM3,CLK2,GCK,Src,YES1,IR,MKK2,SIK2,PAK6,MAP4K3,BRK,EPH-B2,MKK1,ERK8,DAPK1,MLK3,MARK3,DYRK3,EPH-A4,TrkA,SmMLCK,IRAK4,MINK1,TAK1,Lck,CHK2,NUAK1,MST2,BTK,PRK2,ZAP70,PKD1,CHK1,PAK4,IRR,PINK,ERK2,JAK2,HER4,ERK5,TAO1,PKC alpha ,TSSK1,MST3,TESK1,ERK1,MAP4K5,IRAK1,STK33,ULK1,PHK,SIK3,CDK2-Cyclin A,CAMKK beta ,RIPK2,ROCK 2,AMPK (hum),MELK,ULK2,CDK9-Cyclin T1,EPH-A2,PKC gamma ,MARK2,MARK4,MST4,DDR2,RSK1,RSK2,CK1 gamma 2,IKK epsilon ,MKK6,MNK2,LKB1,CK2,MARK1,PDGFRA,OSR1,p38 gamma MAPK,S6K1,EPH-B4,MSK1,GSK3 beta ,JNK1,DYRK1A,NEK2a,EPH-B1,JNK2,JNK3,p38 delta MAPK,PAK2,TTK,CSK,PKB alpha ,TTBK2
95,DYRK2,DYRK3,PIM3,HIPK2,PIM1,MELK,ERK8,HIPK3,BRSK2,CHK2,RSK1,S6K1,SmMLCK,MSK1,AMPK,DYRK1A,RSK2,ROCK 2,PRK2,PHK,Aurora B,SGK1,PIM2,JAK2,CAMKK beta ,MST2,CHK1,CAMKK alpha ,Aurora C,TAO1,MNK2,CDK2-Cyclin A,MLK3,GSK3 beta ,CAMK1,MARK3,MLK1,CK1 delta ,IKK beta ,Src,HIPK1,CK2,IR
339,DYRK1A,CLK2,ERK8,PIM1,PRK2,GCK,DYRK2,DYRK3,MINK1,CDK2-Cyclin A,IRAK1,RIPK2,CAMKK beta ,CHK2,TSSK1,ROCK 2,AMPK (hum),NEK2a,p38 gamma MAPK,MAP4K3,MELK,NUAK1,CHK1,Aurora B,HIPK2,TAO1,SGK1,MNK2,SmMLCK,PIM3,RSK1,PKD1,S6K1,IKK epsilon ,MKK1,HIPK1,HIPK3,CK2,TBK1,BRSK2,PKC gamma ,PHK,MST4,VEGFR1,BRSK1,ERK5,MSK1,p38 delta MAPK,DAPK1,ASK1,ERK1,GSK3 beta ,MLK3,STK33,MARK3,PAK4,MAP4K5,MKK2,RSK2,ULK2,MAPKAP-K2 ,IRAK4,JAK2,CDK9-Cyclin T1,MNK1,ERK2,PIM2,YES1,IGF-1R,ULK1,PKA,MARK1,MST2,CK1 gamma 2
278,Src,DDR2,ABL,BRK,EPH-A4,EPH-B4,YES1,SIK2,EPH-B1,RIPK2,EPH-A2,BTK,MAP4K5,CSK,TrkA,MINK1,HER4,EPH-B2,SIK3
266,MSK1,PKB alpha ,S6K1,PRK2,PIM1,PKA,RSK1,PIM3,ROCK 2,IRR,CLK2,SGK1,PKC zeta ,GSK3 beta ,MELK,ERK8,AMPK,PKC alpha ,AMPK (hum),DAPK1,DYRK1A,PKB beta ,PLK1,BRSK1,BRSK2,TSSK1,HIPK2,ULK1,PKC gamma 
352,S6K1,RSK1,MSK1,MAP4K3,SGK1,MLK1,MELK,CAMK1,RSK2,CHK2,MLK3,IKK epsilon ,PKB beta ,STK33,PKD1,HIPK3,HIPK2,ERK8
353,S6K1,RSK1,SGK1,MSK1,CHK2,MELK,MLK1,MLK3,CAMK1,IKK epsilon ,RSK2,MAP4K3,HIPK2,PKB beta ,STK33,ERK8
356,S6K1,SGK1,MAP4K3,CAMK1,RSK1,CHK2,MLK1,MSK1,MLK3,MELK,PKD1,AMPK (hum),TIE2,ERK8,MAP4K5,SmMLCK,RSK2,IKK epsilon ,MKK2,ULK2,PKB alpha ,HIPK2,MST4
115,YES1,CHK2,Src,CSK,Lck,FGF-R1,Aurora B,MKK1,RSK1,Aurora C,SmMLCK,MNK2
120,Aurora C,S6K1,Aurora B,RSK1,CHK2,MST2,TBK1,PHK,BRSK2,ERK8,CHK1,AMPK,FGF-R1,IKK epsilon ,YES1,MKK1,ROCK 2,CK1 delta ,RSK2,PDK1,MARK3,PIM3,SRPK1,MELK,PRK2,HIPK2,MSK1,Src,IRR,CAMKK beta ,PAK4,GSK3 beta ,Lck,SGK1,MNK1,CAMK1,IKK beta ,PRAK,PKD1,NEK2a,CDK2-Cyclin A,PKA,CK2,DYRK2,PAK5,MST4
122,PDK1,MST2,PKC alpha ,PHK,MARK3,PIM3,AMPK,PRK2,CHK1,CAMKK beta ,RSK1,BRSK2,RSK2,PAK4,PAK5,PAK6,CDK2-Cyclin A,Lck
127,MST2,PKD1,CHK1,MKK1,RSK1,PDK1,RSK2,GCK,MLK3,MARK3,TAK1,NEK2a,IKK epsilon ,JAK2,CHK2,MINK1,TBK1,PHK,ROCK 2,MST4,PRK2,MKK2,CAMK1,ERK8,VEGFR1,AMPK,PIM3,PAK4,ASK1,PKC alpha ,HIPK2,GSK3 beta ,Lck,PAK5,NUAK1,PLK1,MLK1,CLK2,TAO1,FGF-R1,ERK1,IKK beta ,IR,SmMLCK,S6K1,MELK,EPH-B3,MARK1,PRAK,PIM1,IRR,PKC zeta ,SYK,IGF-1R,MARK4,MEKK1,TTK,CK1 delta ,IRAK4,HER4,ERK2,BTK,PAK2
177,MKK1,MKK2,TAK1,ERK8,VEGFR1,MKK6,MNK1,PRAK,TrkA,BRK,MNK2,IRAK4,Lck,PKD1,RIPK2,Src,EPH-A4,EF2K
5,PKB beta ,PRK2,PKB alpha ,PKA,DYRK1A,ROCK 2,DYRK3,MSK1,PIM3,PIM1,PIM2,PKD1,HIPK2,DYRK2,RSK2,SmMLCK,ERK8,PKC alpha ,MST2,CDK2-Cyclin A,RSK1,S6K1,GSK3 beta 
219,VEGFR1,Aurora A,NEK2a,Src,JAK2,EPH-B1,EPH-B4,ERK8,Lck,TSSK1,IRAK1,EPH-A4,GSK3 beta ,CK2,MLK1,BRK,EPH-B2,IGF-1R,RSK1,CDK2-Cyclin A,YES1,ABL,TBK1,MLK3,FGF-R1,RSK2,PAK4,DYRK3,HIPK2,Aurora B,CLK2,TIE2,TrkA,PHK,CHK2,DYRK1A,MKK1,NUAK1,SYK,TAK1,PAK2,RIPK2,BTK,DAPK1,MARK3,DYRK2,EPH-B3,MNK1,MNK2,BRSK1,HIPK1,HER4,IKK epsilon ,PAK5,HIPK3,CHK1,IRAK4,IR,AMPK,ZAP70,STK33,MARK4,PAK6,TESK1,ROCK 2,PKA,CAMK1,PRK2,MELK,EPH-A2,MKK2,S6K1,CAMKK beta ,MARK2,GCK,MARK1,EIF2AK3,JNK2,MSK1,BRSK2,IRR,PDK1,JNK1,CSK,JNK3,TLK1,MPSK1,PKD1
310,PAK4,MAP4K3,MLK3,HIPK1,PAK5,PAK6,MAP4K5,MLK1,TAK1,TAO1,TTBK1,PKD1,MARK3,JAK2,TTBK2,TSSK1,CK1 delta ,CHK2,MINK1,MKK1,VEGFR1,EIF2AK3,CLK2,IKK epsilon ,GSK3 beta ,SmMLCK,NUAK1,p38 gamma MAPK,GCK,MARK1,MKK2,MARK4,HIPK2,MARK2,MKK6,PKB beta ,ERK5
279,NUAK1,CLK2,GCK,DYRK1A,MLK3,GSK3 beta ,MAP4K3,MINK1,TAK1,YES1,VEGFR1,MAP4K5,CK1 delta ,Lck,TrkA,IRAK1,RIPK2,Src,SIK2,ERK8,AMPK (hum),IRR,PRK2,MLK1,ABL,FGF-R1,IGF-1R,SmMLCK,S6K1,BRSK2,BRSK1,HIPK2,MST2,PHK,AMPK,STK33,MNK2,TAO1,MARK3,MELK,JAK2,DDR2,MSK1,HIPK1,PKD1,PKC alpha ,IKK epsilon ,IRAK4,MARK2,ERK5,PKC gamma ,MNK1,ULK2,BTK,CAMKK beta ,DYRK3,CK1 gamma 2,EPH-B2,CDK2-Cyclin A,MST4,TIE2,RSK1,TBK1,TGFBR1,MARK4,LKB1,MARK1,PIM1
166,CLK2,TAK1,GSK3 beta ,MINK1,MLK3,DYRK1A,GCK,ERK2,NUAK1,MLK1,ROCK 2,PAK4,HIPK2,DAPK1,PKD1,RIPK2,HIPK1,YES1,IGF-1R,JNK1,PRAK,MELK,ERK1,PAK5,IRR,MKK1,SmMLCK,SRPK1,HER4,PKC alpha ,CHK2,CK1 delta ,IR,HIPK3,EPH-B4,MST2,VEGFR1,ERK8,LKB1,TTK,EPH-B2,MARK3,MARK2,TrkA,PRK2,CHK1,CAMKK beta ,MEKK1,BTK,RSK1,IKK epsilon ,PAK6,JNK2,CDK2-Cyclin A,MST4,p38 delta MAPK,MARK1,p38 gamma MAPK,CAMK1,S6K1,PIM1,PIM3,Aurora B,JAK2,NEK2a,IRAK4,JNK3,SGK1,MARK4,TBK1
135,ERK8,DYRK2,DYRK1A,CK2,DYRK3,HIPK1,GSK3 beta ,HIPK2,HIPK3,CLK2,GCK,PIM2,DAPK1,PIM1,MSK1,PIM3,MINK1,RIPK2,CAMKK beta ,PLK1,VEGFR1,MLK3,IRR,PKC alpha ,RSK1,SmMLCK,TAO1,ROCK 2,MLK1,RSK2,SRPK1,AMPK
41,DYRK2,PHK,DYRK1A,DYRK3,MLK3,CLK2,GCK,RIPK2,HIPK2,ERK8,PIM1,PIM3,MINK1,RSK1,CHK2,PIM2,MLK1,PKB beta ,VEGFR1,IKK epsilon ,IRR,CAMK1,TrkA,CAMKK beta ,Aurora A,TTK,RSK2,S6K1,YES1,FGF-R1,HIPK3,IRAK4,BTK,MELK,MEKK1,SRPK1,MST2,HER4,NUAK1,SmMLCK,TAO1,DAPK1,PKC alpha ,HIPK1,TAK1,ROCK 2
222,JNK1,CHK2,VEGFR1,JNK2,CAMKK beta ,PHK,Aurora B,MLK1,IGF-1R,Aurora A,TSSK1,PAK4,DAPK1,MLK3,RSK1,JNK3,MARK3,HER4,DYRK2,IRAK4,ERK8,SIK2,SmMLCK,BRSK2,STK33,PLK1,NUAK1,YES1,JAK2,MARK1,BRSK1,IR,FGF-R1,DDR2,CHK1,PRK2,HIPK2,GCK,IRAK1,S6K1,AMPK,TTK,TIE2,PAK5,SYK,RSK2,DYRK3,MARK2,PKD1,BTK,IRR,EIF2AK3,MARK4,MELK,ZAP70,MKK6,MNK1,MNK2,MST2,TAO1,RIPK2
290,CHK2,NUAK1,TAK1,IR,PHK,TSSK1,MLK1,MLK3,SmMLCK,CAMKK beta ,RSK1,RSK2,DAPK1,CLK2,ASK1,PKD1,CHK1,VEGFR1,BRK,DYRK2,TBK1,Aurora B,SIK2,MAP4K3,STK33,MNK2,IKK epsilon ,CAMK1,GCK,AMPK (hum),MKK6,IGF-1R,ERK5,PAK4,TTK,SYK,HIPK1,JAK2,BRSK2,PLK1,MARK3,MELK,MNK1,ULK1,DYRK1A,MSK1,JNK1,JNK3,BRSK1
291,TAK1,CHK2,IR,CLK2,TSSK1,MLK1,SmMLCK,PHK,IGF-1R,NUAK1,DYRK2,MLK3,PKD1,CAMKK beta ,DAPK1,ASK1,RSK1,VEGFR1,MNK2,BRK,Aurora B,RSK2,CHK1,GCK,MNK1,TBK1,ERK8,HIPK2,STK33,MKK6,TTK,SIK2,MAP4K3,DYRK1A,MELK,PLK1,ERK5,PAK4,GSK3 beta ,AMPK (hum),SYK,JNK1,JNK3,ERK1,PRAK,HIPK1
158,PDK1,NUAK1,BRSK1,DAPK1,BRSK2,MELK,PKC zeta ,ROCK 2,RSK2,Aurora B,PKB alpha ,SGK1,RSK1,STK33,AMPK,MLK3,IKK epsilon 
153,ROCK 2,MSK1,RSK1,PRK2,PKC zeta ,GSK3 beta ,PKA,S6K1,HIPK2,RSK2,ERK8,PIM1,NUAK1,MEKK1
152,ROCK 2,MSK1,RSK1,S6K1,PRK2,RSK2,CDK2-Cyclin A,HER4,NUAK1
53,ROCK 2,PRK2,Aurora B,Aurora C,RSK1,PHK,AMPK,PKA,FGF-R1,BRSK2,MSK1,RSK2,EPH-A2,MNK1,MARK3,MELK,NUAK1,LKB1
61,DYRK1A,DYRK3,DYRK2,IRR
63,MLK3,MLK1,VEGFR1,Aurora B,TAK1,CDK2-Cyclin A,NUAK1,IKK beta ,GCK,JAK2,IGF-1R,BTK,Aurora A,MST2,EPH-B3,MKK2,MINK1,IRAK4,ASK1,Src,YES1,CHK2,MEKK1,EPH-B1,FGF-R1,EPH-B2,MST4,DAPK1,TAO1,EPH-A4,HER4,MKK1,RSK1,ERK8,AMPK,TrkA,BRSK1,RIPK2,IKK epsilon ,PHK,EPH-A2,LKB1,PAK4,PDK1,EPH-B4,CAMK1,CLK2,RSK2,Lck,PIM2,TBK1,PIM3,SYK,CHK1,PIM1,PAK5,PRK2,SmMLCK,BRSK2,PKC alpha ,MARK1,MARK3,MELK,PKD1,IR,GSK3 beta ,HIPK2,PAK6,DYRK2
65,IRAK4,CLK2,CK1 delta ,IRAK1,MINK1,TAK1,TrkA,DYRK1A,MLK3,GCK,PHK,VEGFR1,CAMKK beta ,DYRK3,SRPK1,MLK1,IRR
226,EPH-B1,EPH-B2,Src,BRK,EPH-B4,MLK1,SIK2,SIK3,DDR2,YES1,EPH-A2,EPH-A4,RIPK2,FGF-R1,BTK,MLK3,HER4,TESK1,GCK,EPH-B3,VEGFR1,MINK1,CHK2,ABL,CSK,Lck,PKA,PAK2,TIE2
73,CK2,PIM3,PIM1,PLK1,HIPK2,GSK3 beta ,DYRK1A,HIPK3,CK1 delta ,PIM2,RSK1,DYRK3,Lck,ERK8,PHK,SmMLCK,CDK2-Cyclin A,BRSK2,EF2K,PRK2,IKK beta ,PKC alpha ,CAMKK beta 
351,CLK2,TSSK1,NUAK1,JNK3,ASK1,CAMK1,CHK2,STK33,PRAK,SmMLCK,CAMKK beta ,PHK,ERK5,JNK1,JNK2,AMPK (hum),PIM3,PKD1
211,RIPK2,VEGFR1,CSK,BRK,HER4,Src,Lck,TIE2,Aurora A,EPH-B2,Aurora B,YES1,TrkA,FGF-R1,NUAK1,MST4,MLK1,EIF2AK3,MLK3,IRR,PKD1,IR,CAMK1,CHK2,NEK2a,GCK,TESK1,ABL,EPH-B4,MST2,PAK4,BTK,SmMLCK,EPH-A4,RSK1,BRSK1,PAK5
213,MKK1,JAK2,MKK2,VEGFR1
262,MAPKAP-K2 ,PIM3,AMPK (hum),BRSK2,DYRK1A,CHK2,AMPK,CLK2,ASK1,DAPK1,PIM1,SRPK1,GCK,PRAK,IRAK4,MNK2,IRAK1,CAMKK beta ,BRSK1,MAPKAP-K3,ERK8,STK33,RIPK2,DYRK3,MINK1,MAP4K3,IKK epsilon ,PKD1,MARK4,RSK2
90,Lck,EPH-B1,EPH-B3,RIPK2,CSK,EPH-B4,Src,EPH-A4,BTK,EPH-B2,YES1,CK1 delta ,HER4,FGF-R1,EPH-A2,MKK1,p38 alpha MAPK,p38 beta MAPK,VEGFR1,PKA,MELK,MKK2,PKC alpha ,TrkA,MSK1,MLK3,SmMLCK
93,Src,CDK2-Cyclin A,CLK2,MLK1,PAK4,YES1,ERK8,MLK3,TrkA,TAK1,CAMKK beta ,IRAK4,DYRK1A,MST2,PAK5,EPH-B2,SRPK1,BTK,IRR,Lck,SmMLCK,MEKK1,EPH-B4,IGF-1R,GCK,ABL,EPH-A4,RSK1,MST4
181,CDK2-Cyclin A,Src,CLK2,MLK1,ERK8,IR,MLK3,TrkA,PIM3,YES1,DYRK1A,SRPK1,TAK1,IRAK4,PAK4,IGF-1R,BTK,TTK,EPH-A4,IRR,PAK5,CAMKK beta ,ABL,ERK2,STK33,EPH-B2,MEKK1,RSK1,MST4,CHK2,EPH-B4,Lck,VEGFR1,LKB1,EPH-A2,EPH-B3,GCK,Aurora A
189,JAK2,MARK3,PHK,TrkA,IRAK1,CLK2,Aurora A,NUAK1,MSK1,DAPK1,MLK1,FGF-R1,ROCK 2,MNK2,MARK2,MELK,GCK,TTK,MLK3,EPH-B1
345,S6K1,SGK1,MLK3,MLK1,TIE2,GCK,MAP4K5,TAK1,Aurora B,MAP4K3,MSK1,PAK4
117,ERK8,CAMKK beta ,DAPK1,GSK3 beta ,MNK1,PIM2,CK2,GCK,MLK3,VEGFR1,DYRK1A,RIPK2,CHK2,PIM3,TBK1,IKK epsilon ,AMPK,EF2K,DYRK2,NUAK1,DYRK3,MEKK1,CLK2,PIM1,MLK1,PHK,IRR,IR,MKK1,CK1 delta ,TAK1,MINK1,YES1,HIPK2
259,PHK,Aurora A,FGF-R1,CHK2,NUAK1,CLK2,YES1,IGF-1R,CAMKK beta ,TIE2,BRK,MARK2,MARK3,Lck,EPH-B1,HER4,RSK1,BRSK1,TSSK1,MLK1,JAK2,BRSK2,PKD1,CHK1,IRAK1,VEGFR1,MARK1,MINK1,EPH-A4,RSK2,TAK1,STK33,IRAK4,OSR1,TrkA,IR,GCK,PRK2,MARK4,Src,MELK,MST2,TAO1,EPH-B2,EPH-B4,ERK8,EPH-B3,AMPK,MLK3,EPH-A2,JNK1,SYK,MKK1,MKK2,CSK,PAK5,CAMK1,JNK3,CDK2-Cyclin A,PLK1,BTK,ABL,ERK2,ROCK 2,SmMLCK,NEK2a,PAK4,MSK1,SRPK1,TTK
169,DYRK2,DYRK1A,CLK2,DYRK3,CK1 delta ,PIM1,PIM3,PKD1,ERK8,IRR,GSK3 beta ,PIM2,TAO1
340,PLK1,CAMKK beta ,SmMLCK,CLK2,PKD1
125,Lck,MELK,Src,Aurora B,Aurora C,PAK4,MST2,RSK2,PHK,RSK1,PAK5,MKK1,CSK,PIM3,CAMKK alpha 
2,Src,CK1 delta ,CSK,Lck,PKD1,MST2,p38 alpha MAPK,p38 beta MAPK,PAK5,MELK,ROCK 2,MARK3,CHK2,PAK4,PKC alpha ,MSK1,PKB alpha 
3,PKD1,Lck,CSK,PKA,Src,p38 alpha MAPK,MST2,CK1 delta ,p38 beta MAPK,MELK,ERK2,CDK2-Cyclin A,CHK2,ERK1,CAMK1,PAK5,ERK8,PAK4
154,HER4,YES1,VEGFR1,MNK1,Src,RIPK2,IRAK4,p38 alpha MAPK,SmMLCK,MINK1,BTK,Aurora A,EPH-A2,PHK,CHK2,DYRK3,MLK1,PIM3,PKD1,DYRK2,Lck,MST2,MNK2,p38 beta MAPK,ERK2,NUAK1,PIM1,TBK1,BRSK1,BRSK2,GCK,FGF-R1,DYRK1A,Aurora B
10,GSK3 beta ,CDK2-Cyclin A,PHK,CHK2,YES1,SYK,PAK4,TBK1,BRSK2,IRR,PAK5,FGF-R1,PKC zeta 
11,GSK3 beta ,CDK2-Cyclin A,ERK8,IRR,DYRK1A
20,p38 alpha MAPK,JNK2,p38 beta MAPK,VEGFR1,RSK1,p38 gamma MAPK,FGF-R1,p38 delta MAPK,BRSK2,RSK2
23,IKK epsilon ,Aurora B,TBK1,Aurora C,PDK1,MARK3,MELK,AMPK,FGF-R1,ERK8,CAMKK beta ,GSK3 beta ,BRSK2,PAK4,MKK1,MNK2,CHK1,CDK2-Cyclin A,RSK1,PAK5,Src,RSK2,Lck,PRK2,DYRK3,p38 beta MAPK,SGK1,CHK2,PKD1,CAMKK alpha 
138,DYRK2,DYRK3,ERK8,CK2,DYRK1A,HIPK3,HIPK2,HIPK1,CLK2,GSK3 beta ,PLK1,PIM1,GCK,DAPK1,MELK,MSK1,IRR,VEGFR1,TAO1,RIPK2,PIM3,MKK1,PIM2,CHK2,SGK1,Aurora B,CK1 delta ,SmMLCK,CAMKK beta ,JAK2,CDK2-Cyclin A,S6K1
204,JAK2,PRK2,NUAK1,Lck,MARK3,FGF-R1,ROCK 2
42,CK1 delta ,p38 alpha MAPK,PKD1
217,Aurora B,PLK1,BRSK1,NUAK1,PRK2,MST2,ERK8,SIK2,RIPK2,MEKK1,FGF-R1,VEGFR1,BRSK2,NEK2a,MLK3,GCK,Lck,SIK3,MLK1,TIE2,PIM3,CHK2,DAPK1,SmMLCK,CLK2,MARK3,DYRK2,BTK,ASK1,DYRK3,GSK3 beta ,PIM1,RSK2,TAK1,CSK,TrkA,MINK1,AMPK,Src,IRAK4,CAMKK beta ,MELK,YES1
67,GSK3 beta ,PAK4,PAK5,CDK2-Cyclin A,PHK,CHK2,PIM3,Lck,MARK3,Src,PAK6,BRSK2,MST2,ROCK 2,PIM1,Aurora B
71,PDK1,PHK,PIM3,PRK2,PKD1,MNK2,Aurora B,BRSK2,MELK,Aurora C,AMPK,RSK1,CHK1,RSK2,SGK1,MKK1,MST2,CAMKK beta ,MAPKAP-K2 ,MARK3,PAK4,JNK1,DYRK1A,MSK1,DYRK3,PIM1,JNK3,PKA
203,PIM1,PIM3,GSK3 beta ,DYRK2,HIPK2,CK2,DYRK3,CLK2,DAPK1,PIM2,ERK8,ROCK 2,MKK2,PRK2,IRAK4,BTK,CHK2,MSK1,TrkA,S6K1,MLK1,MLK3,VEGFR1,IRAK1,MKK1,STK33,HIPK1,RSK1,MNK2,PAK4,SmMLCK,TTK,JNK3,IR,BRK,BRSK2,DYRK1A,MELK,MST4,GCK,IGF-1R,Aurora A,HER4,MARK4,JAK2,IRR,PHK,CK1 delta ,HIPK3
214,MKK1,JAK2,MKK2,VEGFR1
83,MKK1,JAK2,MKK2
223,Src,MINK1,CAMK1,Lck,CSK,BRK,MLK1,RIPK2,p38 alpha MAPK,YES1,GCK,DYRK1A,TESK1,VEGFR1
97,CDK2-Cyclin A,ERK8,DYRK1A,CK1 delta ,PAK4,IRR,ERK2,IR,CAMKK beta 
349,S6K1,SGK1,MLK3,MLK1,TIE2,MAP4K5,MAP4K3,MSK1,GCK,ERK8,Aurora B,HIPK2,TAK1,PAK4,RSK1,CHK2
118,PHK,Aurora B,MST2,CHK2,RSK1,SGK1,RSK2,IR,MLK3,S6K1,CK1 delta ,MKK1,SmMLCK,MEKK1,TrkA,Lck,CHK1,VEGFR1,MARK3,CLK2,MINK1,NUAK1,IRAK4,AMPK,MLK1,DYRK1A
128,PRK2,ROCK 2,AMPK,RSK1,MNK1,MSK1,RSK2,MST2,PHK,CDK2-Cyclin A
6,MLK3,PIM1,PIM3,MINK1,DYRK3,CAMK1,MEKK1,MAPKAP-K3,HER4,RSK1,NUAK1,Src,BTK,PKB beta ,VEGFR1,IKK epsilon ,YES1,RSK2,EPH-B2,MST4,GCK,PRAK,GSK3 beta ,PIM2,MLK1,TAO1,MKK2,NEK2a,HIPK2,SmMLCK,MST2,MELK,Aurora B,ERK8,PKD1,PLK1,DYRK1A,MKK1,PKC zeta ,BRSK2,TrkA,TBK1,Aurora C,MAPKAP-K2 ,CLK2,JAK2,CHK2,DYRK2,IRAK4,SRPK1,HIPK1,SYK,PAK4,S6K1,MARK3,MSK1,IKK beta ,PAK5,EPH-A2,PKA,CHK1,HIPK3,MARK4,CSK,CAMKK beta ,SGK1,TTK,ROCK 2,ERK2,MARK2,EPH-B4,FGF-R1
17,NEK2a,PLK1,MELK,PKD1,CAMKK beta ,SmMLCK,IGF-1R,CLK2,EIF2AK3,CHK2,RSK2,CK1 delta ,PHK,RSK1,HIPK2,Lck,NEK6,IRAK4,CAMK1
28,CK1 delta ,MNK1,BRSK2,Aurora B,MKK1,PIM3,Lck,YES1,ERK8,ERK1,CHK1,CDK2-Cyclin A,MNK2,Src,EPH-A2,PHK,DYRK2,FGF-R1,PIM1,PDK1,DYRK3,IRR,CHK2,RSK1,SGK1,RSK2,MST2,Aurora C,MARK3
173,IKK beta ,JAK2,RSK1,CDK2-Cyclin A,CLK2,ERK8,RSK2,PIM2,PIM1,TrkA,NUAK1,SmMLCK,PIM3,CAMK1,MELK,Lck,IR,MST2,CHK2,IGF-1R,YES1,TAK1,DYRK3,GCK,Aurora B,MLK3,PKD1,BRSK2,DAPK1,MEKK1,AMPK
252,JNK1,IRAK1,JNK3,CLK2,JNK2,ERK8,GCK,CDK9-Cyclin T1,VEGFR1,CK1 delta ,CAMKK beta ,NUAK1,ULK1,MLK1,TAK1,RIPK2,HIPK2,MELK,ULK2
92,IKK beta ,PIM3,PIM1,ERK8,MNK1,GSK3 beta ,DYRK1A,PIM2,DYRK3
102,GSK3 beta ,TBK1,ERK8,MST2,CDK2-Cyclin A,MST4,FGF-R1,IKK epsilon ,MKK1,RSK2,CAMKK beta ,MARK3,DYRK1A,RSK1,AMPK,IRR,PIM1,BRSK2,PKC alpha ,PRK2,PIM2,PIM3
344,SGK1,S6K1,TIE2,MLK3,HIPK2,MLK1,MSK1,PAK4,MAP4K5,ERK8,GCK,HIPK3
343,SGK1,S6K1,MLK3,TIE2,MLK1,ERK8,PAK4,MAP4K5,CAMK1
141,NEK2a,ERK8,PKB beta ,DYRK1A,MST4,CAMK1,FGF-R1,HER4,VEGFR1,IKK epsilon ,MINK1,BTK,NUAK1,PAK2,Aurora A,RSK2
124,p38 alpha MAPK,p38 beta MAPK,PHK
311,MLK3,MLK1,CHK2,SmMLCK,PIM3,VEGFR1,SRPK1,TBK1,IKK epsilon ,IGF-1R,CK1 gamma 2,IR,CAMKK beta ,DAPK1,MAP4K5,TrkA
250,PLK1,PRK2,NEK2a,PIM1,RSK1,NUAK1,BRSK1,BRSK2,PIM3,MLK1,TSSK1
183,Aurora A,CHK2,BRK,STK33,CAMKK beta ,p38 beta MAPK,Aurora B,NUAK1,OSR1,SmMLCK,MNK2,PKD1
185,CK2,PIM1,PIM3,SRPK1,DAPK1,Aurora A,BTK,VEGFR1,FGF-R1,CAMKK beta ,DYRK3,HER4,CK1 delta ,PIM2,p38 gamma MAPK,ERK8,CHK2,DYRK2,PAK4,IR,HIPK2,PKB beta ,DYRK1A,TrkA,IRAK1,MNK1,EIF2AK3,PAK6,JAK2,MKK1,GSK3 beta ,SYK,PRAK,TTK,BRSK2,NUAK1,MLK1,Src
151,PHK,CLK2,TAK1,CHK2,CK1 delta ,MKK2,TrkA,SmMLCK,YES1,VEGFR1,MKK1,GCK,MINK1,RSK1,MELK,AMPK,MLK3,Lck,IGF-1R,CHK1,MST2,DAPK1,NUAK1,HIPK2,IR,Aurora B,IRAK4,JAK2,FGF-R1,Src,MARK4,TBK1,MEKK1,CAMKK beta ,BTK,PKD1,MARK1,CAMK1
142,GCK,PKD1,IR,IGF-1R,GSK3 beta ,ROCK 2,CDK2-Cyclin A,CLK2,TAK1,ERK8,SYK,CAMKK beta ,DYRK3,RIPK2,MLK3,HIPK2,Aurora B,PRK2,PIM3,IRR,PKC alpha ,MKK1,CK2,MST2,NUAK1
46,CK1 delta ,PIM2,DYRK1A,Aurora B,MNK2,ERK8,SmMLCK,GSK3 beta ,GCK,RIPK2,MNK1,PIM3,DYRK3,SGK1,PIM1,PRK2,CLK2,Lck,MSK1,CK2,IRR,S6K1,DYRK2,CHK2,Src,JAK2
253,JNK1,JNK3,JNK2,ULK1,ULK2,YES1,NUAK1,RIPK2,Src
14,PIM3,ERK8,PKC zeta ,IKK beta ,SGK1,CAMK1,CDK2-Cyclin A,PIM1,PHK,DYRK3,PKC alpha ,MSK1,HIPK2,PRK2,SmMLCK,ROCK 2,PIM2,CK1 delta ,BRSK2,IRR,RSK1,CHK2,PKD1,YES1
16,ERK8,p38 alpha MAPK,HIPK2,Aurora B,HIPK3,p38 beta MAPK,Lck,Aurora C,MNK2,RSK1,Src,DYRK3
350,SGK1,PKA,MSK1,PRK2
48,Lck,EPH-B2,EPH-B3,RIPK2,MELK,EPH-A2,HER4,IR,YES1
54,PRK2,ROCK 2,RSK1,AMPK,MELK,MSK1,PKD1,RSK2,PKA,PKC alpha 
55,PRK2,ROCK 2,RSK1,AMPK,PKA,MELK,MSK1,DYRK3,RSK2,PKD1,PKB alpha ,GSK3 beta ,BRSK2,S6K1
261,MNK2,MLK1,TSSK1,NUAK1,DYRK2,PHK,DAPK1,PKD1,TAK1,STK33,JNK3,CAMKK beta ,VEGFR1,JNK1,BRK,Aurora B,TBK1,MLK3,CK1 delta ,MNK1,PRAK,CHK1,Aurora A,JNK2,SIK2,CK2,IR
184,RIPK2,VEGFR1,CK1 delta ,ABL,MINK1,p38 alpha MAPK,PKD1,GCK,BRK,Lck,TAK1,YES1,FGF-R1
215,PDK1,MLK3,MLK1
77,PIM3,PIM1,SmMLCK,PRK2,BRSK2,CK2,PIM2,HIPK2,IKK beta ,CAMK1,MSK1,S6K1
88,RIPK2,VEGFR1,YES1,MINK1,Aurora B,CLK2,Src,Aurora A,MELK,MKK2,GCK,CAMK1,CHK1,FGF-R1,MLK3,MLK1,Lck,SmMLCK,PAK2,MST2,ERK8,MKK1,JAK2,PAK4,HIPK2,PAK5,HER4
130,p38 alpha MAPK,EPH-B3,Lck,EPH-A2,p38 beta MAPK
162,VEGFR1,RIPK2,MINK1,p38 alpha MAPK,PKD1,FGF-R1,CK1 delta 
8,MELK,PLK1,PKB beta ,HIPK2,PIM1,PRAK,PHK,PIM3,ERK8,GSK3 beta ,CDK2-Cyclin A,CAMKK beta ,IRR,BTK,VEGFR1
15,RSK2,PKB beta ,Aurora A,CAMK1,NUAK1,MINK1,IKK epsilon ,VEGFR1,BRSK2
258,IRAK1,IRAK4,CLK2,TAK1,CK1 delta ,MINK1
354,MAP4K5,MINK1,PKD1,TSSK1,MAP4K3,TAK1,CAMK1,RIPK2,PDGFRA,TAO1,PAK4,MLK1,PAK5,MLK3,AMPK (hum)
206,MKK1,MKK2
160,HIPK2,DYRK1A,ERK8,CK2,MELK,GCK,DYRK3,PKD1,PLK1,TrkA,TAK1,PHK,CAMKK beta ,CDK2-Cyclin A,NUAK1,RSK1,IRR,SmMLCK,HIPK3,AMPK,JAK2,RSK2,MINK1,PIM3,DYRK2,VEGFR1,JNK2
182,VEGFR1,GCK,Aurora A,IRAK4,TrkA,NUAK1,MLK1,CHK2,RIPK2,MINK1,MLK3,GSK3 beta ,MELK,FGF-R1,PAK4,DYRK1A,CAMKK beta ,CDK2-Cyclin A,CLK2,SmMLCK
62,CK1 delta ,PIM3,PIM1,Lck
205,MKK2,JAK2,MKK1,RSK2,MAPKAP-K3,BRSK2,VEGFR1,PKB beta 
357,WNK1,DYRK2
44,Src,Lck,S6K1,MNK1,CAMKK beta 
161,RIPK2,CK1 delta ,p38 alpha MAPK,GCK,MLK3
116,SmMLCK,PIM1,PHK,CLK2,CAMK1,PIM3,IRAK4,DAPK1,IGF-1R,TrkA,RSK1,HIPK2,MLK1,CAMKK beta ,MEKK1,RSK2
315,PDGFRA,CLK2
285,PKB beta ,Aurora B,CAMK1,Aurora A,VEGFR1,MAPKAP-K3,TBK1,MAPKAP-K2 
327,Aurora B,BRSK2,DYRK3,MLK3,ERK2,TSSK1,PRAK,VEGFR1,MAP4K3
220,GCK,NUAK1,JAK2,RIPK2,NEK6,MELK,MST2,TrkA
45,MKK1,ERK8,HIPK2,CLK2,IRR,JNK1,CDK2-Cyclin A,DYRK2,YES1,SGK1,S6K1,IGF-1R,JNK2
150,MSK1,MKK1
134,IKK beta ,PIM1,CLK2,ERK8,DAPK1,DYRK1A,PIM3,VEGFR1,CAMK1,RIPK2,Aurora B,ROCK 2,DYRK2,GCK,MINK1,DYRK3,NUAK1,PRK2,MLK3,Aurora A,MELK,BRSK1,BTK,SmMLCK,IRR,PIM2,YES1,CAMKK beta ,IRAK4,FGF-R1,BRSK2,HER4,p38 gamma MAPK,TTK,JAK2,MNK1,MNK2,EPH-B3,PKD1,HIPK2
209,ASK1,CLK2
129,GSK3 beta ,PIM1,BRSK2,PIM3,Aurora B,MNK2,Lck,EPH-A2,ERK8,CDK2-Cyclin A,DYRK1A,PRK2,Src,YES1,MSK1,IRR,RSK1,PIM2,JNK2,MNK1
34,CK1 delta ,SGK1,MNK1,PIM1,PIM3,ERK8,AMPK,DYRK1A,MSK1,BRSK2,DYRK3,PRK2,RSK1,S6K1
57,ROCK 2,ERK8,RSK1,PRK2,MSK1,PKA,NUAK1,S6K1,DYRK3,RSK2,PKD1,CHK2,TAK1
84,MKK1,RSK1
103,PIM3,IKK beta ,ERK8,PIM1,PRK2,Aurora B,HIPK2,DYRK3,DYRK1A,PKD1,PIM2,ROCK 2,Aurora C
179,PIM3,PIM1,CAMK1,MLK1,MLK3,GCK,MINK1,HER4,p38 alpha MAPK,CHK2
207,VEGFR1,TrkA,IRAK4,TAK1,FGF-R1,MLK1,NUAK1,CLK2,MLK3,PIM3,HIPK1,CHK2,MST2,YES1,MKK2,Aurora A,JAK2,GCK,Lck,Src,MINK1,IR,MELK
147,ROCK 2,RSK1,MSK1,S6K1,PRK2,NUAK1,TAK1,CLK2,RSK2
159,PIM1,PIM3,DYRK1A,GSK3 beta ,ERK8,PIM2,MLK3,EF2K,PRAK,IKK epsilon 
157,CK1 delta ,MNK1,CK2,DYRK1A,DYRK2,RIPK2,DYRK3,BRSK1,Lck,IRR,HER4
114,Aurora B,MELK,CK1 delta ,PIM3,DYRK2,Aurora C,JNK1,JNK2,PKD1,SGK1,PHK,DYRK3,MST2,SmMLCK,HIPK2,PIM1,CAMKK beta ,DYRK1A,ERK8,BRSK2,CHK2,AMPK,JNK3,IKK beta ,CDK2-Cyclin A,MARK3
263,MINK1,MELK,MKK1,PIM1,GCK,PIM3,ERK8,MLK1,PRAK,GSK3 beta 
144,Aurora B,VEGFR1
321,ERK8,JAK2,Aurora B,TAK1,TAO1
293,CK1 gamma 2,MLK3,GCK,CHK2,Aurora B,CK1 delta ,MLK1,VEGFR1,JAK2,NUAK1,CLK2,MAPKAP-K2 ,SIK2,RIPK2,TSSK1,PAK4,ASK1,BRK,MAP4K3
201,IKK beta 
22,IKK beta ,ERK8,NUAK1,DYRK2
86,DYRK2,PIM1,DYRK1A,PIM3,CLK2,MLK1,MLK3,IR,MST2,DYRK3,SmMLCK,BRSK2,NEK2a,BRSK1,VEGFR1,NUAK1,FGF-R1,Src,HIPK2
342,HER4,MAP4K5,CHK2,Src
265,CK1 delta ,RIPK2,BRK,Lck,MINK1,TIE2,ABL,ROCK 2
7,SGK1,DYRK1A,PIM3,MSK1,DYRK3,DYRK2
72,MKK1,HIPK3,PLK1,Aurora B,GSK3 beta ,PHK,IKK epsilon ,YES1,MNK2,SmMLCK,FGF-R1,EF2K,HIPK2,CHK2,CK1 delta ,Aurora C,MNK1,p38 delta MAPK,CK2
85,SmMLCK,DYRK3,PIM3,RSK1,ERK8,GSK3 beta 
155,PIM3,CK2,PIM1
200,PIM3,MAPKAP-K2 ,MPSK1,MLK1,MLK3
267,S6K1,CAMK1,PAK6,SGK1,TAK1,SmMLCK,DAPK1,CHK1,MSK1,MINK1
148,CAMK1,SGK1,MKK1,S6K1,Lck,RSK1,PKD1,PIM3
260,SmMLCK,NUAK1
111,RSK1,RSK2,Aurora B,PIM3
324,VEGFR1,CK1 delta ,Aurora B,RSK2,RSK1
123,MKK1,p38 alpha MAPK
82,NEK6,MELK,Lck,CAMKK beta ,MST2,DYRK1A
323,CK1 delta ,VEGFR1
188,RIPK2
58,DYRK1A,ERK8,DYRK3
69,Lck,CAMK1,DYRK1A,PRAK
221,GSK3 beta ,TAK1,Aurora A,PKB beta ,Src,HIPK2,NUAK1,CAMK1,PIM3,BRSK2,RIPK2,EPH-B3
70,CAMK1,SmMLCK,TrkA
170,CAMK1,RIPK2,CHK2,CHK1,DAPK1,TAK1
87,MKK2
330,ERK8,TAK1
137,PRAK
143,PIM3
126,PLK1
60,DYRK1A
178,PHK,GCK
167,SRPK1,PRAK
