Q8WYJ6,Sep-01,Sep-01
Q15019,Sep-02,Sep-02
Q16181,Sep-07,Sep-07
Q92599,Sep-08,Sep-08
Q8IYM1,Sep-12,Sep-12
P31946,14-3-3 beta,YWHAB
P62258,14-3-3 epsilon,YWHAE
P61981,14-3-3 gamma,YWHAG
P31947,14-3-3 sigma,SFN
P27348,14-3-3 theta,YWHAQ
P63104,14-3-3 zeta,YWHAZ
Q13541,4E-BP1,EIF4EBP1
Q9NRA8,4E-T,EIF4ENIF1
Q12888,53BP1,TP53BP1
Q13625,53BP2,TP53BP2
P09917,5-LO,ALOX5
Q2M2I8,AAK1,AAK1
Q5JTZ9,AARSL,AARS2
Q9NY61,AATF,AATF
O95477,ABCA1,ABCA1
P08183,ABCB1,ABCB1
P33527,ABCC1,ABCC1
Q8NE71,ABCF1,ABCF1
Q9UNQ0,ABCG2,ABCG2
Q8IZP0,Abi-1,ABI1
P00519,Abl,ABL1
P00519-2,Abl iso2,ABL1
Q6UWZ7,Abraxas,FAM175A
P24752,ACAT1,ACAT1
Q13085,ACC1,ACACA
O00763,ACC2,ACACB
Q96AP0,ACD,ACD
P12821,ACE,ACE
Q9UPN3,ACF7,MACF1
Q9UKV3,acinus,ACIN1
Q07912,Ack,TNK2
P24666,ACP1,ACP1
Q9NR19,ACSS2,ACSS2
P12814,ACTN1,ACTN1
Q13444,ADAM15,ADAM15
P35611,ADD1,ADD1
P35612,ADD2,ADD2
Q9UEY8,ADD3,ADD3
Q96A54,ADIPOR1,ADIPOR1
P08588,ADRB1,ADRB1
P07550,ADRB2,ADRB2
P55196,Afadin,AFDN
Q8N556,AFAP,AFAP1
Q8N4X5,AFAP1L2,AFAP1L2
Q9UKV8,AGO2,AGO2
Q09666,AHNAK,AHNAK
P35869,AHR,AHR
O95433,AHSA1,AHSA1
Q9GZX7,AID,AICDA
O00170,AIP,AIP
O43918,AIRE,AIRE
Q9UKA4,AKAP11,AKAP11
Q02952,AKAP12,AKAP12
Q12802,AKAP13,AKAP13
Q5JQC9,AKAP4,AKAP4
P24588,AKAP5,AKAP5
O43823,AKAP8,AKAP8
Q99996,AKAP9,AKAP9
Q53H80,AKIRIN2,AKIRIN2
P31749,Akt1,AKT1
P31751,Akt2,AKT2
Q9Y243,Akt3,AKT3
P05091,ALDH2,ALDH2
P51649,ALDH5A1,ALDH5A1
Q9UM73,ALK,ALK
Q9C0C7,AMBRA1,AMBRA1
Q9UKV5,AMFR,AMFR
Q01196,AML1,RUNX1
Q01196-8,AML1 iso8,RUNX1
Q13761,AML2,RUNX3
Q13950,AML3,RUNX2
Q4VCS5,AMOT,AMOT
Q9Y2J4,AMOTL2,AMOTL2
P49418,amphiphysin,AMPH
Q13131,AMPKA1,PRKAA1
P54646,AMPKA2,PRKAA2
Q9Y478,AMPKB1,PRKAB1
P10243,A-Myb,MYBL1
Q86XL3,ANKLE2,ANKLE2
Q6UB98-2,ANKRD12 iso2,ANKRD12
O75179,ANKRD17,ANKRD17
Q9GZV1,ANKRD2,ANKRD2
O15084,ANKRD28,ANKRD28
P39687,ANP32A,ANP32A
Q92688,ANP32B,ANP32B
P16066,ANPA,NPR1
P04083,ANXA1,ANXA1
P07355,ANXA2,ANXA2
P05549,AP-2 alpha,TFAP2A
P63010,AP2B1,AP2B1
Q96CW1,AP2M1,AP2M1
O14727,APAF,APAF1
O96018,APBA3,APBA3
P25054,APC,APC
Q9H1A4,APC1,ANAPC1
Q9UJX5,APC4,ANAPC4
Q9UJX3,APC7,ANAPC7
Q8IW19,APLF,APLF
Q06481,APLP2,APLP2
Q9HC16,APOBEC3G,APOBEC3G
P02649,APOE,APOE
P05067,APP,APP
P05067-4,APP iso4,APP
Q9UKG1,APPL,APPL1
Q9NTI5,APRIN,PDS5B
Q7Z2E3,APTX,APTX
P29972,AQP1,AQP1
P41181,AQP2,AQP2
P55087,AQP4,AQP4
P55064,AQP5,AQP5
O43315,AQP9,AQP9
P10275,AR,AR
P10398,ARAF,ARAF
O60936,ARC,NOL3
O15033-2,AREL1 iso2,
P53367,arfaptin 1,ARFIP1
P53367-2,arfaptin 1 iso2,ARFIP1
P53365,arfaptin 2,ARFIP2
Q9Y6D6,ARFGEF1,ARFGEF1
P42684,Arg,ABL2
Q68EM7,ARHGAP17,ARHGAP17
Q14CB8,ARHGAP19,ARHGAP19
Q5T5U3,ARHGAP21,ARHGAP21
Q7Z5H3,ARHGAP22,ARHGAP22
Q9P227,ARHGAP23,ARHGAP23
Q8N264,ARHGAP24,ARHGAP24
P52757,ARHGAP3,CHN2
Q13017,ARHGAP5,ARHGAP5
P85298,ARHGAP8,ARHGAP8
Q92888,ARHGEF1,ARHGEF1
Q96PE2,ARHGEF17,ARHGEF17
Q92974,ARHGEF2,ARHGEF2
Q92974-2,ARHGEF2 iso2,ARHGEF2
Q9NR80-3,ARHGEF4 iso3,ARHGEF4
Q15052,ARHGEF6,ARHGEF6
Q14155,ARHGEF7,ARHGEF7
O14497,ARID1A,ARID1A
P27540,ARNT,ARNT
P61160,ARP2,ACTR2
O15143,ARPC1B,ARPC1B
O15511,ARPC5,ARPC5
P49407,ARRB1,ARRB1
P32121,ARRB2,ARRB2
Q96SD1,Artemis,DCLRE1C
O60343,AS160,TBC1D4
Q96Q27,ASB2,ASB2
O15446,ASE-1,CD3EAP
Q9Y294,ASF1A,ASF1A
Q9NVP2,ASF1B,ASF1B
P78348-1,ASIC1 iso1,ASIC1
Q99683,ASK1,MAP3K5
P30556,AT1,AGTR1
P54253,ataxin-1,ATXN1
Q9UBB4,ataxin-10,ATXN10
Q8WWM7,ataxin-2L,ATXN2L
P54252,ataxin-3,ATXN3
P54252-1,ataxin-3 iso1,ATXN3
P18846,ATF-1,ATF1
P15336,ATF-2,ATF2
P18848,ATF-4,ATF4
P18850,ATF6A,ATF6
P17544,ATF7,ATF7
O75143,ATG13,ATG13
Q676U5,ATG16L1,ATG16L1
Q9Y4P1,ATG4B,ATG4B
Q7Z3C6,ATG9A,ATG9A
P31939,ATIC,ATIC
Q13315,ATM,ATM
P05023,ATP1A1,ATP1A1
P36542,ATP5C,ATP5C1
Q04656,ATP7A,ATP7A
Q9UII2,ATPIF1,ATP5IF1
Q13535,ATR,ATR
Q8WXE1,ATRIP,ATRIP
O14965,AurA,AURKA
Q96GD4,AurB,AURKB
Q9NQS1,AVEN,AVEN
P30518,AVPR2,AVPR2
O15169,axin 1,AXIN1
Q9Y2T1,axin 2,AXIN2
P56817,BACE,BACE1
Q9BYV9,BACH2,BACH2
Q92934,BAD,BAD
O75531,BAF,BANF1
O95816,BAG2,BAG2
O95817,BAG3,BAG3
Q16611,BAK1,BAK1
Q8N9N5,BANP,BANP
Q99623,BAP37,PHB2
Q99728,BARD1,BARD1
Q01954,basonuclin 1,BNC1
P48634,BAT2,PRRC2A
Q5JSZ5,BAT2L,PRRC2B
P46379,BAT3,BAG6
Q07812,BAX,BAX
Q9NRL2,BAZ1A,BAZ1A
Q6ZUJ8,BCAP,PIK3AP1
O95999,Bcl-10,BCL10
Q9C0K0,Bcl-11B,BCL11B
P10415,Bcl-2,BCL2
Q9HB09,Bcl-2L12,BCL2L12
P20749,Bcl-3,BCL3
P41182,Bcl-6,BCL6
Q9NYF8,BCLAF1,BCLAF1
Q07817,Bcl-xL,BCL2L1
P11274,Bcr,BCR
P23560,BDNF,BDNF
Q99952,BDP1,PTPN18
Q14457,beclin 1,BECN1
O76090,BEST1,BEST1
P55957,BID,BID
Q13323,BIK,BIK
O43521,BIM,BCL2L11
O43521-2,BIM iso2,BCL2L11
P30411,BKR2,BDKRB2
P54132,BLM,BLM
Q8WV28,BLNK,BLNK
O00327,BMAL1,ARNTL
Q96LC9,BMF,BMF
P35226,BMI1,BMI1
P10244,B-Myb,MYBL2
Q9UIF9,BMZF-2,BAZ2A
Q6PGQ7,BORA,BORA
Q53HL2,Borealin,CDCA8
P15056,BRAF,BRAF
P38398,BRCA1,BRCA1
P51587,BRCA2,BRCA2
Q9H8M2,BRD9,BRD9
Q07352,BRF1,ZFP36L1
Q13882,Brk,PTK6
Q9HCU9,BRMS1,BRMS1
Q8TDC3,BRSK1,BRSK1
Q8TDC3-2,BRSK1 iso2,BRSK1
Q8IWQ3,BRSK2,BRSK2
P62324,BTG1,BTG1
Q06187,Btk,BTK
O43683,BUB1,BUB1
O60566,BUB1B,BUB1B
O43684,BUB3,BUB3
Q9BRD0,BUD13,BUD13
P53004,BVR,BLVRA
P49715,C/EBP-alpha,CEBPA
P17676,C/EBP-beta,CEBPB
P49716,C/EBP-delta,CEBPD
Q8IXM2,C17orf49,C17orf49
Q9H425,C1orf198,C1orf198
P00736,C1R,C1R
P21730,C5aR,C5AR1
Q9H6K1,C6orf106,C6orf106
Q16790,CA9,CA9
Q9H8G2,CAAP1,CAAP1
Q8TDN4,CABLES1,CABLES1
O75952,CABYR,CABYR
Q13936,CACNA1C,CACNA1C
O95180,CACNA1H,CACNA1H
Q08289-2,CACNB2 iso2,CACNB2
P27708,CAD,CAD
Q05682,Caldesmon,CALD1
Q05682-4,Caldesmon iso4,CALD1
P0DP23,Calmodulin,CALM3
P27824,Calnexin,CANX
P20810,calpastatin,CAST
Q99439,calponin 2,CNN2
Q15417,calponin 3,CNN3
Q9Y2W7,calsenilin,KCNIP3
O14958,calsequestrin 2,CASQ2
O43852,CALU,CALU
O43852-15,CALU iso15,CALU
Q14012,CAMK1A,CAMK1
Q8IU85,CAMK1D,CAMK1D
Q9UQM7,CAMK2A,CAMK2A
Q9UQM7-2,CAMK2A iso2,CAMK2A
Q13555,CAMK2G,CAMK2G
Q16566,CAMK4,CAMK4
Q8N5S9,CAMKK1,CAMKK1
Q96RR4,CAMKK2,CAMKK2
Q08AD1,CAMSAP1L1,CAMSAP2
Q96RK0,capicua,CIC
P07384,CAPN1,CAPN1
P17655,CAPN2,CAPN2
P52907,CAPZA1,CAPZA1
Q6JBY9,CapZIP,RCSD1
P41180,CaR,CASR
Q9BXL7,CARD11,CARD11
Q9H257,CARD9,CARD9
Q9Y2V2,CARHSP1,CARHSP1
Q8NG31,CASC5,KNL1
O14936,CASK,CASK
Q14511,Cas-L,NEDD9
P42575,CASP2,CASP2
P42574,CASP3,CASP3
P55212,CASP6,CASP6
P55210,CASP7,CASP7
Q14790,CASP8,CASP8
Q14790-4,CASP8 iso4,CASP8
P55211,CASP9,CASP9
P04040,Catalase,CAT
Q03135,caveolin-1,CAV1
P51636,caveolin-2,CAV2
Q8ND76,CBCP1,CCNY
P22681,CBL,CBL
Q13191,Cbl-b,CBLB
Q9ULV8,Cbl-c,CBLC
Q92793,CBP,CREBBP
P35520,CBS,CBS
P83916,CBX1,CBX1
Q13185,CBX3,CBX3
O00257,CBX4,CBX4
Q9Y3M2,CBY1,CBY1
Q6P1N0,CC2D1A,CC2D1A
Q9NXE8,CCDC49,CWC25
Q8IVM0,CCDC50,CCDC50
Q16204,CCDC6,CCDC6
Q8N4S0,CCDC82,CCDC82
Q9H6F5,CCDC86,CCDC86
Q8NBZ0,CCDC95,INO80E
Q9BSQ5,CCM2,CCM2
P20248,CCNA2,CCNA2
P14635,CCNB1,CCNB1
P24385,CCND1,CCND1
P30279,CCND2,CCND2
P30281,CCND3,CCND3
P24864,CCNE1,CCNE1
P41002,CCNF,CCNF
P51946,CCNH,CCNH
Q96S94,CCNL2,CCNL2
P22674,CCNO,CCNO
O60563,CCNT1,CCNT1
P41597,CCR2,CCR2
P51681,CCR5,CCR5
P32248,CCR7,CCR7
P78371,CCT2,CCT2
P08473,CD10,MME
O43490,CD133,PROM1
P15391,CD19,CD19
A8K4G0,CD300LB,CD300LB
P20138,CD33,CD33
P16671,CD36,CD36
P07766,CD3E,CD3E
P09693,CD3G,CD3G
P20963,CD3Z,CD247
P01730,CD4,CD4
P16070,CD44,CD44
P08575,CD45,PTPRC
P15529-4,CD46 iso4,CD46
P06127,CD5,CD5
P30203,CD6,CD6
Q9NPY3,CD93,CD93
Q13042,CDC16,CDC16
Q12834,CDC20,CDC20
Q9UJX2,CDC23,CDC23
P30304,CDC25A,CDC25A
P30305,CDC25B,CDC25B
P30305-2,CDC25B iso2,CDC25B
P30307,CDC25C,CDC25C
Q8NHZ8,CDC26,CDC26
P30260,CDC27,CDC27
P49427,CDC34,CDC34
Q16543,CDC37,CDC37
P60953-1,CDC42 iso1,CDC42
Q99741,CDC6,CDC6
O00311,CDC7,CDC7
Q6P1J9,CDC73,CDC73
Q69YH5,CDCA2,CDCA2
Q96FF9,CDCA5,CDCA5
Q9BWT1,CDCA7,CDCA7
Q9H5V8,CDCP1,CDCP1
Q2M1Z3,CdGAP,ARHGAP31
P12830,CDH1,CDH1
P19022,CDH2,CDH2
P33151,CDH5,CDH5
P06493,CDK1,CDK1
P21127,CDK11B,CDK11B
P21127-12,CDK11B iso12,CDK11B
Q9NYV4,CDK12,CDK12
Q14004,CDK13,CDK13
Q00536,CDK16,CDK16
P24941,CDK2,CDK2
O14519,CDK2AP1,CDK2AP1
P11802,CDK4,CDK4
Q00535,CDK5,CDK5
Q15078,CDK5R1,CDK5R1
Q96SN8,CDK5RAP2,CDK5RAP2
Q00534,CDK6,CDK6
P50613,CDK7,CDK7
P50750,CDK9,CDK9
O76039,CDKL5,CDKL5
P55273,CDKN2D,CDKN2D
Q86YS7,CDP138,C2CD5
Q9H211,CDT1,CDT1
Q99626,CDX2,CDX2
P13688-8,CEACAM1 iso8,CEACAM1
Q92879,CELF1,CELF1
P49450,CENPA,CENPA
Q02224,CENPE,CENPE
Q9HC77,CENPJ,CENPJ
Q7L2Z9,CENPQ,CENPQ
Q71F23,CENPU,CENPU
O75689,CENTA1,ADAP1
Q15027,CENTB1,ACAP1
Q96P48,CENTD2,ARAP1
Q99490-2,CENTG1 iso2,AGAP2
Q9UPN4,CEP131,CEP131
Q9Y4F5,CEP170B,CEP170B
Q8TEP8,CEP192,CEP192
Q9BV73,CEP250,CEP250
Q53EZ4,CEP55,CEP55
Q8TAP6,CEP76,CEP76
Q12798,CETN1,CETN1
P41208,CETN2,CETN2
O15519,CFLAR,CFLAR
O15519-2,CFLAR iso2,CFLAR
P13569,CFTR,CFTR
Q9UFW8,CGGBP1,CGGBP1
Q9P2M7,CGN,CGN
Q96QT4,ChaK1,TRPM7
Q9BX84,ChaK2,TRPM6
P28329-3,CHAT iso3,CHAT
Q9Y6H1,CHCHD2,CHCHD2
Q9NX63,CHCHD3,CHCHD3
Q14839,CHD-4,CHD4
Q9P2D1,CHD-7,CHD7
O14757,Chk1,CHEK1
O96017,Chk2,CHEK2
P35790,CHKA,CHKA
Q9Y259,CHKB,CHKB
Q96CF2,CHMP4C,CHMP4C
Q9NP71,ChREBP,MLXIPL
Q9Y3Y2,CHTOP,CHTOP
Q99828,CIB1,CIB1
P33076,CIITA,CIITA
Q8TCG1,CIP2A,CIP2A
P48729,CK1A,CSNK1A1
P49674,CK1E,CSNK1E
P68400,CK2A1,CSNK2A1
P67870,CK2B,CSNK2B
Q8WWK9,CKAP2,CKAP2
O75122,CLASP2,CLASP2
Q9HAW4,claspin,CLSPN
O15551,Claudin-3,CLDN3
O14493,Claudin-4,CLDN4
O95471,Claudin-7,CLDN7
P51790,CLCN3,CLCN3
Q9NZA1,CLIC5,CLIC5
P49760,CLK2,CLK2
P49761,CLK3,CLK3
O15516,CLOCK,CLOCK
P09497,CLTB,CLTB
Q00610,CLTC,CLTC
Q969H4,CNK1,CNKSR1
Q53SF7,COBLL1,COBLL1
P23528,Cofilin-1,CFL1
P38432,coilin,COIL
Q9UMD9,COL17A1,COL17A1
Q01955,COL4A3,COL4A3
Q9Y5P4,COL4A3BP,COL4A3BP
Q8NHY2,COP1,RFWD2
Q13098,COPS1,GPS1
Q7L5N1,COPS6,COPS6
Q9BR76,coronin 1B,CORO1B
Q9ULV4,coronin 1C,CORO1C
P57737,coronin 7,CORO7
Q14247,Cortactin,CTTN
P41279,Cot,MAP3K8
P35354,COX-2,PTGS2
O43303,CP110,CCP110
P47712,cPLA2,PLA2G4A
P16220,CREB,CREB1
Q03060,CREM,CREM
P34998-2,CRF-R1 iso2,CRHR1
P46108,CRK,CRK
P46109,CRKL,CRKL
Q14194,CRMP-1,CRMP1
Q16555,CRMP-2,DPYSL2
NP_001184222,CRMP-2 iso3,DPYSL2
Q14195,CRMP-4,DPYSL3
Q5TZA2-2,CROCC iso2,CROCC
P02511,CRYAB,CRYAB
P16989,CSDA,YBX3
P32927,CSF2RB,CSF2RB
P07333,CSFR,CSF1R
O76021,CSIG,RSL1D1
P41240,CSK,CSK
Q13363,CTBP1,CTBP1
P56545,CTBP2,CTBP2
Q9Y5B0,CTDP1,CTDP1
Q8WVB6,CTF18,CHTF18
P32929,CTH,CTH
Q99708,CtIP,RBBP8
P35221,CTNNA1,CTNNA1
P35222,CTNNB1,CTNNB1
O60716,CTNND1,CTNND1
P14923,CTNNG,JUP
P17812,CTPS,CTPS1
Q9NRF8,CTPS2,CTPS2
Q9P2B4,CTTNBP2NL,CTTNBP2NL
Q9H467,CUEDC2,CUEDC2
Q93034,CUL5,CUL5
P39880,CUTL1,CUX1
P61073,CXCR4,CXCR4
P13498,CYBA,CYBA
Q9NQC7,CYLD,CYLD
P05093,CYP17A1,CYP17A1
P11511,CYP19A1,CYP19A1
P08684,CYP3A4,CYP3A4
Q99418,cytohesin 2,CYTH2
P98082,DAB2,DAB2
Q5VWQ8,DAB2IP,DAB2IP
Q9NYF0,DACT1,DACT1
P51397,DAP,DAP
P51398,DAP3,DAP3
P53355,DAPK1,DAPK1
Q9UIK4,DAPK2,DAPK2
O43293,DAPK3,DAPK3
Q9P219,Daple,CCDC88C
Q9UN19,DAPP1,DAPP1
Q9UD71,DARPP-32,PPP1R1B
Q01959,DAT,SLC6A3
Q9UER7,DAXX,DAXX
Q96EP5,DAZAP1,DAZAP1
Q92904,DAZL,DAZL
Q8N163,DBC-1,CCAR2
Q9UBU7,DBF4,DBF4
Q16643,DBN1,DBN1
Q9UJU6,DBNL,DBNL
P27707,DCK,DCK
Q9NPI6,DCP1A,DCP1A
Q9BW61,DDA1,DDA1
Q16531,DDB1,DDB1
Q8TDY4,DDEFL1,ASAP3
P35638,DDIT3,DDIT3
Q08345,DDR1,DDR1
Q16832,DDR2,DDR2
Q9NUU7,DDX19A,DDX19A
Q9UMR2,DDX19B,DDX19B
Q9GZR7,DDX24,DDX24
O00571,DDX3,DDX3X
O15523,DDX3Y,DDX3Y
Q9UJV9,DDX41,DDX41
P38919,DDX48,EIF4A3
P17844,DDX5,DDX5
Q9Y2R4,DDX52,DDX52
O95786,DDX58,DDX58
Q9H4E7,DEF6,DEF6
P35659,DEK,DEK
Q08495,dematin,DMTN
A2RUS2,DENND3,DENND3
Q5TB30,DEPDC1,DEPDC1
Q8TB45,DEPTOR,DEPTOR
P17661,desmin,DES
P15924,Desmoplakin,DSP
P60981,Destrin,DSTN
Q8WYQ5,DGCR8,DGCR8
P23743,DGKA,DGKA
Q9NR28,DIABLO,DIABLO
O60610,Diaphanous-1,DIAPH1
Q17R91,Diaphanous-2 iso4,DIAPH2
Q9NSV4,Diaphanous-3,DIAPH3
Q155Q3,DIXDC1,DIXDC1
Q155Q3-2,DIXDC1 iso2,DIXDC1
Q96QB1,DLC1,DLC1
P09622,DLD,DLD
Q12959,DLG1,DLG1
Q92796-2,DLG3 iso2,DLG3
Q15398,DLG7,DLGAP5
O60479,DLX3,DLX3
P25686,DNAJB2,DNAJB2
Q9H3Z4,DNAJC5,DNAJC5
Q15762,DNAM-1,CD226
P78527,DNAPK,PRKDC
P26358,DNMT1,DNMT1
Q96HP0,DOCK6,DOCK6
Q96N67,DOCK7,DOCK7
Q8NF50,DOCK8,DOCK8
Q99704,DOK1,DOK1
P41143,DOR-1,OPRD1
O43602-2,Doublecortin iso2,DCX
Q92784-2,DPF3 iso2,DPF3
P14416,DRD2,DRD2
Q9Y295,DRG1,DRG1
P55039,DRG2,DRG2
Q9NRR4,DROSHA,DROSHA
O00429,DRP1,DNM1L
P54259,DRPLA,ATN1
Q9H410,DSN1,DSN1
O60941,DTNB,DTNB
Q9NRD9,DUOX1,DUOX1
P28562,DUSP1,DUSP1
Q9Y6W6,DUSP10,DUSP10
Q9BY84,DUSP16,DUSP16
P51452,DUSP3,DUSP3
Q16690,DUSP5,DUSP5
Q16828,DUSP6,DUSP6
P33316,dUTPase,DUT
P33316-2,dUTPase iso2,DUT
O14641,DVL2,DVL2
Q92997,DVL3,DVL3
Q05193,DYN1,DNM1
P50570,DYN2,DNM2
Q14203,dynactin 1,DCTN1
O00399,dynactin 6,DCTN6
Q9NP97,DYNLRB1,DYNLRB1
Q13627,DYRK1A,DYRK1A
Q9Y463,DYRK1B,DYRK1B
Q92630,DYRK2,DYRK2
P15923,E2A,TCF3
P15923-2,E2A iso2,TCF3
Q01094,E2F1,E2F1
O00716,E2F3,E2F3
Q16254,E2F4,E2F4
O75461,E2F6,E2F6
P10588,EAR-2,NR2F6
Q15691,EB1,MAPRE1
Q9UPY8,EB3,MAPRE3
Q99848,EBNA1BP2,EBNA1BP2
Q9UQ80,Ebp1,PA2G4
P42892,ECE1,ECE1
P42892-3,ECE1 iso3,
Q9H8V3,ECT2,ECT2
Q96F86,EDC3,EDC3
P21453,EDG-1,S1PR1
Q15075,EEA1,EEA1
P68104,EEF1A1,EEF1A1
Q05639,EEF1A2,EEF1A2
P29692,EEF1D,EEF1D
P13639,EEF2,EEF2
O00418,EEF2K,EEF2K
Q96C19,EFHD2,EFHD2
P00533,EGFR,EGFR
Q96KS0,EGLN2,EGLN2
Q96KQ7,EHMT2,EHMT2
P05198,eIF2-alpha,EIF2S1
P20042,eIF2-beta,EIF2S2
P41091,eIF2-gamma,EIF2S3
O75822,eIF3-alpha,EIF3J
O00303,eIF3-epsilon,EIF3F
P23588,EIF4B,EIF4B
P06730,EIF4E,EIF4E
Q04637,eIF4G,EIF4G1
Q04637-8,eIF4G iso8,EIF4G1
P78344,EIF4G2,EIF4G2
O43432,EIF4G3,EIF4G3
P55010,EIF5,EIF5
P56537,EIF6,EIF6
P78545,ELF3,ELF3
Q99607,ELF4,ELF4
Q53F19,ELG,NCBP3
P19419,ELK1,ELK1
P28324,ELK4,ELK4
P55199,ELL,ELL
Q92556,ELMO1,ELMO1
Q96JJ3,ELMO2,ELMO2
P50402,emerin,EMD
Q32P44,EML3,EML3
Q7Z589,EMSY,EMSY
Q99962,endophilin A1,SH3GL2
Q99961,endophilin A2,SH3GL1
Q9Y371,endophilin B1,SH3GLB1
P17813,ENG,ENG
P06733,ENO1,ENO1
P29474,eNOS,NOS3
Q16206,ENOX2,ENOX2
O14638,ENPP3,ENPP3
O43768,ENSA,ENSA
O95398-3,Epac1 iso3,
P11171-2,EPB41 iso2,EPB41
P11171-4,EPB41 iso4,EPB41
P29317,EphA2,EPHA2
P54764,EphA4,EPHA4
P54753,EphB3,EPHB3
Q9UHB6,eplin,LIMA1
P07814,EPRS,EPRS
P42566,EPS15,EPS15
Q9Y6I3,epsin 1,EPN1
O75616,ERAL1,ERAL1
P03372,ER-alpha,ESR1
Q92731,ER-beta,ESR2
Q03468,ERCC6,ERCC6
P50548,ERF,ERF
P11308,ERG,ERG
P27361,ERK1,MAPK3
P27361-3,ERK1 iso3,MAPK3
P28482,ERK2,MAPK1
Q16659,ERK3,MAPK6
Q13164,ERK5,MAPK7
Q8TD08,ERK7,MAPK15
P41161,ERM,ETV5
P51813,Etk,BMX
P14921,Ets-1,ETS1
P15036,Ets-2,ETS2
P50549,ETV1,ETV1
Q03112,EVI1,MECOM
Q01844,EWS,EWSR1
Q9UPT5,EXOC7,EXOC7
Q06265,EXOSC9,EXOSC9
O14980,Exportin-1,XPO1
Q99502,EYA1,EYA1
Q99504,EYA3,EYA3
Q15910,EZH2,EZH2
Q15910-2,EZH2 iso2,EZH2
P15311,Ezrin,EZR
P13726,F3,F3
P12259,factor V,F5
Q13158,FADD,FADD
Q9UNN5,FAF1,FAF1
Q05397,FAK,PTK2
Q9BTL3,FAM103A1,FAM103A1
Q96E09,FAM122A,FAM122A
Q9BZQ8,FAM129A,FAM129A
Q96TA1,FAM129B,FAM129B
Q86V87,FAM160B2,FAM160B2
A1KXE4,FAM168B,FAM168B
C9JLW8,FAM195B,MCRIP1
Q641Q2,FAM21A,FAM21A
Q9BSJ6,FAM64A,PIMREG
Q96TC7,FAM82A2,RMDN3
O15360,FANCA,FANCA
Q9BXW9,FANCD2,FANCD2
Q9HB96,FANCE,FANCE
O15287,FANCG,FANCG
Q9NVI1,FANCI,FANCI
Q9Y285,FARSLA,FARSA
Q16658,fascin,FSCN1
Q96AE4,FBP1,FUBP1
P09467,FBPase,FBP1
Q4G163,FBX43,FBXO43
Q9UKT4,FBX5,FBXO5
Q9Y2K7,FBXL11,KDM2A
Q5XUX0,FBXO31,FBXO31
Q9UKT5,FBXO4,FBXO4
Q969U6,FBXW5,FBXW5
Q969H0,FBXW7,FBXW7
P30273,FCER1G,FCER1G
P12318,FCGR2A,FCGR2A
P31994,FCGR2B,FCGR2B
P31995,FCGR2C,FCGR2C
Q96P31,FCRL3,FCRL3
O00213,Fe65,APBB1
P39748,FEN1,FEN1
P16591,Fer,FER
P07332,Fes,FES
Q99689,FEZ1,FEZ1
P02671,FGA,FGA
Q92915,FGF14,FGF14
P09038-2,FGF2 iso3,FGF2
Q9GZV9,FGF23,FGF23
P11362,FGFR1,FGFR1
P21802,FGFR2,FGFR2
P22607,FGFR3,FGFR3
P22455,FGFR4,FGFR4
P49789,FHIT,FHIT
Q13642-1,FHL1 iso1,FHL1
Q9Y613,FHOD1,FHOD1
Q6UN15,FIP1L1,FIP1L1
Q13045,FLI,FLII
Q01543,FLI1,FLI1
P21333,FLNA,FLNA
Q14315,FLNC,FLNC
O75955,FLOT1,FLOT1
Q14254,FLOT2,FLOT2
P36888,FLT3,FLT3
Q13769,FMIP,THOC5
Q96PY5-3,FMNL2 iso3,FMNL2
Q06787,FMR1,FMR1
P01100,Fos,FOS
P53539,FosB,FOSB
P55317,FOXA1,FOXA1
Q9Y261,FOXA2,FOXA2
Q12948,FOXC1,FOXC1
Q99958,FOXC2,FOXC2
P55316,FOXG1,FOXG1
Q01167,FOXK2,FOXK2
P58012,FOXL2,FOXL2
Q08050,FOXM1,FOXM1
Q08050-2,FOXM1 iso2,FOXM1
P32314,FOXN2,FOXN2
Q12778,FOXO1A,FOXO1
O43524,FOXO3A,FOXO3
P98177,FOXO4,FOXO4
Q9BZS1,FOXP3,FOXP3
P21462,FPR1,FPR1
P15407,FRA1,FOSL1
Q92837,FRAT1,FRAT1
P07954,fumarase,FH
P09958,FURIN,FURIN
Q16595,FXN,FXN
P51114,FXR1,FXR1
P06241,Fyn,FYN
Q96QD9,FYTTD1,FYTTD1
Q9UM11,FZR1,FZR1
Q13283,G3BP-1,G3BP1
P11413,G6PD,G6PD
P11413-3,G6PD iso3,G6PD
P06744,G6PI,GPI
Q13480,GAB1,GAB1
Q9UQC2,GAB2,GAB2
Q99259,GAD67,GAD67
Q8TAE8,GADD45GIP1,GADD45GIP1
P17931,galectin-3,LGALS3
Q14344,G-alpha 13,GNA13
P04899,G-alpha i2,GNAI2
P19086,G-alpha(z),GNAZ
P04406,GAPDH,GAPDH
Q14C86,GAPVD1,GAPVD1
P15976,GATA1,GATA1
P23769,GATA2,GATA2
P23771,GATA3,GATA3
P43694,GATA4,GATA4
Q92908,GATA6,GATA6
Q92908-2,GATA6 iso2,GATA6
Q92538,GBF1,GBF1
Q8N6F7,GCET2,GCSAM
Q9NP62,GCM1,GCM1
P06396,Gelsolin,GSN
P55040,GEM,GEM
O75496,Geminin,GMNN
P14136,GFAP,GFAP
Q06210,GFAT,GFPT1
Q06210-2,GFAT iso2,GFPT1
Q9UJY5,GGA1,GGA1
Q9UBU3,ghrelin,GHRL
Q3V6T2,girdin,CCDC88A
P48549,GIRK1,KCNJ3
P48544,GIRK4,KCNJ5
Q9Y2X7,GIT1,GIT1
Q14161,GIT2,GIT2
P17302,GJA1,GJA1
P08151,GLI1,GLI1
P10071,GLI3,GLI3
Q04760,GLO1,GLO1
P48167,GLRB,GLRB
Q9NZM5,GLTSCR2,GLRB
P42261,GluR1,GRIA1
Q13002,GluR6,GRIK2
P14672,GLUT4,SLC2A4
O94925-3,glutaminase iso3,GLS
P60983,GMF-beta,GMFB
P49915,GMPS,GMPS
Q13439,GOLGA4,GOLGA4
Q9H4A6,GOLPH3,GOLPH3
P40189,gp130,IL6ST
Q92917,GPKOW,GPKOW
Q5NUL3-2,GPR120 iso2,
P49685,GPR15,GPR15
P81274,GPSM2,GPSM2
P07203,GPX1,GPX1
P04150,GR,NR3C1
Q9H8Y8,GRASP55,GORASP2
Q9BQQ3,GRASP65,GORASP1
Q13322,GRB10,GRB10
P62993,GRB2,GRB2
Q14451,GRB7,GRB7
Q9NRY4,GRF-1,ARHGAP35
Q15835,GRK1,GRK1
P25098,GRK2,GRK2
P32298,GRK4,GRK4
P34947,GRK5,GRK5
P43250,GRK6,GRK6
Q8WTQ7,GRK7,GRK7
P28799,GRN,GRN
P30101,GRP58,PDIA3
P11021,GRP78,HSPA5
P14625,GRP94,HSP90B1
P49840,GSK3A,GSK3A
P49841,GSK3B,GSK3B
P49841-2,GSK3B iso2,GSK3B
O15217,GSTA4,GSTA4
P09211,GSTP1,GSTP1
P52655,GTF2A1,GTF2A1
P35269,GTF2F1,GTF2F1
P78347,GTF2I,GTF2I
P78347-2,GTF2I iso2,GTF2I
Q92994,GTF3B,BRF1
Q12789,GTF3C1,GTF3C1
Q9NYZ3,GTSE1,GTSE1
Q02153,GUCY1B3,GUCY1B3
P13807,GYS1,GYS1
P16401,H1B,HIST1H1B
P16403,H1C,HIST1H1C
P10412,H1E,HIST1H1E
Q02539,H1F1,HIST1H1A
P35367,H1R,HRH1
P0C0S8,H2A.1,HIST1H2AI
P16104,H2AX,H2AFX
P33778,H2B,HIST1H2BB
P62807,H2B1C,HIST1H2BC
P58876,H2B1D,HIST1H2BD
Q93079,H2B1H,HIST1H2BH
O60814,H2B1K,HIST1H2BK
Q99879,H2B1M,HIST1H2BM
Q99877,H2B1N,HIST1H2BN
Q16778,H2B2E,HIST2H2BE
Q5QNW6,H2B2F,HIST2H2BF
P23527,H2BFH,HIST1H2BO
P68431,H3,HIST1H3A
P84243,H3F3A,H3F3A
P62805,H4,HIST1H4A
Q5JVS0,HABP4,HABP4
Q8IYU2,HACE1,HACE1
Q92819,HAS2,HAS2
Q8TF76,Haspin,HASPIN
O60381,HBP1,HBP1
Q96T23,HBXAP,RSF1
O43504,HBXIP,LAMTOR5
P08631,Hck,HCK
Q9Y3Q4,HCN4,HCN4
O43613,HCRTR1,HCRTR1
Q13547,HDAC1,HDAC1
Q92769,HDAC2,HDAC2
O15379,HDAC3,HDAC3
P56524,HDAC4,HDAC4
Q9UQL6,HDAC5,HDAC5
Q9UBN7,HDAC6,HDAC6
Q8WUI4,HDAC7,HDAC7
Q9BY41,HDAC8,HDAC8
Q9UKV0,HDAC9,HDAC9
O14777,HEC1,NDC80
Q5T447,HECTD3,HECTD3
P35236,HePTP,PTPN7
P04626,HER2,ERBB2
Q15303,HER4,ERBB4
Q96HZ4,HES6,HES6
O94992,HEXIM1,HEXIM1
Q03014,HHEX,HHEX
O43294,Hic-5,TGFB1I1
Q16665,HIF1A,HIF1A
Q99814,HIF2A,EPAS1
P50502,HIP,ST13
Q9H2X6,HIPK2,HIPK2
P48050,HIR,KCNJ4
P54198,HIRA,HIRA
P06899,HIST1H2BJ,HIST1H2BJ
Q6DN03,HIST2H2BC,HIST2H2BC
Q6DRA6,HIST2H2BD,HIST2H2BD
P15822,HIVEP1,HIVEP1
Q8NCD3,HJURP,HJURP
P19367,HK1,HK1
P52789,HK2,HK2
P01892,HLAA,HLA-A
P01889,HLAB iso7,HLA-B
P17096,HMGA1,HMGA1
P17096-2,HMGA1 iso2,HMGA1
Q01581,HMGCS1,HMGCS1
P05114,HMGN1,HMGN1
P05204,HMGN2,HMGN2
P09601,HMOX1,HMOX1
Q9H910,HN1L,JPT2
P20823,HNF1A,HNF1A
P41235,HNF4 alpha,HNF4A
Q13151,hnRNP A0,HNRNPA0
P09651,hnRNP A1,HNRNPA1
P22626,hnRNP A2/B1,HNRNPA2B1
P07910,hnRNP C1/C2,HNRNPC
Q14103,hnRNP D0,HNRNPD
Q15365,hnRNP E1,PCBP1
P31943,hnRNP H1,HNRNPH1
P55795,hnRNP H2,HNRNPH2
P26599,hnRNP I,PTBP1
P61978,hnRNP K,HNRNPK
P14866,hnRNP L,HNRNPL
P52272,hnRNP M,HNRNPM
P35637,hnRNP P2,FUS
Q00839,hnRNP U,HNRNPU
Q00839-2,hnRNP U iso2,HNRNPU
P31270,HOXA11,HOXA11
P09629,HOXB7,HOXB7
P45973,HP1 alpha,CBX5
Q92918,HPK1,MAP4K1
P01112,HRas,HRAS
P23327,HRC,HRC
P14317,HS1,HCLS1
Q00613,HSF1,HSF1
Q9ULV5,HSF4,HSF4
Q05469,HSL,LIPE
O14558,HSP20,HSPB6
P04792,HSP27,HSPB1
P25685,HSP40,DNAJB1
P0DMV8,HSP70,HSPA1B
Q12931,HSP75,TRAP1
P07900,HSP90A,HSP90AA1
P08238,HSP90B,HSP90AB1
P38646,HSPA9B,HSPA9
Q9UJY1,HSPB8,HSPB8
O43464,HTRA2,HTRA2
P42858,Huntingtin,HTT
Q15717,HuR,ELAVL1
Q7Z6Z7,HUWE1,HUWE1
Q96D96,HVCN1,HVCN1
Q9P2D0,IBTK,IBTK
P32942,ICAM3,ICAM3
O14713,ICAP1,ITGB1BP1
Q9UPZ9,ICK,ICK
P41134,ID1,ID1
Q02363,ID2,ID2
Q02535,ID3,ID3
Q13907,IDI1,IDI1
P46695,IEX-1,IER3
Q16666,IFI16,IFI16
Q01628,IFITM3,IFITM3
P17181,IFNAR1,IFNAR1
P08069,IGF1R,IGF1R
P11717,IGF2R,IGF2R
P08833,IGFBP1,IGFBP1
P17936,IGFBP3,IGFBP3
Q96BF3,IGPR-1,TMIGD2
Q9UHH9,IHPK2,IP6K2
Q13422,Ikaros,IKZF1
P25963,IkB-alpha,NFKBIA
Q15653,IkB-beta,NFKBIB
O15111,IKKA,CHUK
O14920,IKKB,IKBKB
Q14164,IKKE,IKBKE
Q9Y6K9,IKKG,IKBKG
Q14005,IL16,IL16
Q96F46,IL17RA,IL17RA
P01589,IL2RA,IL2RA
P14784,IL2RB,IL2RB
Q13418,ILK,ILK
Q16891,IMMT,IMMT
P12268,IMPDH2,IMPDH2
Q0VD86,INCA1,INCA1
Q9NQS7,INCENP,INCENP
Q27J81,INF2,INF2
Q9UK53-2,ING1 iso2,ING1
Q8WYH8,ING5,ING5
P35228,iNOS,NOS2
P06213,INSR,INSR
P06213-2,INSR iso2,INSR
Q9Y283,INVS,INVS
Q14643,IP3R1,ITPR1
P46940,IQGAP1,IQGAP1
Q13576,IQGAP2,IQGAP2
P51617,IRAK1,IRAK1
Q9NWZ3,IRAK4,IRAK4
O75460,IRE1,ERN1
P21399,IREB1,ACO1
P48200,IREB2,IREB2
Q8TDQ1,IREM-1,CD300LF
P10914,IRF1,IRF1
Q14653,IRF3,IRF3
Q13568,IRF5,IRF5
Q92985,IRF7,IRF7
P35568,IRS1,IRS1
Q9Y4H2,IRS2,IRS2
Q9UQB8,IRSp53,BAIAP2
Q9UHR4,IRTKS,BAIAP2L1
Q9H1K1,ISCU,ISCU
Q96J02,ITCH,ITCH
Q96J02-2,ITCH iso2,
P17301,ITGA2,ITGA2
P13612,ITGA4,ITGA4
P05556,ITGB1,ITGB1
P05107,ITGB2,ITGB2
P05106,ITGB3,ITGB3
P16144,ITGB4,ITGB4
P16144-2,ITGB4 iso2,ITGB4
P18084,ITGB5,ITGB5
P26010,ITGB7,ITGB7
Q08881,ITK,ITK
P23677,ITPKA,ITPKA
Q6IE81,JADE1,JADE1
P23458,JAK1,JAK1
O60674,JAK2,JAK2
P52333,JAK3,JAK3
Q9Y624,JAM-A,F11R
P29375,JARID1A,KDM5A
Q8WYK2,JDP2,JDP2
Q9UQF2,JIP1,MAPK8IP1
Q9UPT6,JIP3,MAPK8IP3
O60271,JIP4,SPAG9
Q9Y4C1,JMJD1A,KDM3A
O94953,JMJD2B,KDM4B
P45983,JNK1,MAPK8
P45983-2,JNK1 iso2,MAPK8
P45983-3,JNK1 iso3,MAPK8
P45984,JNK2,MAPK9
P53779,JNK3,MAPK10
P53779-2,JNK3 iso2,MAPK10
Q9BR39,JPH2,JPH2
Q13155,JTV1,AIMP2
Q96IF1,JUB,AJUBA
P05412,Jun,JUN
P17275,JunB,JUNB
P17535,JunD,JUND
P05783,K18,KRT18
P08727,K19,KRT19
P35900,K20,KRT20
P05787,K8,KRT8
O60229,kalirin,KALRN
Q15046,KARS,KARS
O75449,KATNA1,KATNA1
Q9UP95,KCC1,SLC12A4
Q9H2X9,KCC2,SLC12A5
Q9UHW9,KCC3,SLC12A6
Q9Y666,KCC4,SLC12A7
Q9Y6H6,KCNE3,KCNE3
O60928,KCNJ13,KCNJ13
P63252,KCNJ2,KCNJ2
O14649,KCNK3,KCNK3
Q9NPC2,KCNK9,KCNK9
Q12791,KCNMA1,KCNMA1
Q92952,KCNN1,KCNN1
Q9H2S1,KCNN2,KCNN2
O15554,KCNN4,KCNN4
Q96CX2,KCTD12,KCTD12
P24390,KDELR1,KDELR1
Q14145,KEAP1,KEAP1
Q8TAE6,KEPI,PPP1R14C
Q8IVH8,KHS2,MAP4K3
Q92945,KHSRP,KHSRP
P46013,KI-67,MKI67
Q8IX03,KIBRA,WWC1
P52732,KIF11,KIF11
Q9NQT8,KIF13B,KIF13B
Q15058,KIF14,KIF14
O95235,KIF20A,KIF20A
Q96Q89,KIF20B,KIF20B
Q14807,KIF22,KIF22
Q02241,KIF23,KIF23
Q02241-2,KIF23 iso2,KIF23
O00139,KIF2A,KIF2A
Q8N4N8,KIF2B,KIF2B
Q99661,KIF2C,KIF2C
Q9Y496,KIF3A,KIF3A
O95239,KIF4A,KIF4A
Q9BW19,KIFC1,KIFC1
Q96AC1,kindlin-2,FERMT2
P43629,KIR3DL1,KIR3DL1
Q14654,Kir6.2,KCNJ11
P10721,Kit,KIT
Q2M2Z5,Kizuna,KIZ
Q07866,KLC1,KLC1
Q9H0B6,KLC2,KLC2
Q13118,KLF10,KLF10
P57682,KLF3,KLF3
Q13887,KLF5,KLF5
O95600,KLF8,KLF8
Q9UH77,KLHL3,KLHL3
P41145,KOR-1,OPRK1
P41146,KOR-3,OPRL1
P52294,KPNA1,KPNA1
P52292,KPNA2,KPNA2
P01116-2,KRas iso2,KRAS
Q8IVT5,KSR,KSR1
P12956,Ku70,XRCC6
P13010,Ku80,XRCC5
Q09470,Kv1.1,KCNA1
P22001,Kv1.3,KCNA3
P22459,Kv1.4,KCNA4
P22460,Kv1.5,KCNA5
Q12809,Kv11.1,KCNH2
Q12809_VAR_014388,Kv11.1 iso5,KCNH2
Q14721,Kv2.1,KCNB1
Q03721,Kv3.4,KCNC4
Q9NZV8,Kv4.2,KCND2
Q9UK17,Kv4.3,KCND3
P51787,Kv7.1,KCNQ1
O43526-4,Kv7.2 iso4,
Q13303,Kv-beta2,KCNAB2
Q9GZY6,LAB,LAT2
O95278,laforin,EPM2A
P11047,LAMC1,LAMC1
P02545,lamin A/C,LMNA
P20700,Lamin B1,LMNB1
Q03252,Lamin B2,LMNB2
P13473,LAMP2,LAMP2
Q6PKG0,LARP,LARP1
Q9BRS8,LARP6,LARP6
Q14847,Lasp-1,LASP1
Q9HA82,LASS4,CERS4
Q8N5B7,LASS5,CERS5
Q6ZMG9,LASS6,CERS6
O43561-2,LAT iso2,LAT
O95835,LATS1,LATS1
Q9NRM7,LATS2,LATS2
Q14739,LBR,LBR
Q9H492,LC3A,MAP1LC3A
P63167,LC8,DYNLL1
P06239,Lck,LCK
P00338,LDH-A,LDHA
O75475,LEDGF,PSIP1
Q9UJU2,LEF-1,LEF1
O95202,LETM1,LETM1
Q99538,LGMN,LGMN
P42702,LIFR,LIFR
P18858,LIG1,LIG1
P49916,LIG3,LIG3
P49917,LIG4,LIG4
P53667,LIMK1,LIMK1
P53671,LIMK2,LIMK2
Q52LA3,LIN52,LIN52
Q5TKA1,LIN9,LIN9
Q8N137,LIP8,CNTROB
Q13136,liprin alpha 1,PPFIA1
Q15831,LKB1,STK11
Q15831-2,LKB1 iso2,STK11
Q8WWI1,LMO7,LMO7
Q8IWU2,Lmr2,LMTK2
P12524,L-Myc,MYCL
P13796,L-plastin,LCP1
Q93052,LPP,LPP
Q96II8,LRCH3,LRCH3
Q07954,LRP1,LRP1
O75581,LRP6,LRP6
Q9HCJ2,LRRC4C,LRRC4C
Q38SD2,LRRK1,LRRK1
Q5S007,LRRK2,LRRK2
O60341,LSD1,KDM1A
P33241,LSP1,LSP1
Q15722,LTB4R,LTB4R
Q9NPC1,LTB4R2,LTB4R2
Q16873,LTC4S,LTC4S
P50895,Lu,BCAM
Q13133,LXR-alpha,LXR-alpha
P55055,LXR-beta,LXR-beta
Q9Y6Y9,LY96,LY96
P12980,LYL1,LYL1
P07948,LYN,LYN
P08172,mAChR M2,CHRM2
Q05195,Mad1,MXD1
Q9Y6D9,MAD1L1,MAD1L1
Q13257,MAD2L1,MAD2L1
Q9H063,MAF1,MAF1
Q8NHW3,MAFA,MAFA
P43364,MAGE-A11,MAGE-A11
P21397,MAOA,MAOA
P11137,MAP2,MAP2
P11137-3,MAP2 iso3,MAP2
P27816,MAP4,MAP4
Q14244,MAP7,MAP7
Q49MG5,MAP9,MAP9
P49137,MAPKAPK2,MAPKAPK2
Q8IW41,MAPKAPK5,MAPKAPK5
P29966,MARCKS,MARCKS
Q9P0L2,MARK1,MARK1
Q7KZI7,MARK2,MARK2
P27448,MARK3,MARK3
P27448-3,MARK3 iso3,MARK3
Q96L34,MARK4,MARK4
P56192,MARS,MARS
P43243,matrin 3,MATR3
P61244,MAX,MAX
P56270,MAZ,MAZ
O95983,MBD3,MBD3
O95243,MBD4,MBD4
Q9BYE7,MBLR,PCGF6
P02686,MBP,MBP
P02686-5,MBP iso5,MBP
P32245,MC4R,MC4R
Q07820,MCL1,MCL1
P49736,MCM2,MCM2
P25205,MCM3,MCM3
P33991,MCM4,MCM4
P33992,MCM5,MCM5
P33993,MCM7,MCM7
P08235,MCR,NR3C2
Q96EZ8,MCRS1,MCRS1
Q9ULC4,MCTS1,MCTS1
Q9BYX4,MDA5,IFIH1
Q14676,MDC1,MDC1
Q00987,MDM2,MDM2
O15151,MDM4,MDM4
P51608,MECP2,MECP2
Q15648,MED1,MED1
Q9H204,MED28,MED28
Q02078,MEF2A,MEF2A
Q06413,MEF2C,MEF2C
Q06413-3,MEF2C iso3,MEF2C
Q14814,MEF2D,MEF2D
Q96KG7,MEGF10,MEGF10
Q02750,MEK1,MAP2K1
P36507,MEK2,MAP2K2
Q13163,MEK5,MAP2K5
Q13233,MEKK1,MAP3K1
Q9Y6R4,MEKK4,MAP3K4
O95382,MEKK6,MAP3K6
Q14680,MELK,MELK
O00255-2,MEN1 iso2,MEN1
Q12866,Mer,MERTK
P35240,Merlin,NF2
P08581,Met,MET
Q9UBP6,METTL1,METTL1
P55081,MFAP1,MFAP1
O95140,MFN2,MFN2
Q9H0H5,MgcRacGAP,RACGAP1
Q9UJM3,MIG-6,ERRFI1
Q5JXC2,MIIP,MIIP
Q8N4C8,MINK,MINK1
Q9NYP9,MIS18A,MIS18A
Q8IVT2,MISP,MISP
O75030,MITF,MITF
O75030-9,MITF iso9,MITF
P46734,MKK3,MAP2K3
P45985,MKK4,MAP2K4
P52564,MKK6,MAP2K6
O14733,MKK7,MAP2K7
Q969V6,MKL1,MKL1
P40692,MLH1,MLH1
Q16584,MLK3,MAP3K11
Q8NB16,MLKL,MLKL
Q03164,MLL,KMT2A
O14686,MLL4,KMT2D
Q8IZD2,MLL5,KMT2E
Q03111,MLLT1,MLLT1
P49006,MLP,MARCKSL1
P50281,MMP14,MMP14
P08253,MMP2,MMP2
Q9BUB5,Mnk1,MKNK1
Q9BUB5-2,Mnk1 iso2,MKNK1
Q9H8S9,MOB1A,MOB1A
Q7L9L4,MOB1B,MOB1B
P26038,Moesin,MSN
P35372,MOR-1,OPRM1
Q9Y6X9,MORC2,MORC2
O00566,MPHOSPH10,MPHOSPH10
O75716,MPSK1,STK16
Q5VT25,MRCKA,CDC42BPA
P49959,MRE11A,MRE11
P24844,MRLC1,MYL9
O14950,MRLC2,MYL12B
P10916,MRLC2V,MYL2
Q9Y676,MRPS18B,MRPS18B
Q9UKD2,MRTO4,MRTO4
P43246,MSH2,MSH2
O75582,MSK1,RPS6KA5
O75676,MSK2,RPS6KA4
Q13043,MST1,STK4
Q13188,MST2,STK3
Q9Y6E0,MST3,STK24
Q9P289,MST4,STK26
P35548,MSX2,MSX2
Q13330,MTA1,MTA1
Q6UB35,MTHFD1L,MTHFD1L
P42898,MTHFR,MTHFR
Q13614,MTMR2,MTMR2
P42345,mTOR,MTOR
O43312,MTSS1,MTSS1
Q8N3F0,MTURN,MTURN
P15941,MUC1,MUC1
Q9GZU1,mucolipin 1,MCOLN1
P10242,Myb,MYB
Q9BQG0,MYBBP1A,MYBBP1A
Q14896,MYBPC3,MYBPC3
P01106,Myc,MYC
O75592,MYCBP2,MYCBP2
P13349,Myf-5,MYF5
P35580,MYH10,MYH10
Q9UKX2,MYH2,MYH2
P35579,MYH9,MYH9
Q8NEV4,MYO3A,MYO3A
P54296,myomesin 2,MYOM2
O14974,MYPT1,PPP1R12A
O95251,MYST2,KAT7
Q92794,MYST3,KAT6A
Q99640,Myt1,PKMYT1
E9PAV3,NACA,NACA
P36544,nAChRA7,CHRNA7
Q9UJ70,NAGK,NAGK
Q9H9S0,NANOG,NANOG
Q9NWV8,NBA1,BABAM1
O60934,NBS1,NBN
P32004,NCAM-L1,L1CAM
Q9BPX3,NCAPG,NCAPG
Q15003,NCAPH,NCAPH
Q6IBW4,NCAPH2,NCAPH2
Q09161,NCBP1,NCBP1
P55017,NCCT,SLC12A3
P16333,NCK1,NCK1
Q9HCH0,NCKAP5L,NCKAP5L
Q9NZQ3,NCKIPSD,NCKIPSD
P19338,NCL,NCL
Q14686,NCOA6,NCOA6
O75376,N-CoR1,NCOR1
Q9GZM8,NDEL1,NDEL1
Q9NV92,NDFIP2,NDFIP2
Q15208,NDR1,STK38
Q9Y2H1,NDR2,STK38L
Q92597,NDRG1,NDRG1
Q9UN36,NDRG2,NDRG2
O43181,NDUFS4,NDUFS4
P19404,NDUFV2,NDUFV2
Q8NHV4,NEDD1,NEDD1
Q96PU5,NEDD4L,NEDD4L
Q96FI4,NEIL1,NEIL1
Q96PY6,NEK1,NEK1
Q8NG66,NEK11,NEK11
P51955,NEK2,NEK2
P51956,NEK3,NEK3
Q9HC98,NEK6,NEK6
Q8TDX7,NEK7,NEK7
Q8TD19,NEK9,NEK9
Q8IXH7-4,NELFCD iso4,NELFCD
Q7Z628,NET1,NET1
Q9ULJ8,neurabin 1,PPP1R9A
P21359-2,NF1 iso2,NF1
O95644,NFAT2,NFATC1
Q14934,NFAT3,NFATC4
Q12968,NFAT4,NFATC3
O94916,NFAT5,NFAT5
Q12906,NFAT90,ILF3
Q16621,NF-E2,NFE2
Q14494,NFE2L1,NFE2L1
P12036,NFH,NEFH
Q00653,NFkB-p100,NFKB2
P19838,NFkB-p105,NFKB1
Q04206,NFkB-p65,RELA
P07196,NFL,NEFL
P08138,NGFR,NGFR
P19634,NHE1,SLC9A1
P48764,NHE3,SLC9A3
Q14940,NHE5,SLC9A5
Q9H9Q4,NHEJ1,NHEJ1
O14745,NHERF,SLC9A3R1
Q15599,NHERF-2,SLC9A3R2
Q6T4R5,NHS,NHS
Q92542,nicastrin,NCSTN
Q14157,NICE-4,UBAP2L
Q9BYG3,NIFK,NIFK
Q86WB0,NIPA,ZC3HC1
Q12972,NIPP-1,PPP1R8
P55011,NKCC1,SLC12A2
Q13621,NKCC2,SLC12A1
Q99801,NKX3-1,NKX3-1
Q8N0W4,NLGN4X,NLGN4X
Q9Y2I6,Nlp,NINL
Q96P20,NLRP3,NLRP3
Q05586,NMDAR1,GRIN1
Q12879,NMDAR2A,GRIN2A
Q13224,NMDAR2B,GRIN2B
P15531,NME1,NME1
P22392,NME2,NME2
Q9HAN9,NMNAT1,NMNAT1
P30419,NMT1,NMT1
P04198,N-Myc,MYCN
Q9ULX3,NOB1P,NOB1
Q9NQC3,Nogo,RTN4
Q9NQC3-2,Nogo iso2,RTN4
Q14978,NOLC1,NOLC1
Q9NZN8,NOT2,CNOT2
P46531,Notch 1,NOTCH1
Q9NPH5,NOX4,NOX4
Q96PH1-4,NOX5 iso4,NOX5
Q13794,NOXA,PMAIP1
Q86UR1,NOXA1,NOXA1
Q8NFA2-3,NOXO1 iso3,NOXO1
Q14207,NPAT,NPAT
O15259,NPHP1,NPHP1
O60500,NPHS1,NPHS1
P06748,NPM1,NPM1
Q15466,NR0B2,NR0B2
P20393,NR1D1,NR1D1
Q96RI1-2,NR1H4 iso2,NR1H4
Q14994,NR1I3,NR1I3
O00482,NR5A2,NR5A2
P01111,NRas,NRAS
Q16236,NRF2,NFE2L2
Q02297-6,NRG1 iso6,NRG1
Q13352,NRIF3,ITGB3BP
P58400-1,NRXN1 iso1,NRXN1
P82970,NSBP1,HMGN5
Q9Y4D2,NSDDR,DAGLA
P46459,NSF,NSF
Q9UNZ2,NSFL1C,NSFL1C
Q08J23,NSUN2,NSUN2
O60285,NuaK1,NUAK1
Q9H093,NuaK2,NUAK2
Q9H1E3,NUCKS,NUCKS1
Q9Y266,NUDC,NUDC
Q9NXR1,NUDE1,NDE1
Q14980,NuMA-1,NUMA1
P49757,NUMB,NUMB
Q8WUM0,NUP133,NUP133
P49790,NUP153,NUP153
P35658,NUP214,NUP214
Q9UKX7,NUP50,NUP50
P52948,NUP98,NUP98
P52948-2,NUP98 iso2,NUP98
P22736,Nur77,NR4A1
Q9BXS6,NUSAP1,NUSAP1
O00401,N-WASP,WASL
Q9BQ15,OBFC2B,NABP2
Q16625,occludin,OCLN
Q5BJF6-3,ODF2 iso3,ODF2
Q9NZT2,OGFR,OGFR
O15294,OGT,OGT
Q96CV9,optineurin,OPTN
Q96D31,ORAI1,ORAI1
Q13415,ORC1L,ORC1
Q13416,ORC2,ORC2
Q9Y5N6,ORC6L,ORC6
P22059,OSBP,OSBP
Q9BXB4,OSBPL11,OSBPL11
O95747,OSR1,OXSR1
Q92882,OSTF1,OSTF1
Q96FW1,OTUB1,OTUB1
P56945,P130Cas,BCAR1
P42771,p16-INK4A,CDKN2A
Q8N726,p16-INK4A iso4,CDKN2A
P38936,p21Cip1,CDKN1A
P46527,p27Kip1,CDKN1B
Q09472,p300,EP300
Q16612,P311,NREP
Q16539,P38A,MAPK14
Q15759,P38B,MAPK11
P53778,P38G,MAPK12
Q15080,p40phox,NCF4
P14598,p47phox,NCF1
P04637,p53,TP53
P49918,p57Kip2,CDKN1C
Q9H3D4,p63,TP63
Q9H3D4-2,p63 iso2,TP63
P19878,p67phox,NCF2
P23443,p70S6K,RPS6KB1
P23443-2,p70S6K iso2,RPS6KB1
Q9UBS0,P70S6KB,RPS6KB2
O15350,p73,TP73
O15350-2,p73 iso2,TP73
Q15418,p90RSK,RPS6KA1
Q6VY07,PACS-1,PACS1
Q86VP3,PACS2,PACS2
Q9BY11,PACSIN1,PACSIN1
Q9NWQ8,PAG,PAG1
O60829,PAGE4,PAGE4
P00439,PAH,PAH
P22234,PAICS,PAICS
Q13153,PAK1,PAK1
Q13177,PAK2,PAK2
O96013,PAK4,PAK4
Q9P286,PAK5,PAK5
Q9NQU5,PAK6,PAK6
Q8WX93,palladin,PALLD
Q6TCH7,PAQR3,PAQR3
Q8TEW0,PAR3-alpha,PARD3
Q96IZ0,PAR-4,PAWR
Q9NPB6,PARD6A,PARD6A
Q6NUN9,PARIS,ZNF746
O60260,PARK2,PRKN
O95453,PARN,PARN
P09874,PARP1,PARP1
Q53GL7,PARP10,PARP10
Q96RG2,PASK,PASK
Q86TB9,PATL1,PATL1
P23760,PAX3,PAX3
AAC50053,PAX3-FOXO1,
Q96KB5,PBK,PBK
O94913,PCF11,PCF11
Q15154,PCM-1,PCM1
P12004,PCNA,PCNA
O95613,PCNT,PCNT
Q9BUL8,PDCD10,PDCD10
Q53EL6,PDCD4,PDCD4
O14737,PDCD5,PDCD5
Q9Y233-2,PDE10A iso2,PDE10A
Q9HCR9,PDE11A,PDE11A
Q14432,PDE3A,PDE3A
Q13370,PDE3B,PDE3B
P27815,PDE4A,PDE4A
Q07343,PDE4B,PDE4B
Q07343-2,PDE4B iso2,PDE4B
Q08493-2,PDE4C iso2,PDE4C
Q08499-2,PDE4D iso2,PDE4D
Q08499-4,PDE4D iso4,PDE4D
Q08499-5,PDE4D iso5,PDE4D
Q08499-6,PDE4D iso6,PDE4D
Q08499-7,PDE4D iso7,PDE4D
O76074,PDE5A,PDE5A
P16234,PDGFRA,PDGFRA
P09619,PDGFRB,PDGFRB
P08559,PDHA1,PDHA1
P29803,PDHA2,PDHA2
Q15118,PDHK1,PDK1
Q15084,PDIA6,PDIA6
O15530,PDK1,PDPK1
Q9P0J1,PDP1,PDP1
P52945,PDX1,PDX1
Q15121,PEA-15,PEA15
Q9H792,PEAK1,PEAK1
P16284,PECAM-1,PECAM1
P36955,PEDF,SERPINF1
Q96FA3,PELI1,PELI1
Q9HAT8,PELI2,PELI2
Q8IZL8,PELP1,PELP1
O15055,PER2,PER2
P50542,PEX5,PEX5
O60825,PFKFB2,PFKFB2
Q16875,PFKFB3,PFKFB3
P08237,PFKM,PFKM
P18669,PGAM1,PGAM1
Q9UBK2,PGC-1 alpha,PPARGC1A
P00558,PGK1,PGK1
P36871,PGM1,PGM1
Q96KR7,PHACTR3,PHACTR3
P35232,PHB,PHB
O94880,PHF14,PHF14
O75151,PHF2,PHF2
Q9BVI0,PHF20,PHF20
Q9UPP1,PHF8,PHF8
O43175,PHGDH,PHGDH
Q8WV24,PHLDA1,PHLDA1
Q13371,PhLP,PDCL
O60346,PHLPP,PHLPP1
O14813,PHOX2A,PHOX2A
O75925,PIAS1,PIAS1
Q8N2W9,PIAS4,PIAS4
Q2NKX8,PICH,ERCC6L
Q9NRD5,PICK1,PICK1
O00443,PIK3C2A,PIK3C2A
Q8NEB9,PIK3C3,PIK3C3
P42338,PIK3CB,PIK3CB
O00329,PIK3CD,PIK3CD
P48736,PIK3CG,PIK3CG
P27986,PIK3R1,PIK3R1
Q92569,PIK3R3,PIK3R3
Q9UBF8,PIK4CB,PIK4CB
Q9UBF8-2,PIK4CB iso2,PIK4CB
Q9Y2I7,PIKFYVE,PIKFYVE
Q96RS0,PIMT,TGS1
Q13526,PIN1,PIN1
Q9Y237,PIN4,PIN4
Q9BXM7,PINK1,PINK1
Q96BK5,PINX1,PINX1
P48426,PIP4K2A,PIP4K2A
P78356,PIP4K2B,PIP4K2B
O14986,PIP5K1B,PIP5K1B
O60331,PIP5K1C,PIP5K1C
O00562,PITPNM1,PITPNM1
O43164,PJA2,PJA2
P17612,PKACA,PRKACA
P10644,PKAR1A,PRKAR1A
P31323,PKAR2B,PRKAR2B
P17252,PKCA,PRKCA
P05771,PKCB,PRKCB
P05771-2,PKCB iso2,PRKCB
Q05655,PKCD,PRKCD
Q02156,PKCE,PRKCE
P24723,PKCH,PRKCH
Q04759,PKCT,PRKCQ
Q05513,PKCZ,PRKCZ
P98161,PKD1,PKD1
Q13563,PKD2,PKD2
Q9P0L9,PKD2L1,PKD2L1
Q13976,PKG1,PRKG1
Q13976-2,PKG1 iso2,PRKG1
P14618,PKM,PKM
P14618-2,PKM iso2,PKM
Q16512,PKN1,PKN1
Q16513,PKN2,PKN2
P19525,PKR,EIF2AK2
P26678,PLB,PLN
Q9NQ66,PLCB1,PLCB1
Q01970,PLCB3,PLCB3
P19174,PLCG1,PLCG1
P16885,PLCG2,PLCG2
Q13393,PLD1,PLD1
O14939,PLD2,PLD2
P08567,pleckstrin,PLEK
Q15149,Plectin-1,PLEC
Q9H7P9,PLEKHG2,PLEKHG2
Q3KR16,PLEKHG6,PLEKHG6
P53350,PLK1,PLK1
O00444,PLK4,PLK4
O00168,PLM,FXYD1
O43660,PLRG1,PLRG1
O15162,PLSCR1,PLSCR1
Q9NRY6,PLSCR3,PLSCR3
O43157,PLXNB1,PLXNB1
Q05516,PLZF,ZBTB16
P23634-6,PMCA4 iso6,ATP2B4
P29590,PML,PML
P29590-3,PML iso3,PML
P29590-4,PML iso4,PML
Q96T60,Pnk1,PNKP
Q9NP80,PNPLA8,PNPLA8
Q8TCS8,PNPT1,PNPT1
P49005,POLD2,POLD2
Q15054,POLD3,POLD3
Q9Y253,POLH,POLH
Q9UGP5,POLL,POLL
Q9NP87,POLM,POLM
P24928,POLR2A,POLR2A
Q86U86,polybromo 1,PBRM1
O95707,POP4,POP4
P14859,Oct-01,POU2F1
P20265,Oct-07,POU3F3
Q01860,Oct-04,POU5F1
Q07869,PPAR-alpha,PPARA
P37231,PPAR-gamma,PPARG
P37231-2,PPAR-gamma iso2,
Q8NEY8,PPHLN1,PPHLN1
P30405,PPIF,PPIF
O75688,PPM1B,PPM1B
O15297,PPM1D,PPM1D
O15355,PPM1G,PPM1G
Q9Y570,PPME1,PPME1
P62136,PPP1CA,PPP1CA
P36873,PPP1CC,PPP1CC
O60237,PPP1R12B,PPP1R12B
Q9BZL4,PPP1R12C,PPP1R12C
Q96A00,PPP1R14A,PPP1R14A
Q96C90,PPP1R14B,PPP1R14B
Q96T49,PPP1R16B,PPP1R16B
Q13522,PPP1R1A,PPP1R1A
Q8WVI7,PPP1R1C,PPP1R1C
P41236,PPP1R2,PPP1R2
Q16821,PPP1R3A,PPP1R3A
Q9UQK1,PPP1R3C,PPP1R3C
Q15435,PPP1R7,PPP1R7
P67775,PPP2CA,PPP2CA
Q15172,PPP2R5A,PPP2R5A
Q13362,PPP2R5C,PPP2R5C
Q14738,PPP2R5D,PPP2R5D
P53041,PPP5C,PPP5C
P06401,PR,PGR
P06401-2,PR iso2,PGR
Q96B36,PRAS40,AKT1S1
O43663,PRC1,PRC1
Q06830,PRDX1,PRDX1
P30041,PRDX6,PRDX6
Q8TCU6,PREX1,PREX1
Q70Z35,PREX2,PREX2
P02810,PRH,PRH2
Q15139,PRKD1,PRKD1
Q9BZL6,PRKD2,PRKD2
O94806,PRKD3,PRKD3
O14744,PRMT5,PRMT5
P04156,PRNP,PRNP
P07737,profilin 1,PFN1
Q86WR7,PROSER2,PROSER2
P85299,PROTOR1,PRR5
O43395,PRPF3,PRPF3
Q96S44,PRPK,TP53RK
P60891,PRPS1,PRPS1
P11908,PRPS2,PRPS2
Q9Y520,PRRC2C,PRRC2C
Q15700,PSD-93,DLG2
P78352,PSD-95,DLG4
P49768,PSEN1,PSEN1
P49810,PSEN2,PSEN2
P23246,PSF,SFPQ
Q9Y248,PSF2,GINS2
O14818,PSMA7,PSMA7
O00231,PSMD11,PSMD11
P61289,PSME3,PSME3
P60484,PTEN,PTEN
P43119,PTGIR,PTGIR
Q03431,PTHR,PTH1R
P12272,PTHrP,PTHLH
P18031,PTP1B,PTPN1
P17706-2,PTPN2 iso2,PTPN2
Q9Y2R2,PTPN22,PTPN22
P26045,PTPN3,PTPN3
Q05209,PTP-PEST,PTPN12
P18433-2,PTPRA iso2,PTPRA
Q12913,PTPRJ,PTPRJ
O14522-1,PTPRT iso1,PTPRT
Q6NZI2,PTRF,CAVIN1
Q9Y3E5,PTRH2,PTRH2
Q03393,PTS,PTS
P53801,PTTG1IP,PTTG1IP
Q9NZH5,PTTG2,PTTG2
Q9BXH1,PUMA,BBC3
P49023,PXN,PXN
P49023-2,PXN iso2,PXN
O75469,PXR,NR1I2
Q96C36,PYCR2,PYCR2
P11216,PYGB,PYGB
Q9BRQ0,PYGO2,PYGO2
Q14289,Pyk2,PTK2B
O15553,pyrin,MEFV
O95297,PZR,MPZL1
Q9H0K1,QIK,SIK2
J3KPC8,QSK iso5,SIK3
Q9BXR0,QTRT1,QTRT1
P62491,RAB11A,RAB11A
Q6WKZ4-3,RAB11FIP1 iso3,
Q7L804,RAB11FIP2,RAB11FIP2
O75154,RAB11FIP3,RAB11FIP3
P62820,RAB1A,RAB1A
Q9BZG1,RAB34,RAB34
Q96AX2,RAB37,RAB37
Q96QF0,RAB3IP,RAB3IP
P20338,Rab4,RAB4A
P20339,RAB5A,RAB5A
P61020,RAB5B,RAB5B
Q15276,RABEP1,RABEP1
P63000,RAC1,RAC1
P63244,RACK1,RACK1
O60671,RAD1,RAD1
O75943,RAD17,RAD17
Q9NS91,RAD18,RAD18
Q92878,RAD50,RAD50
Q06609,RAD51,RAD51
P43351,RAD52,RAD52
Q92698,RAD54L,RAD54L
Q99638,RAD9A,RAD9A
P35241,Radixin,RDX
P04049,RAF1,RAF1
P55895,RAG2,RAG2
Q15109,RAGE,AGER
Q8NFJ5,RAIG1,GPRC5A
P11233,RALA,RALA
P11234,RALB,RALB
Q15311,RALBP1,RALBP1
Q9UKM9,RALY,RALY
Q9NZJ0,RAMP,DTL
P62826,RAN,RAN
P49792,RANBP2,RANBP2
Q9H6Z4,RANBP3,RANBP3
Q96S59,RANBP9,RANBP9
P46060,RANGAP1,RANGAP1
P62834,RAP1A,RAP1A
P61224,RAP1B,RAP1B
P47736,RAP1GAP,RAP1GAP
Q684P5,RAP1GAP2,RAP1GAP2
Q96RL1,RAP80,UIMC1
Q13905,RAPGEF1,RAPGEF1
Q9Y4G8,RAPGEF2,RAPGEF2
Q8N122,Raptor,RPTOR
P10276,RARA,RARA
P13631,RARG,RARG
Q13972,RASGRF1,RASGRF1
O95267,RASGRP1,RASGRP1
Q7LDG7,RASGRP2,RASGRP2
Q8IV61,RASGRP3,RASGRP3
Q9NS23,RASSF1,RASSF1
Q9NS23-2,RASSF1 iso2,RASSF1
Q8IY67-2,RAVER1 iso2,RAVER1
P06400,Rb,RB1
P29374,RbBP1,ARID4A
P28749,Rb-like 1,RBL1
Q08999,Rb-like 2,RBL2
P98175-2,RBM10 iso2,RBM10
Q96PK6,RBM14,RBM14
Q96I25,RBM17,RBM17
Q9H6E5,RBM21,TUT1
Q5T8P6,RBM26,RBM26
P98179,RBM3,RBM3
Q9H0Z9,RBM38,RBM38
Q9BWF3,RBM4,RBM4
Q9BTD8,RBM42,RBM42
Q9Y5S9,RBM8A,RBM8A
P38159,RBMX,RBMX
Q96E39,RBMXL1,RBMXL1
Q06330,RBPJ,RBPJ
P53805,RCAN1,RCAN1
P53805-2,RCAN1 iso2,RCAN1
P18754,RCC1,RCC1
Q96PM5,RCHY1,RCHY1
P18615,RDBP,NELFE
O94761,RECQL4,RECQL4
O94762,RECQL5,RECQL5
Q04864,REL,REL
Q01201,RELB,RELB
O75628,REM1,REM1
Q92900,RENT1,UPF1
Q8NFH8,REPS2,REPS2
Q92785,requiem,DPF2
P30622,Restin,CLIP1
P07949,Ret,RET
Q15300,Ret iso3,RET
O60673,REV3,REV3L
P15927,RFA2,RPA2
P35251,RFC1,RFC1
Q6PCD5,RFWD3,RFWD3
P22670,RFX1,RFX1
Q9H4X1,RGC32,RGCC
Q9H4X1-2,RGC32 iso2,RGCC
A6NKT7,RGPD3,RGPD3
Q7Z3J3,RGPD4,RGPD4
Q99666,RGPD5/6,RGPD6
O14715,RGPD8,RGPD8
O43665,RGS10,RGS10
O14921,RGS13,RGS13
O15492,RGS16,RGS16
Q9NS28,RGS18,RGS18
P49795,RGS19,RGS19
P41220,RGS2,RGS2
P49802,RGS7,RGS7
F8W6Q8,RHBG iso6,RHBG
Q15382,RHEB,RHEB
P61586,RHOA,RHOA
P62745,RHOB,RHOB
P61587,RhoE,RND3
P52565,RhoGDI alpha,ARHGDIA
P52566,RhoGDI beta,ARHGDIB
Q8IXI2,RHOT1,RHOT1
Q7L0Q8,RHOU,RHOU
Q6R327,RICTOR,RICTOR
Q5UIP0,RIF1,RIF1
Q13671,Rin1,RIN1
Q9BRS2,RIOK1,RIOK1
Q9BVS4,RIOK2,RIOK2
Q13546,RIPK1,RIPK1
O43353,RIPK2,RIPK2
P30086,RKIP,PEBP1
Q96E14,RMI2,RMI2
O94763,RMP,URI1
Q9Y3C5,RNF11,RNF11
Q8WVD3,RNF138,RNF138
Q5VTR2,RNF20,RNF20
P78317,RNF4,RNF4
O75150,RNF40,RNF40
Q9H4P4,RNF41,RNF41
Q9UBF6,RNF7,RNF7
O43148,RNMT,RNMT
Q14498,RNPC2,RBM39
Q15287,RNPS1,RNPS1
Q9Y6N7,ROBO1,ROBO1
Q96MS0,ROBO3,ROBO3
P48048,ROMK,KCNJ1
Q04912,Ron,MST1R
P35398,RORA,RORA
P35398-4,RORA iso4,RORA
Q15555,RP1,MAPRE2
P62913,RPL11,RPL11
P30050,RPL12,RPL12
P26373,RPL13,RPL13
P40429,RPL13A,RPL13A
P84098,RPL19,RPL19
P46778,RPL21,RPL21
P62917,RPL8,RPL8
Q9NQG5,RPRD1B,RPRD1B
P46783,RPS10,RPS10
P62280,RPS11,RPS11
P62841,RPS15,RPS15
P39019,RPS19,RPS19
P42677,RPS27,RPS27
Q71UM5,RPS27L,RPS27L
P23396,RPS3,RPS3
P43686,RPT3,PSMC4
P62195,RPT6,PSMC5
P55042,RRAD,RRAD
P10301,RRas,RRAS
P62070,RRas2,RRAS2
P31350,RRM2,RRM2
Q7LG56,RRM2B,RRM2B
Q5JTH9,RRP12,RRP12
Q92681,RSC1A1,RSC1A1
Q86UC2,RSHL2,RSPH3
P51812,RSK2,RPS6KA3
Q15349,RSK3,RPS6KA2
Q9BST9-2,RTKN iso2,RTKN
Q96T51,RUFY1,RUFY1
Q9Y265,RUVBL1,RUVBL1
P19793,RXRA,RXRA
Q92736,RYR2,RYR2
P06702,S100A9,S100A9
P62753,S6,RPS6
Q9Y3Z3,SAMHD1,SAMHD1
O14490-2,SAPAP1 iso2,DLGAP1
O00631,sarcolipin,SLN
Q9NQZ2,SAS10,UTP3
P21673,SAT,SAT1
Q9H4B6,SAV1,SAV1
O00767,SCD,SCD
Q9UQR0,SCML2,SCML2
Q14524,SCN5A,SCN5A
Q14160,Scribble,SCRIB
Q12904,SCYE1,AIMP1
P31040,SDHA,SDHA
O76054,SEC14L2,SEC14L2
O15027,SEC16A,SEC16A
Q15436,SEC23A,SEC23A
Q9HC62,SENP2,SENP2
Q14674,separase,ESPL1
Q99719-2,SEPT5 iso2,Sep-05
Q9UHD8-2,SEPT9 iso2,Sep-09
P31645,SERT,SLC6A4
Q01105-2,SET iso2,SET
Q9NQR1,SETD8,KMT5A
Q15047,SETDB1,SETDB1
Q53H47,SETMAR,SETMAR
Q15637,SF1,SF1
Q07955,SF2,SRSF1
O75533,SF3B1,SF3B1
Q13435,SF3B2,SF3B2
Q8IX01,SFRS14,SUGP2
Q01130,SFRS2,SFRS2
Q99590,SFRS2IP,SCAF11
Q13242,SFRS9,SFRS9
O00141,SGK1,SGK1
Q9HBY8,SGK2,SGK2
Q96BR1,SGK3,SGK3
Q5FBB7,SGO1,SGO1
O95905,SGT1,ECD
Q9NRF2,SH2-B-beta,SH2B1
Q6PD62,SH2BP1,CTR9
Q9H788,SH2D4A,SH2D4A
A1X283,SH3PXD2B,SH3PXD2B
Q7Z6J0,SH3RF1,SH3RF1
Q96T58,SHARP,SPEN
P29353,SHC1,SHC1
P29353-2,SHC1 iso2,SHC1
P29353-3,SHC1 iso3,SHC1
Q92529-2,SHC3 iso2,SHC3
Q8NEM2,SHCBP1,SHCBP1
Q9UQ13,SHOC2,SHOC2
O15266,SHOX,SHOX
P29350,SHP-1,PTPN6
Q06124,SHP-2,PTPN11
Q06124-2,SHP-2 iso2,PTPN11
P78324,SHPS1,SIRPA
Q8IUQ4,SIAH1,SIAH1
O43255,SIAH2,SIAH2
P16150,sialophorin,SPN
Q96LC7,Siglec-10,SIGLEC10
P57059,SIK,SIK1
Q9BRV8,SIKE,SIKE1
Q9BPZ7,Sin1,MAPKAP1
Q96ST3,SIN3A,SIN3A
Q96EB6,SIRT1,SIRT1
Q8IXJ6,SIRT2,SIRT2
Q8IXJ6-2,SIRT2 iso2,SIRT2
Q9NTG7,SIRT3,SIRT3
Q8N6T7,SIRT6,SIRT6
O15304,Siva,SIVA1
Q8IX90,SKA3,SKA3
Q86WV1,SKAP55,SKAP1
Q9BY77,SKAR,POLDIP3
P12755,SKI,SKI
Q13573,Skip,SNW1
Q13309,SKP2,SKP2
Q9P270,SLAIN2,SLAIN2
Q13291,SLAM,SLAMF1
O15117,SLAP-130,FYB1
Q14493,SLBP,SLBP
Q05940,SLC18A2,SLC18A2
P43003,SLC1A3,SLC1A3
Q6J4K2,SLC24A6,SLC8B1
P12235,SLC25A4,SLC25A4
Q99808,SLC29A1,SLC29A1
P08195,SLC3A2,SLC3A2
P02730,SLC4A1,SLC4A1
Q9Y6R1,SLC4A4,SLC4A4
P23975,SLC6A2,SLC6A2
Q9UPY5,SLC7A11,SLC7A11
Q96PX8,SLITRK1,SLITRK1
Q13094,SLP76,LCP2
Q9NWH9,SLTM,SLTM
Q8IY92,SLX4,SLX4
Q15797,SMAD1,SMAD1
Q15796,SMAD2,SMAD2
P84022,SMAD3,SMAD3
Q13485,SMAD4,SMAD4
O43541,SMAD6,SMAD6
O15198,SMAD9,SMAD9
P51532,SMARCA4,SMARCA4
Q9NZC9,SMARCAL1,SMARCAL1
Q8TAQ2,SMARCC2,SMARCC2
Q6STE5,SMARCD3,SMARCD3
Q14683,Smc1,SMC1A
Q9UQE7,SMC3,SMC3
Q8TEV9,SMCR8,SMCR8
Q15746,smMLCK,MYLK
P17405,SMPD1,SMPD1
Q9Y618,SMRT,NCOR2
O95863,Snail1,SNAI1
O43623,Snail2,SNAI2
O00161,SNAP23,SNAP23
P60880,SNAP-25,SNAP25
O95721,SNAP29,SNAP29
O95295,SNAPIN,SNAPIN
P37840,SNCA,SNCA
Q9Y6H5,SNCAIP,SNCAIP
Q16143,SNCB,SNCB
Q7KZF4,SND1,SND1
Q9C0H9-5,SNIP iso5,SRCIN1
Q9NRH2,SNRK,SNRK
P08621,snRNP 70,SNRNP70
Q15036,SNX17,SNX17
O14559,SNX26,ARHGAP33
Q9Y5X2,SNX8,SNX8
O14543,SOCS3,SOCS3
P04179,SOD2,SOD2
Q92673,SORL1,SORL1
Q99523,SORT1,SORT1
Q07889,SOS1,SOS1
P48436,SOX9,SOX9
P08047,SP1,SP1
Q02447,SP3,SP3
Q96R06,SPAG5,SPAG5
O95238,SPDEF,SPDEF
Q9NYA1,SPHK1,SPHK1
Q9NRA0,SPHK2,SPHK2
O43791,SPOP,SPOP
P35270,SPR,SPR
O43597,SPRY2,SPRY2
Q9Y5B9,SPT16,SUPT16H
O00267,SPT5,SUPT5H
Q7KZ85,SPT6,SUPT6H
Q13813,SPTAN1,SPTAN1
Q01082,SPTBN1,SPTBN1
O15269,SPTLC1,SPTLC1
Q13501,SQSTM1,SQSTM1
P12931,Src,SRC
Q15788,SRC-1,NCOA1
Q15596,SRC-2,NCOA2
Q9Y6Q9,SRC-3,NCOA3
P36956,SREBP-1,SREBF1
P36956-3,SREBP-1 iso3,SREBF1
Q12772,SREBP-2,SREBF2
P11831,SRF,SRF
P30626,SRI,SRI
Q8IYB3,SRm160,SRRM1
Q9UQ35,SRm300,SRRM2
Q96SB4,SRPK1,SRPK1
P78362,SRPK2,SRPK2
Q9BXP5,SRRT,SRRT
P05455,SSB,SSB
Q04837,SSBP1,SSBP1
Q9BWW4,SSBP3,SSBP3
Q8WYL5,SSH1,SSH1
Q8TE77,SSH3,SSH3
P43307,SSR1,SSR1
Q08945,SSRP1,SSRP1
P30874,SSTR2,SSTR2
Q9NP77,SSU72,SSU72
O75886,STAM2,STAM2
Q9UGK3,STAP2,STAP2
Q9Y365,STARD10,STARD10
P42224,STAT1,STAT1
P52630,STAT2,STAT2
P40763,STAT3,STAT3
P42229,STAT5A,STAT5A
P51692,STAT5B,STAT5B
P42226,STAT6,STAT6
O76061,STC2,STC2
Q13285,STF-1,NR5A1
Q15468,STIL,STIL
Q13586,STIM1,STIM1
Q86WV6,STING,TMEM173
Q9UEW8,STLK3,STK39
P16949,STMN1,STMN1
Q93045,STMN2,STMN2
Q9NZ72,STMN3,STMN3
Q7RTN6,STRAD,STRADA
Q9Y3F4,STRAP,STRAP
P56962,STX17,STX17
Q16623,STX1A,STX1A
Q9UMX1,SUFU,SUFU
Q9Y2Z0,SUGT1,SUGT1
Q9BR01,SULT4A1,SULT4A1
O94901,SUN1,SUN1
Q9UH99,SUN2,SUN2
O95425,supervillin,SVIL
O15392,Survivin,BIRC5
Q15022,SUZ12,SUZ12
Q7L0J3,SV2A,SV2A
P43405,Syk,SYK
Q92797,Symplekin,SYMPK
P18827,syndecan-1,SDC1
P34741,syndecan-2,SDC2
P31431,syndecan-4,SDC4
O15056,SYNJ2,SYNJ2
O00560,syntenin,SDCBP
Q9H2B2,SYT4,SYT4
Q5T7P8,SYT6,SYT6
Q8IYJ3,SYTL1,SYTL1
Q15750,TAB1,TAB1
O75410,TACC1,TACC1
Q9Y6A5,TACC3,TACC3
P78536,TACE,ADAM17
P09758,TACSTD2,TACSTD2
Q15545,TAF7,TAF7
Q01995,TAGLN,TAGLN
P37802,TAGLN2,TAGLN2
O43318,TAK1,MAP3K7
P17542,TAL1,TAL1
Q16559,TAL2,TAL2
Q9Y490,talin 1,TLN1
Q9C0D5,TANC1,TANC1
Q7L7X3,TAO1,TAOK1
Q9H2K8,TAO3,TAOK3
Q9H2D6-5,Tara iso5,TRIOBP
P10636,Tau,MAPT
P10636-2,Tau iso2,MAPT
P10636-8,Tau iso8,MAPT
Q86VP1-2,TAX1BP1 iso2,TAX1BP1
Q9GZV5,TAZ,WWTR1
Q86TI0,TBC1D1,TBC1D1
Q99426,TBCB,TBCB
Q15813,TBCE,TBCE
Q9UHD2,TBK1,TBK1
Q9BZK7,TBL1XR1,TBL1XR1
Q9UL17,TBX21,TBX21
O15119,TBX3,TBX3
Q9NQB0,TCF7L2,TCF7L2
Q9NUW8,TDP1,TDP1
Q13148,TDP-43,TARDBP
Q15185,TEBP,PTGES3
P42680,TEC,TEC
P41212,Tel,ETV6
O15273,Telethonin,TCAP
Q9Y4R8,TELO2,TELO2
Q68CZ2,tensin 3,TNS3
Q9NYB0,TERF2IP,TERF2IP
O14746,TERT,TERT
Q8IWB6,TEX14,TEX14
Q00059,TFAM,TFAM
Q12800,TFCP2,TFCP2
Q14186,TFDP1,TFDP1
P19484,TFEB,TFEB
Q92734,TFG,TFG
P10646,TFPI,TFPI
P0C1Z6,TFPT,TFPT
P02786,TfR,TFRC
P36897,TGFBR1,TGFBR1
P37173,TGFBR2,TGFBR2
Q03167,TGFBR3,TGFBR3
P21980,TGM2,TGM2
P07101,TH,TH
P07101-2,TH iso2,TH
P07101-3,TH iso3,TH
P07101-4,TH iso4,TH
Q8N1K5,THEMIS,THEMIS
Q86V81,THOC4,ALYREF
Q13009,TIAM1,TIAM1
Q86XR7,TICAM2,TICAM2
Q7Z2Z1,TICRR,TICRR
Q02763,TIE2,TEK
Q9NYV6,TIF1A,RRN3
Q13263,TIF1B,TRIM28
Q96CG3,TIFA,TIFA
Q8TDQ0,TIM-3,HAVCR2
Q9BSI4,TINF2,TINF2
Q92993,Tip60,KAT5
Q92993-2,Tip60 iso2,KAT5
P58753,TIRAP,TIRAP
Q8WZ42,Titin,TTN
P04183,TK,TK1
P29401,TKT,TKT
Q04724,TLE1,TLE1
Q9UKI8,TLK1,TLK1
Q86UE8,TLK2,TLK2
O15455,TLR3,TLR3
O00206,TLR4,TLR4
O60602,TLR5,TLR5
P28289,TMOD1,TMOD1
P42166,TMPO iso6,TMPO
Q13829,TNFAIP1,TNFAIP1
P19438,TNF-R1,TNFRSF1A
Q13470,TNK1,TNK1
O95271,TNKS,TNKS
Q9C0C2,TNKS1BP1,TNKS1BP1
P19429,TNNI3,TNNI3
P45379,TNNT2,TNNT2
Q6Y7W6,TNRC15,GIGYF2
P50616,TOB1,TOB1
P11387,TOP1,TOP1
P11388,TOP2A,TOP2A
Q02880,TOP2B,TOP2B
Q92547,TOPBP1,TOPBP1
Q9NS56,TOPORS,TOPORS
Q5JTV8,TOR1AIP1,TOR1AIP1
Q53ET0,TORC2,CRTC2
P55327,TPD52,TPD52
Q8IWU9,TPH2,TPH2
P09493,TPM1,TPM1
O14773,TPP1,TPP1
O94811,TPPP,TPPP
P12270,TPR,TPR
Q9ULW0,TPX2,TPX2
Q12933,TRAF2,TRAF2
Q13114,TRAF3,TRAF3
Q9BUZ4,TRAF4,TRAF4
Q9Y2W1,Trap150,THRAP3
O60244,Trap170,MED14
Q92519,TRB2,TRIB2
P10828,TR-beta1,THRB
Q15633,TRBP,TARBP2
Q13428,treacle,TCOF1
P54274,TRF1,TERF1
Q15554,TRF2,TERF2
Q14134,TRIM29,TRIM29
O75962,TRIO,TRIO
Q15642-3,TRIP10 iso3,TRIP10
Q14669,TRIP12,TRIP12
Q15654,TRIP6,TRIP6
P04629,TrkA,NTRK1
P04629-2,TrkA iso2,NTRK1
Q16620,TrkB,NTRK2
O75762,TRPA1,TRPA1
Q13507,TRPC3,TRPC3
Q13507-3,TRPC3 iso3,TRPC3
Q9Y210,TRPC6,TRPC6
O94759-3,TRPM2 iso3,
Q8TD43,TRPM4,TRPM4
Q7Z2W7,TRPM8,TRPM8
Q8NER1,TRPV1,TRPV1
Q8NET8,TRPV3,TRPV3
Q9HBA0,TRPV4,TRPV4
Q9NQA5,TRPV5,TRPV5
Q9H1D0,TRPV6,TRPV6
Q9NP31,TSAd,SH2D2A
Q92574,TSC1,TSC1
P49815,TSC2,TSC2
Q01534,TSPY1,TSPY1
Q9H2G4,TSPYL2,TSPYL2
Q2NL82,TSR1,TSR1
P53804,TTC3,TTC3
Q8TAP9,TTDN1,MPLKIP
O43156,TTI1,TTI1
P33981,TTK,TTK
O95551,TTRAP,TDP2
P68363,TUBA1B,TUBA1B
Q9BQE3,TUBA1C,TUBA1C
P07437,TUBB,TUBB
Q13509,TUBB3,TUBB3
P23258,TUBG1,TUBG1
Q9NRH3,TUBG2,TUBG2
Q15672,TWIST1,TWIST1
P21731,TXA2-R,TBXA2R
P21731-2,TXA2-R iso2,TBXA2R
P42681,TXK,TXK
P10599,TXN,TXN
Q9H3M7,TXNIP,TXNIP
P29597,Tyk2,TYK2
P04818,TYMS,TYMS
P14679,TYR,TYR
P26368,U2AF2,U2AF2
Q712K3,UBC3B,UBE2R2
P63279,UBC9,UBE2I
P49459,UBE2A,UBE2A
Q9C0C9,UBE2O,UBE2O
Q16763,UBE2S,UBE2S
Q05086-2,UBE3A iso2,UBE3A
P62988,ubiquitin,UBA52-RPS27A-UBB-UBC
Q5T4S7,UBR4,UBR4
O95071,UBR5,UBR5
Q14CS0,UBXN2B,UBXN2B
P15374,UCHL3,UCHL3
O60701,UGDH,UGDH
Q9HAW7,UGT1A7,UGT1A7
P16662,UGT2B7,UGT2B7
Q96T88,UHRF1,UHRF1
Q96T88-2,UHRF1 iso2,UHRF1
O75385,ULK1,ULK1
Q8IYT8,ULK2,ULK2
Q6PHR2,ULK3,ULK3
P13051,UNG,UNG
P00749,uPA,PLAU
Q76M96,URB,CCDC80
P22415,USF1,USF1
Q15853,USF2,USF2
O94782,USP1,USP1
Q14694,USP10,USP10
P54578,USP14,USP14
Q9Y4E8,USP15,USP15
Q9Y5T5,USP16,USP16
O75604,USP2,USP2
Q9Y2K6,USP20,USP20
Q9UK80,USP21,USP21
Q9UPU5,USP24,USP24
Q9UHP3,USP25,USP25
Q96RU2,USP28,USP28
Q70CQ2,USP34,USP34
Q86T82,USP37,USP37
Q13107,USP4,USP4
Q93009,USP7,USP7
P40818,USP8,USP8
P46939,utrophin,UTRN
Q9P2Y5,UVRAG,UVRAG
P51809,VAMP7,VAMP7
P50552,VASP,VASP
P15498,VAV1,VAV1
P52735,VAV2,VAV2
Q9UKW4,VAV3,VAV3
Q96JH7,VCIP135,VCPIP1
P55072,VCP,VCP
P21796,VDAC1,VDAC1
P11473,VDR,VDR
P17948,VEGFR1,FLT1
P35968,VEGFR2,KDR
P35916,VEGFR3,FLT4
Q14135-4,VGLL4 iso4,VGLL4
P40337,VHL,VHL
Q00341,vigilin,HDLBP
P09327,Villin,VIL1
P08670,Vimentin,VIM
O60504_VAR_055019,vinexin iso10,SORBS3
O60504-2,vinexin iso2,SORBS3
Q99986,VRK1,VRK1
P04004,VTN,VTN
P42768,WASP,WAS
Q92558,WAVE1,WASF1
Q9Y6W5,WAVE2,WASF2
Q969T9,WBP2,WBP2
O43379,WDR62,WDR62
Q9BQA1,WDR77,WDR77
P30291,Wee1,WEE1
O96028,WHSC1,NSD2
Q9H3P2,WHSC2,NELFA
O43516,WIPF1,WIPF1
O95785,WIZ,WIZ
Q9H4A3,WNK1,WNK1
Q96J92,WNK4,WNK4
Q9BUR4,WRAP53,WRAP53
Q14191,WRN,WRN
Q9UIG0,WSTF,BAZ1B
P19544,WT1,WT1
P19544-7,WT1 iso7,WT1
Q9NZC7,WWOX,WWOX
P17861,XBP1,XBP1
P47989,XDH,XDH
P98170,XIAP,XIAP
P23025,XPA,XPA
P19447,XPB,ERCC3
P18887,XRCC1,XRCC1
O43542,XRCC3,XRCC3
Q13426,XRCC4,XRCC4
Q9H0D6,XRN2,XRN2
P46937,YAP1,YAP1
P46937-2,YAP1 iso2,YAP1
P67809,YB-1,YBX1
Q9Y2T7,YBX2,YBX2
P07947,Yes,YES1
P25490,YY1,YY1
Q9NYL2,ZAK,MAP3K20
P43403,ZAP70,ZAP70
O95625,ZBTB11,ZBTB11
Q8N680,ZBTB2,ZBTB2
Q9P1Z0,ZBTB4,ZBTB4
O75152,ZC3H11A,ZC3H11A
Q9UPT8,ZC3H4,ZC3H4
Q9H1K0,ZFYVE20,ZFYVE20
Q9UKY1,ZHX1,ZHX1
Q9UQR1,ZNF148,ZNF148
Q9UBW7,ZNF198,ZMYM2
Q14202,ZNF261,ZMYM3
Q9Y2X9,ZNF281,ZNF281
Q6U7Q0,ZNF322A,ZNF322
Q9H8N7,ZNF395,ZNF395
Q8TAQ5,ZNF420,ZNF420
O15014,ZNF609,ZNF609
Q969S3,ZNF622,ZNF622
Q14966,ZNF638,ZNF638
Q9BU19,ZNF692,ZNF692
Q9H5H4,ZNF768,ZNF768
O43257,ZNHIT1,ZNHIT1
Q8NHG8,ZNRF2,ZNRF2
Q9BUG6,ZSCAN5,ZSCAN5A
Q15942,Zyxin,ZYX
