CNumber,Inhibitor,Brutto,InChI,InChI Key,PubChem CID,SMILES
177,(5Z)-7-Oxozeaenol,C19H22O7,"InChI=1S/C19H22O7/c1-11-5-3-7-14(20)18(23)15(21)8-4-6-12-9-13(25-2)10-16 (22)17(12)19(24)26-11/h3-4,6-7,9-11,15,18,21-23H,5,8H2,1-2H3",NEQZWEXWOFPKOT-UHFFFAOYSA-N,53442201,CC1CC=CC(=O)C(C(CC=CC2=CC(=CC(=C2C(=O)O1)O)OC)O)O
2,1 NA-PP1 (PP1 Analog),C19H19N5,"InChI=1S/C19H19N5/c1-19(2,3)24-18-15(17(20)21-11-22-18)16(23-24)14-10-6-8-12-7-4-5-9-13(12)14/h4-11H,1-3H3,(H2,20,21,22)",XSHQBIXMLULFEV-UHFFFAOYSA-N,4877,CC(C)(C)N1C2=C(C(=N1)C3=CC=CC4=CC=CC=C43)C(=NC=N2)N
3,1 NM-PP1 (PP1 Analog II),C20H21N5,"InChI=1S/C20H21N5/c1-20(2,3)25-19-17(18(21)22-12-23-19)16(24-25)11-14-9-6-8-13-7-4-5-10-15(13)14/h4-10,12H,11H2,1-3H3,(H2,21,22,23)",GDQXJQSQYMMKRA-UHFFFAOYSA-N,5154691,CC(C)(C)N1C2=C(C(=N1)CC3=CC=CC4=CC=CC=C43)C(=NC=N2)N
293,2-Aminopurine,C5H5N5,"InChI=1S/C5H5N5/c6-5-7-1-3-4(10-5)9-2-8-3/h1-2H,(H3,6,7,8,9,10)",MWBWWFOAEOYUST-UHFFFAOYSA-N,9955,C1=C2C(=NC(=N1)N)N=CN2
5,A-443654,C24H23ON5x2HCl,"InChI=1S/C24H23N5O/c1-15-22-10-16(6-7-24(22)29-28-15)17-9-20(13-26-11-17)30-14-19(25)8-18-12-27-23-5-3-2-4-21(18)23/h2-7,9-13,19,27H,8,14,25H2,1H3,(H,28,29)/t19-/m0/s1",YWTBGJGMTBHQTM-IBGZPJMESA-N,10172943,CC1=C2C=C(C=CC2=NN1)C3=CC(=CN=C3)OCC(CC4=CNC5=CC=CC=C54)N
6,A-769662,C20H12N2O3S,"InChI=1S/C20H12N2O3S/c21-9-14-18(24)17-15(10-26-20(17)22-19(14)25)12-7-5-11(6-8-12)13-3-1-2-4-16(13)23/h1-8,10,23H,(H2,22,24,25)",CTESJDQKVOEUOY-UHFFFAOYSA-N,54708532,C1=CC=C(C(=C1)C2=CC=C(C=C2)C3=CSC4=C3C(=C(C(=O)N4)C#N)O)O
162,A-83-01,C25H19N5S,"InChI=1S/C25H19N5S/c1-17-8-7-13-23(27-17)24-21(19-14-15-26-22-12-6-5-11-20(19)22)16-30(29-24)25(31)28-18-9-3-2-4-10-18/h2-16H,1H3,(H,28,31)",HIJMSZGHKQPPJS-UHFFFAOYSA-N,16218924,CC1=CC=CC(=N1)C2=NN(C=C2C3=CC=NC4=CC=CC=C34)C(=S)NC5=CC=CC=C5
144,AG1296 (Tyrphostin),C16H14N2O2,"InChI=1S/C16H14N2O2/c1-19-15-8-12-13(9-16(15)20-2)18-14(10-17-12)11-6-4-3-5-7-11/h3-10H,1-2H3",QNOXYUNHIGOWNY-UHFFFAOYSA-N,2049,COC1=C(C=C2C(=C1)N=CC(=N2)C3=CC=CC=C3)OC
154,AG1478 (Tyrphostin),C16H14ClN3O2,"InChI=1S/C16H14ClN3O2/c1-21-14-7-12-13(8-15(14)22-2)18-9-19-16(12)20-11-5-3-4-10(17)6-11/h3-9H,1-2H3,(H,18,19,20)",GFNNBHLJANVSQV-UHFFFAOYSA-N,2051,COC1=C(C=C2C(=C1)C(=NC=N2)NC3=CC(=CC=C3)Cl)OC
7,AG490,C17H14N2O3,"InChI=1S/C17H14N2O3/c18-10-14(8-13-6-7-15(20)16(21)9-13)17(22)19-11-12-4-2-1-3-5-12/h1-9,20-21H,11H2,(H,19,22)/b14-8+",TUCIOBMMDDOEMM-RIYZIHGNSA-N,5328779,C1=CC=C(C=C1)CNC(=O)C(=CC2=CC(=C(C=C2)O)O)C#N
8,AG879 (Tyrphostin),C18H24N2OS,"InChI=1S/C18H24N2OS/c1-17(2,3)13-8-11(7-12(10-19)16(20)22)9-14(15(13)21)18(4,5)6/h7-9,22H,20H2,1-6H3/b16-12+",LCUMYVYIHXYBIA-FOWTUZBSSA-N,5487525,CC(C)(C)C1=CC(=CC(=C(N)S)C#N)C=C(C1=O)C(C)(C)C
148,Akt Inhibitor IV,C31H27IN4S,"InChI=1S/C31H27N4S.HI/c1-3-34-28-22-23(31-32-26-16-10-11-17-29(26)36-31)18-19-27(28)35(25-14-8-5-9-15-25)30(34)20-21-33(2)24-12-6-4-7-13-24;/h4-22H,3H2,1-2H3;1H/q+1;/p-1",NAYRELMNTQSBIN-UHFFFAOYSA-M,5719375,CC[N+]1=C(N(C2=C1C=C(C=C2)C3=NC4=CC=CC=C4S3)C5=CC=CC=C5)C=CN(C)C6=CC=CC=C6.[I-]
9,Akti 1/2,C34H29N7O,"InChI=1S/C34H29N7O/c42-34-39-26-8-4-5-9-31(26)41(34)25-14-16-40(17-15-25)20-22-10-12-24(13-11-22)33-32(23-6-2-1-3-7-23)37-29-18-27-28(36-21-35-27)19-30(29)38-33/h1-13,18-19,21,25H,14-17,20H2,(H,35,36)(H,39,42)",BIWGYFZAEWGBAL-UHFFFAOYSA-N,10196499,C1CN(CCC1N2C3=CC=CC=C3NC2=O)CC4=CC=C(C=C4)C5=NC6=CC7=C(C=C6N=C5C8=CC=CC=C8)N=CN7
10,Alsterpaullone,C16H11N3O3,"InChI=1S/C16H11N3O3/c20-15-8-12-11-7-9(19(21)22)5-6-14(11)18-16(12)10-3-1-2-4-13(10)17-15/h1-7,18H,8H2,(H,17,20)",OLUKILHGKRVDCT-UHFFFAOYSA-N,5005498,C1C2=C(C3=CC=CC=C3NC1=O)NC4=C2C=C(C=C4)[N+](=O)[O-]
219,Amgen TBK 1 inhibitor (Compound II),C28H35N7O4,"InChI=1S/C28H35N7O4/c1-33-11-13-34(14-12-33)10-5-15-39-25-17-21(16-24(37-3)26(25)38-4)31-28-29-18-20-19-30-35(27(20)32-28)22-6-8-23(36-2)9-7-22/h6-9,16-19H,5,10-15H2,1-4H3,(H,29,31,32)",PVQUVXVUIZZLMP-UHFFFAOYSA-N,121230617,CN1CCN(CC1)CCCOc2cc(cc(c2OC)OC)Nc3ncc4cnn(c4n3)c5ccc(cc5)OC
310,Amgen-NIK-28,C20H20N4O,"InChI=1S/C20H20N4O/c1-20(2,25)9-8-12-6-7-15-14(10-12)17-16(23-15)5-3-4-13-11-22-19(21)24-18(13)17/h6-7,10-11,23,25H,3-5H2,1-2H3,(H2,21,22,24)",DGLFSNZWRYADFC-UHFFFAOYSA-N,58221549,CC(C)(C#Cc1ccc2c(c1)c-3c([nH]2)CCCc4c3nc(nc4)N)O
311,Amlexanox,C16H14N2O4,"InChI=1S/C16H14N2O4/c1-7(2)8-3-4-12-9(5-8)13(19)10-6-11(16(20)21)14(17)18-15(10)22-12/h3-7H,1-2H3,(H2,17,18)(H,20,21)",SGRYPYWGNKJSDL-UHFFFAOYSA-N,2161,O=C1c3cc(ccc3Oc2nc(c(cc12)C(=O)O)N)C(C)C
11,ARA014418,C12H12N4O4S,"InChI=1S/C12H12N4O4S/c1-20-9-4-2-8(3-5-9)6-13-11(17)15-12-14-7-10(21-12)16(18)19/h2-5,7H,6H2,1H3,(H2,13,14,15,17)",YAEMHJKFIIIULI-UHFFFAOYSA-N,448014,COC1=CC=C(C=C1)CNC(=O)NC2=NC=C(S2)[N+](=O)[O-]
12,AS601245 (JNK Inhibitor V),C20H16N6S,"InChI=1S/C20H16N6S/c21-12-15(19-25-17-5-1-2-6-18(17)27-19)16-8-11-24-20(26-16)23-10-7-14-4-3-9-22-13-14/h1-6,8-9,11,13,25H,7,10H2,(H,23,24,26)/b19-15+",AVLYNJZZQYEFEA-XDJHFCHBSA-N,11422035,C1=CC=C2C(=C1)NC(=C(C#N)C3=NC(=NC=C3)NCCC4=CN=CC=C4)S2
182,AX 20017,C13H16N2O2S,"InChI=1S/C13H16N2O2S/c14-11(16)10-8-3-1-2-4-9(8)18-13(10)15-12(17)7-5-6-7/h7H,1-6H2,(H2,14,16)(H,15,17)",VATFNEMGBRWLHI-UHFFFAOYSA-N,673481,C1CCC2=C(C1)C(=C(S2)NC(=O)C3CC3)C(=O)N
212,AZD8055,C25H31N5O4,"InChI=1S/C25H31N5O4/c1-16-14-33-10-8-29(16)24-20-5-6-21(18-4-7-22(32-3)19(12-18)13-31)26-23(20)27-25(28-24)30-9-11-34-15-17(30)2/h4-7,12,16-17,31H,8-11,13-15H2,1-3H3/t16-,17-/m0/s1",KVLFRAWTRWDEDF-IRXDYDNUSA-N,25262965,CC1COCCN1C2=NC(=NC3=C2C=CC(=N3)C4=CC(=C(C=C4)OC)CO)N5CCOCC5C
280,BAY 61-3606,C20H18N6O3·xHCl·yH2O,"InChI=1S/C20H18N6O3/c1-28-15-6-5-12(10-16(15)29-2)14-11-17-22-8-9-26(17)20(24-14)25-19-13(18(21)27)4-3-7-23-19/h3-11H,1-2H3,(H2,21,27)(H,23,24,25)",JWQOJVOKBAAAAR-UHFFFAOYSA-N,10200390,COC1=C(C=C(C=C1)C2=CC3=NC=CN3C(=N2)NC4=C(C=CC=N4)C(=O)N)OC
14,Bay 65-1942,C22H26ClN3O4,"InChI=1S/C22H25N3O4.ClH/c26-18-4-1-5-19(28-11-13-6-7-13)20(18)17-9-15(14-3-2-8-23-10-14)16-12-29-22(27)25-21(16)24-17;/h1,4-5,9,13-14,23-24H,2-3,6-8,10-12H2,(H,25,27);1H/b20-17-;/t14-;/m1./s1",KSTOJOVDFHFWCE-VHNKIRJFSA-N,66575052,C1CC(CNC1)C2=CC(=C3C(=O)C=CC=C3OCC4CC4)NC5=C2COC(=O)N5.Cl
15,BAY-11-7082,C10H9NO2S,"InChI=1S/C10H9NO2S/c1-9-3-5-10(6-4-9)14(12,13)8-2-7-11/h2-6,8H,1H3/b8-2+",DOEWDSDBFRHVAP-KRXBUXKQSA-N,5353431,CC1=CC=C(C=C1)S(=O)(=O)C=CC#N
16,"BAY439006 (Sorafenib, Nexavar)",C21H16ClF3N4O3,"InChI=1S/C21H16ClF3N4O3/c1-26-19(30)18-11-15(8-9-27-18)32-14-5-2-12(3-6-14)28-20(31)29-13-4-7-17(22)16(10-13)21(23,24)25/h2-11H,1H3,(H,26,30)(H2,28,29,31)",MLDQJTXFUGDVEO-UHFFFAOYSA-N,216239,CNC(=O)C1=NC=CC(=C1)OC2=CC=C(C=C2)NC(=O)NC3=CC(=C(C=C3)Cl)C(F)(F)F
17,BI 2536,C28H39N7O3,"InChI=1S/C28H39N7O3/c1-5-22-27(37)34(3)23-17-29-28(32-25(23)35(22)20-8-6-7-9-20)31-21-11-10-18(16-24(21)38-4)26(36)30-19-12-14-33(2)15-13-19/h10-11,16-17,19-20,22H,5-9,12-15H2,1-4H3,(H,30,36)(H,29,31,32)/t22-/m1/s1",XQVVPGYIWAGRNI-JOCHJYFZSA-N,11364421,CCC1C(=O)N(C2=CN=C(N=C2N1C3CCCC3)NC4=C(C=C(C=C4)C(=O)NC5CCN(CC5)C)OC)C
131,BI-78D3,C13H9N5O5S2,"InChI=1S/C13H9N5O5S2/c19-11-15-16-12(25-13-14-6-10(24-13)18(20)21)17(11)7-1-2-8-9(5-7)23-4-3-22-8/h1-2,5-6H,3-4H2,(H,15,19)",QFRLDZGQEZCCJZ-UHFFFAOYSA-N,2747117,C1COC2=C(O1)C=CC(=C2)N3C(=O)NN=C3SC4=NC=C(S4)[N+](=O)[O-]
18,BI-D-1870,C19H23N5O2F2,"InChI=1S/C19H23F2N5O2/c1-10(2)5-6-26-11(3)18(28)25(4)15-9-22-19(24-17(15)26)23-12-7-13(20)16(27)14(21)8-12/h7-11,27H,5-6H2,1-4H3,(H,22,23,24)",DTEKTGDVSARYDS-UHFFFAOYSA-N,25023738,CC1C(=O)N(C2=CN=C(N=C2N1CCC(C)C)NC3=CC(=C(C(=C3)F)O)F)C
201,BI605906 (BIX02514),C17H22F2N4O3S2,"InChI=1S/C17H22F2N4O3S2/c1-3-17(18,19)10-8-11(23-6-4-9(5-7-23)28(2,25)26)22-16-12(10)13(20)14(27-16)15(21)24/h8-9H,3-7,20H2,1-2H3,(H2,21,24)",IYHHRZBKXXKDDY-UHFFFAOYSA-N,23652660,CCC(c1cc(nc2c1c(c(s2)C(=O)N)N)N3CCC(CC3)S(=O)(=O)C)(F)F
19,BIO (6-Bromoindirubin-3'-oxime),C16H10BrN3O2,"InChI=1S/C16H10BrN3O2/c17-8-5-6-9-12(7-8)19-16(21)13(9)15-14(20-22)10-3-1-2-4-11(10)18-15/h1-7,20,22H,(H,19,21)/b15-13-",WNWSUJQVZJJGLF-SQFISAMPSA-N,5287844,C1=CC2=C(C(=C3C4=C(C=C(C=C4)Br)NC3=O)N=C2C=C1)NO
20,BIRB-0796 (Doramapimod),C31H37N5O3,"InChI=1S/C31H37N5O3/c1-22-9-11-23(12-10-22)36-29(21-28(34-36)31(2,3)4)33-30(37)32-26-13-14-27(25-8-6-5-7-24(25)26)39-20-17-35-15-18-38-19-16-35/h5-14,21H,15-20H2,1-4H3,(H2,32,33,37)",MVCOAUNKQVWQHZ-UHFFFAOYSA-N,156422,CC1=CC=C(C=C1)N2C(=CC(=N2)C(C)(C)C)NC(=O)NC3=CC=C(C4=CC=CC=C43)OCCN5CCOCC5
21,Blebbistatin,C18H16N2O2,"InChI=1S/C18H16N2O2/c1-12-7-8-15-14(11-12)16(21)18(22)9-10-20(17(18)19-15)13-5-3-2-4-6-13/h2-8,11,22H,9-10H2,1H3",LZAXPYOBKSJSEX-UHFFFAOYSA-N,3476986,CC1=CC2=C(C=C1)N=C3C(C2=O)(CCN3C4=CC=CC=C4)O
176,BML-258 (SK1-I),C17H28ClNO2,"InChI=1S/C17H27NO2.ClH/c1-3-4-5-6-14-7-9-15(10-8-14)11-12-17(20)16(13-19)18-2;/h7-12,16-20H,3-6,13H2,1-2H3;1H/b12-11+;/t16-,17+;/m1./s1 ",SGCJOKUPGVFNKS-UUCPMUBFSA-N,49793059,CCCCCc1ccc(cc1)/C=C/[C@@H]([C@@H](CO)NC)O.Cl
22,BMS345541 (IKK Inhibitor III),C14H17N5,"InChI=1S/C14H17N5.ClH/c1-9-3-4-11-12(7-9)19-10(2)8-17-14(19)13(18-11)16-6-5-15;/h3-4,7-8H,5-6,15H2,1-2H3,(H,16,18);1H",MIDKPVLYXNLFGZ-UHFFFAOYSA-N,9926054,CC1=CC2=C(C=C1)N=C(C3=NC=C(N23)C)NCCN.Cl
329,Bosutinib,C26H29Cl2N5O3,"InChI=1S/C26H29Cl2N5O3/c1-32-6-8-33(9-7-32)5-4-10-36-25-13-21-18(11-24(25)35-3)26(17(15-29)16-30-21)31-22-14-23(34-2)20(28)12-19(22)27/h11-14,16H,4-10H2,1-3H3,(H,30,31)",UBPYILGKFZZVDX-UHFFFAOYSA-N,5328940,CN1CCN(CC1)CCCOC2=C(C=C3C(=C2)N=CC(=C3NC4=CC(=C(C=C4Cl)Cl)OC)C#N)OC
23,BX-320,C23H31BrN8O3,"InChI=1S/C23H31BrN8O3/c1-23(2,19(25)33)20(34)27-10-6-9-26-18-17(24)14-28-21(31-18)29-15-7-5-8-16(13-15)30-22(35)32-11-3-4-12-32/h5,7-8,13-14H,3-4,6,9-12H2,1-2H3,(H2,25,33)(H,27,34)(H,30,35)(H2,26,28,29,31)",ZNSULAZTNWFKEW-UHFFFAOYSA-N,657138,CC(C)(C(=O)N)C(=O)NCCCNC1=NC(=NC=C1Br)NC2=CC(=CC=C2)NC(=O)N3CCCC3
24,BX-517,C15H14N4O2,"InChI=1S/C15H14N4O2/c1-8(11-3-2-6-17-11)13-10-7-9(18-15(16)21)4-5-12(10)19-14(13)20/h2-7,17H,1H3,(H,19,20)(H3,16,18,21)/b13-8-",DFURSNCTQGJRRX-JYRVWZFOSA-N,11161844,CC(=C1C2=C(C=CC(=C2)NC(=O)N)NC1=O)C3=CC=CN3
25,BX-517 Analog (compound 7b),C19H15N5O2,"InChI=1S/C19H15N5O2/c20-19(26)23-13-3-4-17-15(7-13)16(18(25)24-17)8-14-6-12(10-22-14)11-2-1-5-21-9-11/h1-10,22H,(H,24,25)(H3,20,23,26)/b16-8-",XROQQHOCADBSBW-PXNMLYILSA-N,11588244,c1cc(cnc1)c2cc([nH]c2)/C=C\3/c4cc(ccc4NC3=O)NC(=O)N
26,BX-795,C23H26IN7O2S,"InChI=1S/C23H26IN7O2S/c24-18-15-27-22(30-20(18)25-9-5-10-26-21(32)19-8-4-13-34-19)28-16-6-3-7-17(14-16)29-23(33)31-11-1-2-12-31/h3-4,6-8,13-15H,1-2,5,9-12H2,(H,26,32)(H,29,33)(H2,25,27,28,30)",VAVXGGRQQJZYBL-UHFFFAOYSA-N,10077147,C1CCN(C1)C(=O)NC2=CC=CC(=C2)NC3=NC=C(C(=N3)NCCCNC(=O)C4=CC=CS4)I
320,BX-912,C20H23BrN8O,"InChI=1S/C20H23BrN8O/c21-17-12-24-19(28-18(17)23-7-6-16-11-22-13-25-16)26-14-4-3-5-15(10-14)27-20(30)29-8-1-2-9-29/h3-5,10-13H,1-2,6-9H2,(H,22,25)(H,27,30)(H2,23,24,26,28)",DMMILYKXNCVKOJ-UHFFFAOYSA-N,11754511,C1CCN(C1)C(=O)NC2=CC=CC(=C2)NC3=NC=C(C(=N3)NCCC4=CN=CN4)Br
136,Caffeine,C8H10N4O2,"InChI=1S/C8H10N4O2/c1-10-4-9-6-5(10)7(13)12(3)8(14)11(6)2/h4H,1-3H3",RYYVLZVUVIJVGH-UHFFFAOYSA-N,2519,CN1C=NC2=C1C(=O)N(C(=O)N2C)C
312,CAY10576,C22H19N3O5S2,"InChI=1S/C22H19N3O5S2/c1-28-17-8-15-16(9-18(17)29-2)25(13-24-15)22-10-19(20(11-23)31-22)30-12-14-6-4-5-7-21(14)32(3,26)27/h4-10,13H,12H2,1-3H3",LDTAHRLHGHFHKP-UHFFFAOYSA-N,11626927,CS(C1=C(COC2=C(C#N)SC(N3C=NC4=CC(OC)=C(OC)C=C43)=C2)C=CC=C1)(=O)=O
279,CCT250862,Unavailable,Unavailable,Unavailable,Unavailable,Unavailable
327,Celastrol,C29H38O4,"InChI=1S/C29H38O4/c1-17-18-7-8-21-27(4,19(18)15-20(30)23(17)31)12-14-29(6)22-16-26(3,24(32)33)10-9-25(22,2)11-13-28(21,29)5/h7-8,15,22,31H,9-14,16H2,1-6H3,(H,32,33)/t22-,25-,26?,27+,28-,29+/m1/s1",KQJSQWZMSAGSHN-KUDKLYNCSA-N,92310323,O=C1C=C2C(=CC=C3[C@@]2(C)CCC2(C)[C@@H]4C[C@@](C)(CC[C@]4(C)CC[C@]32C)C(=O)O)C(=C1O)C
28,CGP-57380,C11H9FN6,"InChI=1S/C11H9FN6/c12-6-1-3-7(4-2-6)16-11-8-9(13)14-5-15-10(8)17-18-11/h1-5H,(H4,13,14,15,16,17,18)",UQPMANVRZYYQMD-UHFFFAOYSA-N,11644425,C1=CC(=CC=C1NC2=C3C(=NC=NC3=NN2)N)F
29,CGP-57380 analog (SHN-093),C12H11FN6,"InChI=1S/C12H11FN6/c1-19-12-9(10(14)15-6-16-12)11(18-19)17-8-4-2-7(13)3-5-8/h2-6H,1H3,(H,17,18)(H2,14,15,16)",SIHUJKCSGBNJEM-UHFFFAOYSA-N,Unavailable,Cn1c2c(c(ncn2)N)c(n1)Nc3ccc(cc3)F
30,CGP-57380 analog (SHN-095),C13H14N6,"InChI=1S/C13H14N6/c1-8-4-3-5-9(6-8)17-12-10-11(14)15-7-16-13(10)19(2)18-12/h3-7H,1-2H3,(H,17,18)(H2,14,15,16)",QLLSZPWRBXJUTI-UHFFFAOYSA-N,Unavailable,Cc1cccc(c1)Nc2c3c(ncnc3n(n2)C)N
31,Chelerythrine Chloride,C21H18NO4Cl,"InChI=1S/C21H18NO4.ClH/c1-22-10-16-13(6-7-17(23-2)21(16)24-3)14-5-4-12-8-18-19(26-11-25-18)9-15(12)20(14)22;/h4-10H,11H2,1-3H3;1H/q+1;/p-1",WEEFNMFMNMASJY-UHFFFAOYSA-M,72311,C[N+]1=C2C(=C3C=CC(=C(C3=C1)OC)OC)C=CC4=CC5=C(C=C42)OCO5.[Cl-]
33,CHIR 99021 (CT 99021),C22H18Cl2N8,"InChI=1S/C22H18Cl2N8/c1-13-10-29-21(31-13)17-12-30-22(32-20(17)16-4-3-15(23)8-18(16)24)27-7-6-26-19-5-2-14(9-25)11-28-19/h2-5,8,10-12H,6-7H2,1H3,(H,26,28)(H,29,31)(H,27,30,32)",AQGNHMOJWBZFQQ-UHFFFAOYSA-N,9956119,CC1=CN=C(N1)C2=CN=C(N=C2C3=C(C=C(C=C3)Cl)Cl)NCCNC4=NC=C(C=C4)C#N
301,Chloroquine,C18H26ClN3,"InChI=1S/C18H26ClN3/c1-4-22(5-2)12-6-7-14(3)21-17-10-11-20-18-13-15(19)8-9-16(17)18/h8-11,13-14H,4-7,12H2,1-3H3,(H,20,21)",WHTVZRBIWZFKQO-UHFFFAOYSA-N,2719,CCN(CC)CCCC(C)NC1=C2C=CC(=CC2=NC=C1)Cl
34,CKI-7,C11H12ClN3O2S·2HCl,"InChI=1S/C11H12ClN3O2S/c12-10-1-2-11(18(16,17)15-6-4-13)9-7-14-5-3-8(9)10/h1-3,5,7,15H,4,6,13H2",OGKYMFFYOWUTKV-UHFFFAOYSA-N,129236,C1=CC(=C2C=CN=CC2=C1S(=O)(=O)NCCN)Cl
35,Compound C (Dorsomorphin),C24H25N5O,"InChI=1S/C24H25N5O/c1-2-12-28(13-3-1)14-15-30-22-6-4-19(5-7-22)21-16-26-24-23(17-27-29(24)18-21)20-8-10-25-11-9-20/h4-11,16-18H,1-3,12-15H2",XHBVYDAKJHETMP-UHFFFAOYSA-N,11524144,C1CCN(CC1)CCOC2=CC=C(C=C2)C3=CN4C(=C(C=N4)C5=CC=NC=C5)N=C3
166,Cot-Tpl2 Inhibitor Compound 10b (Abbott),C20H15N3OS,Unavailable,Unavailable,Unavailable,Unavailable
138,Cot-Tpl2 Inhibitor Compound 38 (Abbott),C21H12F3N5OS,Unavailable,Unavailable,Unavailable,Unavailable
135,Cot-Tpl2 Inhibitor Compound 41 (Abbott),C21H14N6O2S,"InChI=1S/C21H14N6O2S/c22-20(28)14-3-1-12(2-4-14)13-5-7-15(8-6-13)29-17-10-23-11-19-16(17)9-18(30-19)21-24-26-27-25-21/h1-11H,(H2,22,28)(H,24,25,26,27)",NCPSMBVBKJXJPP-UHFFFAOYSA-N,25101222,C1=CC(=CC=C1C2=CC=C(C=C2)OC3=CN=CC4=C3C=C(S4)C5=NNN=N5)C(=O)N
204,CP-690550 (Tasocitinib),C16H20N6O,"InChI=1S/C16H20N6O/c1-11-5-8-22(14(23)3-6-17)9-13(11)21(2)16-12-4-7-18-15(12)19-10-20-16/h4,7,10-11,13H,3,5,8-9H2,1-2H3,(H,18,19,20)/t11-,13+/m1/s1",UJLAWZDWDVHWOW-YPMHNXCESA-N,9926791,CC1CCN(CC1N(C)C2=NC=NC3=C2C=CN3)C(=O)CC#N
341,Crenolanib,C26H29N5O2,"InChI=1S/C26H29N5O2/c1-26(14-32-15-26)16-33-20-6-7-22-21(13-20)28-17-31(22)24-8-5-18-3-2-4-23(25(18)29-24)30-11-9-19(27)10-12-30/h2-8,13,17,19H,9-12,14-16,27H2,1H3",DYNHJHQFHQTFTP-UHFFFAOYSA-N,10366136,CC1(COC1)COC2=CC3=C(C=C2)N(C=N3)C4=NC5=C(C=CC=C5N6CCC(CC6)N)C=C4
41,Curcumin,C21H20O6,"InChI=1S/C21H20O6/c1-26-20-11-14(5-9-18(20)24)3-7-16(22)13-17(23)8-4-15-6-10-19(25)21(12-15)27-2/h3-12,24-25H,13H2,1-2H3/b7-3+,8-4+",VFLDPWHFBUODDF-FCXRPNKRSA-N,969516,COC1=C(C=CC(=C1)C=CC(=O)CC(=O)C=CC2=CC(=C(C=C2)O)OC)O
222,CZC-25146,C22H25FN6O4S,"InChI=1S/C23H28N6O4S/c1-16-15-24-23(27-22(16)25-18-6-4-5-7-19(18)28-34(3,30)31)26-20-9-8-17(14-21(20)32-2)29-10-12-33-13-11-29/h4-9,14-15,28H,10-13H2,1-3H3,(H2,24,25,26,27)",LPNYSGPEOBYEDW-UHFFFAOYSA-N,Unavailable,Cc1cnc(nc1Nc2ccccc2NS(=O)(=O)C)Nc3ccc(cc3OC)N4CCOCC4
42,D 4476,C23H18N4O3,"InChI=1S/C23H18N4O3/c24-22(28)14-4-6-15(7-5-14)23-26-20(21(27-23)17-3-1-2-10-25-17)16-8-9-18-19(13-16)30-12-11-29-18/h1-10,13H,11-12H2,(H2,24,28)(H,26,27)",DPDZHVCKYBCJHW-UHFFFAOYSA-N,6419753,C1COC2=C(O1)C=CC(=C2)C3=C(NC(=N3)C4=CC=C(C=C4)C(=O)N)C5=CC=CC=N5
328,Dasatinib,C22H26ClN7O2S,"InChI=1S/C22H26ClN7O2S/c1-14-4-3-5-16(23)20(14)28-21(32)17-13-24-22(33-17)27-18-12-19(26-15(2)25-18)30-8-6-29(7-9-30)10-11-31/h3-5,12-13,31H,6-11H2,1-2H3,(H,28,32)(H,24,25,26,27) ",ZBNZXTGUTAYRHI-UHFFFAOYSA-N,3062316,CC1=C(C(=CC=C1)Cl)NC(=O)C2=CN=C(S2)NC3=CC(=NC(=N3)C)N4CCN(CC4)CCOCopy
283,Dimethyl fumarate,C6H8O4,"InChI=1S/C6H8O4/c1-9-5(7)3-4-6(8)10-2/h3-4H,1-2H3/b4-3+",LDCRTTXIJACKKU-ONEGZZNKSA-N,637568,COC(=O)C=CC(=O)OC
43,EGCG (Epigallocatechin Gallate),C22H18O11,"InChI=1S/C22H18O11/c23-10-5-12(24)11-7-18(33-22(31)9-3-15(27)20(30)16(28)4-9)21(32-17(11)6-10)8-1-13(25)19(29)14(26)2-8/h1-6,18,21,23-30H,7H2/t18-,21-/m1/s1",WMBWREPUVVBILR-WIYYLYMNSA-N,65064,C1C(C(OC2=CC(=CC(=C21)O)O)C3=CC(=C(C(=C3)O)O)O)OC(=O)C4=CC(=C(C(=C4)O)O)
350,EMD638683,C18H18F2N,"InChI=1S/C18H18F2N2O4/c1-3-13-9(2)15(23)5-4-14(13)17(25)21-22-18(26)16(24)10-6-11(19)8-12(20)7-10/h4-8,16,23-24H,3H2,1-2H3,(H,21,25)(H,22,26)",SSNAPUUWBPZGOY-UHFFFAOYSA-N,44182398,CCC1=C(C=CC(=C1C)O)C(=O)NNC(=O)C(C2=CC(=CC(=C2)F)F)O
143,ER-27319,C20H22N2O5,"InChI=1S/C18H20N2O.C2H2O4/c1-12-8-9-15-17(13(12)2)20(11-5-10-19)16-7-4-3-6-14(16)18(15)21;3-1(4)2(5)6/h3-4,6-9H,5,10-11,19H2,1-2H3;(H,3,4)(H,5,6)",IIELZHYJYZBSGG-UHFFFAOYSA-N,9799508,CC1=C(C2=C(C=C1)C(=O)C3=CC=CC=C3N2CCCN)C.C(=O)(C(=O)O)O
220,ETP 46464,C30H22N4O2,"InChI=1S/C30H22N4O2/c1-30(2,18-31)23-8-10-24(11-9-23)34-28-22(17-36-29(34)35)16-33-27-12-7-19(14-25(27)28)21-13-20-5-3-4-6-26(20)32-15-21/h3-16H,17H2,1-2H3",DPLMXAYKJZOTKO-UHFFFAOYSA-N,72199292  ,CC(C)(C#N)c1ccc(cc1)N2c3c4cc(ccc4ncc3COC2=O)c5cc6ccccc6nc5
200,"Febuxostat (TMX-67, Adenuric, Uloric)",C16H16N2O3S,"InChI=1S/C16H16N2O3S/c1-9(2)8-21-13-5-4-11(6-12(13)7-17)15-18-10(3)14(22-15)16(19)20/h4-6,9H,8H2,1-3H3,(H,19,20)",BQSJTQLCZDPROO-UHFFFAOYSA-N,134018,CC1=C(SC(=N1)C2=CC(=C(C=C2)OCC(C)C)C#N)C(=O)O
44,FMK (Caspase Inhibitor I),C22H30FN3O7,"InChI=1S/C22H30FN3O7/c1-13(2)19(26-22(31)33-12-15-8-6-5-7-9-15)21(30)24-14(3)20(29)25-16(17(27)11-23)10-18(28)32-4/h5-9,13-14,16,19H,10-12H2,1-4H3,(H,24,30)(H,25,29)(H,26,31)",MIFGOLAMNLSLGH-UHFFFAOYSA-N,5737,CC(C)C(C(=O)NC(C)C(=O)NC(CC(=O)OC)C(=O)CF)NC(=O)OCC1=CC=CC=C1
314,Fostamatinib,C23H26FN6O9P,"InChI=1S/C23H26FN6O9P/c1-23(2)21(31)30(11-38-40(32,33)34)20-14(39-23)6-7-17(28-20)27-19-13(24)10-25-22(29-19)26-12-8-15(35-3)18(37-5)16(9-12)36-4/h6-10H,11H2,1-5H3,(H2,32,33,34)(H2,25,26,27,28,29)",GKDRMWXFWHEQQT-UHFFFAOYSA-N,11671467,CC1(C(=O)N(c2c(ccc(n2)Nc3c(cnc(n3)Nc4cc(c(c(c4)OC)OC)OC)F)O1)COP(=O)(O)O)C
45,GDC-0941,C23H29N7O3S2Cl2,"InChI=1S/C23H27N7O3S2/c1-35(31,32)30-7-5-28(6-8-30)15-16-13-20-21(34-16)23(29-9-11-33-12-10-29)26-22(25-20)17-3-2-4-19-18(17)14-24-27-19/h2-4,13-14H,5-12,15H2,1H3,(H,24,27)",LHNIIDJUOCFXAP-UHFFFAOYSA-N,17755052,CS(=O)(=O)N1CCN(CC1)CC2=CC3=C(S2)C(=NC(=N3)C4=C5C=NNC5=CC=C4)N6CCOCC6
290,Genentech LRRK2 inhibitor compound 18 (GNE-7915),C19H21F4N5O3,Unavailable,Unavailable,Unavailable,Unavailable
291,Genentech LRRK2 inhibitor compound 19,C20H21F4N5O3,Unavailable,Unavailable,Unavailable,Unavailable
46,Genistein,C15H10O5,"InChI=1S/C15H10O5/c16-9-3-1-8(2-4-9)11-7-20-13-6-10(17)5-12(18)14(13)15(11)19/h1-7,16-18H",TZBJGXHYKVUXJN-UHFFFAOYSA-N,5280961,C1=CC(=CC=C1C2=COC3=CC(=CC(=C3C2=O)O)O)O
47,GF 109203X (Go 6850),C25H24N4O2,"InChI=1S/C25H24N4O2/c1-28(2)12-7-13-29-15-19(17-9-4-6-11-21(17)29)23-22(24(30)27-25(23)31)18-14-26-20-10-5-3-8-16(18)20/h3-6,8-11,14-15,26H,7,12-13H2,1-2H3,(H,27,30,31)",QMGUOJYZJKLOLH-UHFFFAOYSA-N,2396,CN(C)CCCN1C=C(C2=CC=CC=C21)C3=C(C(=O)NC3=O)C4=CNC5=CC=CC=C54
48,Gleevec (Imatinib),C29H31N7O,"InChI=1S/C29H31N7O/c1-21-5-10-25(18-27(21)34-29-31-13-11-26(33-29)24-4-3-12-30-19-24)32-28(37)23-8-6-22(7-9-23)20-36-16-14-35(2)15-17-36/h3-13,18-19H,14-17,20H2,1-2H3,(H,32,37)(H,31,33,34)",KTUFNOKKBVMGRW-UHFFFAOYSA-N,5291,CC1=C(C=C(C=C1)NC(=O)C2=CC=C(C=C2)CN3CCN(CC3)C)NC4=NC=CC(=N4)C5=CN=CC=C5
49,G?? 6976,C24H18N4O,"InChI=1S/C24H18N4O/c1-27-17-9-4-2-7-14(17)20-21-16(13-26-24(21)29)19-15-8-3-5-10-18(15)28(12-6-11-25)23(19)22(20)27/h2-5,7-10H,6,12-13H2,1H3,(H,26,29)",VWVYILCFSYNJHF-UHFFFAOYSA-N,3501,CN1C2=CC=CC=C2C3=C4C(=C5C6=CC=CC=C6N(C5=C31)CCC#N)CNC4=O
50,G?? 7874,C27H26N4O4·HCl,"InChI=1S/C27H26N4O4/c1-29(2)12-14(32)13-31-19-8-6-5-7-16(19)20-22-23(27(34)28-26(22)33)21-17-11-15(35-4)9-10-18(17)30(3)24(21)25(20)31/h5-11,14,32H,12-13H2,1-4H3,(H,28,33,34)",XIKQYZCJVULUHD-UHFFFAOYSA-N,5327863,CN1C2=C(C=C(C=C2)OC)C3=C4C(=C5C6=CC=CC=C6N(C5=C31)CC(CN(C)C)O)C(=O)NC4=O
158,GSK2334470,C25H34N8O,"InChI=1S/C25H34N8O/c1-15-8-9-17(24(34)28-18-6-4-3-5-7-18)14-33(15)22-13-20(29-25(27-2)30-22)16-10-11-19-21(12-16)31-32-23(19)26/h10-13,15,17-18H,3-9,14H2,1-2H3,(H,28,34)(H3,26,31,32)(H,27,29,30)/t15-,17+/m1/s1",QLPHOXTXAKOFMU-WBVHZDCISA-N,46215815,CC1CCC(CN1C2=NC(=NC(=C2)C3=CC4=C(C=C3)C(=NN4)N)NC)C(=O)NC5CCCCC5
260,GSK2578215A,C24H18FN3O2,"InChI=1S/C24H18FN3O2/c25-23-14-19(10-12-27-23)18-8-9-22(30-16-17-5-2-1-3-6-17)21(13-18)24(29)28-20-7-4-11-26-15-20/h1-15H,16H2,(H,28,29)",WCIGMFCFPXZRMQ-UHFFFAOYSA-N,68107965,C1=CC=C(C=C1)COC2=C(C=C(C=C2)C3=CC(=NC=C3)F)C(=O)NC4=CN=CC=C4
317,GSK2606414,C24H20F3N5O,"InChI=1S/C24H20F3N5O/c1-31-12-18(21-22(28)29-13-30-23(21)31)15-5-6-19-16(11-15)7-8-32(19)20(33)10-14-3-2-4-17(9-14)24(25,26)27/h2-6,9,11-13H,7-8,10H2,1H3,(H2,28,29,30)",SIXVRXARNAVBTC-UHFFFAOYSA-N,53469448,CN1C=C(C2=C1N=CN=C2N)C3=CC4=C(C=C3)N(CC4)C(=O)CC5=CC(=CC=C5)C(F)(F)F
153,GSK269962A,C29H30N8O5,"InChI=1S/C29H30N8O5/c1-2-37-24-17-25(31-18-23(24)33-28(37)26-27(30)35-42-34-26)41-22-5-3-4-20(16-22)32-29(38)19-6-8-21(9-7-19)40-15-12-36-10-13-39-14-11-36/h3-9,16-18H,2,10-15H2,1H3,(H2,30,35)(H,32,38)",YOVNFNXUCOWYSG-UHFFFAOYSA-N,16095342,CCN1C2=CC(=NC=C2N=C1C3=NON=C3N)OC4=CC=CC(=C4)NC(=O)C5=CC=C(C=C5)
152,GSK429286,C21H16F4N4O2,"InChI=1S/C21H16F4N4O2/c1-10-19(20(31)28-17-6-12-9-26-29-16(12)8-15(17)22)14(7-18(30)27-10)11-2-4-13(5-3-11)21(23,24)25/h2-6,8-9,14H,7H2,1H3,(H,26,29)(H,27,30)(H,28,31)",OLIIUAHHAZEXEX-UHFFFAOYSA-N,11373846,CC1=C(C(CC(=O)N1)C2=CC=C(C=C2)C(F)(F)F)C(=O)NC3=C(C=C4C(=C3)C=NN4)F
250,GSK461364,C27H28F3N5O2S,"InChI=1S/C27H28F3N5O2S/c1-17(19-5-3-4-6-20(19)27(28,29)30)37-23-14-24(38-25(23)26(31)36)35-16-32-21-8-7-18(13-22(21)35)15-34-11-9-33(2)10-12-34/h3-8,13-14,16-17H,9-12,15H2,1-2H3,(H2,31,36)/t17-/m1/s1",ZHJGWYRLJUCMRT-QGZVFWFLSA-N,15983966,CC(C1=CC=CC=C1C(F)(F)F)OC2=C(SC(=C2)N3C=NC4=C3C=C(C=C4)CN5CCN(CC5)C)C(=O)N
146,GSK650394A,C25H22N2O2,"InChI=1S/C25H22N2O2/c28-25(29)20-11-10-18(12-21(20)17-8-4-5-9-17)23-15-27-24-22(23)13-19(14-26-24)16-6-2-1-3-7-16/h1-3,6-7,10-15,17H,4-5,8-9H2,(H,26,27)(H,28,29)",WVSBGSNVCDAMCF-UHFFFAOYSA-N,25022668,C1CCC(C1)C2=C(C=CC(=C2)C3=CNC4=NC=C(C=C34)C5=CC=CC=C5)C(=O)O
207,GW441756 hydrochloride,C17H13N3O·HCl,"InChI=1S/C17H13N3O.ClH/c1-20-10-11(12-5-2-3-7-15(12)20)9-13-16-14(19-17(13)21)6-4-8-18-16;/h2-10H,1H3,(H,19,21);1H",GXUJPQDCLCDKLU-UHFFFAOYSA-N,16219400,CN1C=C(C2=CC=CC=C21)C=C3C4=C(C=CC=N4)NC3=O.Cl
137,GW501516,C21H18F3NO3S2,"InChI=1S/C21H18F3NO3S2/c1-12-9-16(7-8-17(12)28-10-19(26)27)29-11-18-13(2)25-20(30-18)14-3-5-15(6-4-14)21(22,23)24/h3-9H,10-11H2,1-2H3,(H,26,27)",YDBLKRPLXZNVNB-UHFFFAOYSA-N,9803963,CC1=C(C=CC(=C1)SCC2=C(N=C(S2)C3=CC=C(C=C3)C(F)(F)F)C)OCC(=O)O
52,GW5074 (Raf1 Kinase Inhibitor I),C15H8Br2INO2,"InChI=1S/C15H8Br2INO2/c16-11-4-7(5-12(17)14(11)20)3-10-9-6-8(18)1-2-13(9)19-15(10)21/h1-6,20H,(H,19,21)/b10-3-",LMXYVLFTZRPNRV-KMKOMSMNSA-N,5924208,C1=CC2=C(C=C1I)C(=CC3=CC(=C(C(=C3)Br)O)Br)C(=O)N2
217,GW843682X (GSK-PLK1 Compound 2),C22H18F3N3O4S,"InChI=1S/C22H18F3N3O4S/c1-30-16-7-14-15(8-17(16)31-2)28(11-27-14)19-9-18(20(33-19)21(26)29)32-10-12-5-3-4-6-13(12)22(23,24)25/h3-9,11H,10H2,1-2H3,(H2,26,29)",JSKUWFIZUALZLX-UHFFFAOYSA-N,9826308,COC1=C(C=C2C(=C1)N=CN2C3=CC(=C(S3)C(=O)N)OCC4=CC=CC=C4C(F)(F)F)OC
53,H-1152 (Rho Kinase Inhibitor),C16H21N3O2S·2HCl,"InChI=1S/C16H21N3O2S.2ClH/c1-12-9-18-11-14-5-3-6-15(16(12)14)22(20,21)19-8-4-7-17-10-13(19)2;;/h3,5-6,9,11,13,17H,4,7-8,10H2,1-2H3;2*1H/t13-;;/m1../s1",BFOPDSJOLUQULZ-FFXKMJQXSA-N,16760633,CC1CNCCCN1S(=O)(=O)C2=CC=CC3=CN=CC(=C32)C.Cl.Cl
54,"H-7, Dihydrochloride",C14H17N3O2S·2HCl,"InChI=1S/C14H17N3O2S/c1-11-9-16-7-8-17(11)20(18,19)14-4-2-3-12-10-15-6-5-13(12)14/h2-6,10-11,16H,7-9H2,1H3",BDVFVCGFMNCYPV-UHFFFAOYSA-N,3542,CC1CNCCN1S(=O)(=O)C2=CC=CC3=C2C=CN=C3
55,"H-8, Dihydrochloride",C12H15N3O2S·2HCl,"InChI=1S/C12H15N3O2S/c1-13-7-8-15-18(16,17)12-4-2-3-10-9-14-6-5-11(10)12/h2-6,9,13,15H,7-8H2,1H3/p+1",PJWUXKNZVMEPPH-UHFFFAOYSA-O,7000066,C[NH2+]CCNS(=O)(=O)C1=CC=CC2=C1C=CN=C2
56,"H-89, Dihydrochloride",C20H20BrN3O2S·2HCl,"InChI=1S/C20H20BrN3O2S.2ClH/c21-18-8-6-16(7-9-18)3-2-11-22-13-14-24-27(25,26)20-5-1-4-17-15-23-12-10-19(17)20;;/h1-10,12,15,22,24H,11,13-14H2;2*1H/b3-2+;;",GELOGQJVGPIKAM-WTVBWJGASA-N,5702541,C1=CC2=C(C=CN=C2)C(=C1)S(=O)(=O)NCCNCC=CC3=CC=C(C=C3)Br.Cl.Cl
57,"HA-1077, Dihydrochloride (Fasudil)",C14H17N3O2S·2HCl,"InChI=1S/C14H17N3O2S.2ClH/c18-20(19,17-9-2-6-15-8-10-17)14-4-1-3-12-11-16-7-5-13(12)14;;/h1,3-5,7,11,15H,2,6,8-10H2;2*1H",NOXXIYDYFSNHDF-UHFFFAOYSA-N,16219471,C1CNCCN(C1)S(=O)(=O)C2=CC=CC3=C2C=CN=C3.Cl.Cl
147,HA-1100 (Hydroxyfasudil),C14H17N3O3S.HCl,"InChI=1S/C14H17N3O3S/c18-14-12-3-1-4-13(11(12)5-7-16-14)21(19,20)17-9-2-6-15-8-10-17/h1,3-5,7,15H,2,6,8-10H2,(H,16,18)",ZAVGJDAFCZAWSZ-UHFFFAOYSA-N,3064778,C1CNCCN(C1)S(=O)(=O)C2=CC=CC3=C2C=CNC3=O
58,Harmaline,C13H14N2O,"InChI=1S/C13H14N2O/c1-8-13-11(5-6-14-8)10-4-3-9(16-2)7-12(10)15-13/h3-4,7,14H,5-6H2,1-2H3",QJOZJXNKVMFAET-UHFFFAOYSA-N,5280951,CC1=C2C(=C3C=CC(=CC3=N2)OC)CCN1
59,Harmalol,C12H12N2O·HCl·2H2O,"InChI=1S/C12H12N2O/c1-7-12-10(4-5-13-7)9-3-2-8(15)6-11(9)14-12/h2-3,6,13-14H,4-5H2,1H3",CRQDWQWZCNKKAC-UHFFFAOYSA-N,5353656,CC1=C2C(=C3C=CC(=O)C=C3N2)CCN1
60,Harmane,C12H10N2,"InChI=1S/C12H10N2/c1-8-12-10(6-7-13-8)9-4-2-3-5-11(9)14-12/h2-7,14H,1H3",PSFDQSOCUJVVGF-UHFFFAOYSA-N,5281404,CC1=NC=CC2=C1NC3=CC=CC=C23
61,Harmine,C13H12N2O,"InChI=1S/C13H12N2O/c1-8-13-11(5-6-14-8)10-4-3-9(16-2)7-12(10)15-13/h3-7,15H,1-2H3",BXNJHAXVSOCGBA-UHFFFAOYSA-N,5280953,CC1=NC=CC2=C1NC3=C2C=CC(=C3)OC
261,HG-10-102-01,C17H20ClN5O3 ,"InChI=1S/C17H20ClN5O3/c1-19-15-12(18)10-20-17(22-15)21-13-4-3-11(9-14(13)25-2)16(24)23-5-7-26-8-6-23/h3-4,9-10H,5-8H2,1-2H3,(H2,19,20,21,22)",YEVOZZZLKJKCCD-UHFFFAOYSA-N,58539301,CNC1=NC(=NC=C1Cl)NC2=C(C=C(C=C2)C(=O)N3CCOCC3)OC
286,HG-9-91-01,C32H37N7O3,"InChI=1S/C32H37N7O3/c1-22-7-6-8-23(2)31(22)36-32(40)39(27-14-13-26(41-4)19-28(27)42-5)30-20-29(33-21-34-30)35-24-9-11-25(12-10-24)38-17-15-37(3)16-18-38/h6-14,19-21H,15-18H2,1-5H3,(H,36,40)(H,33,34,35)",UYUHRKLITDJEHB-UHFFFAOYSA-N,78357808,CC1=C(C(=CC=C1)C)NC(=O)N(C2=C(C=C(C=C2)OC)OC)C3=NC=NC(=C3)NC4=CC=C(C=C4)N5CCN(CC5)C
254,Hypothemycin,C19H22O8,"InChI=1S/C19H22O8/c1-9-4-3-5-12(20)18-15(27-18)8-14(22)17(23)11-6-10(25-2)7-13(21)16(11)19(24)26-9/h3,5-7,9,14-15,17-18,21-23H,4,8H2,1-2H3/b5-3-/t9?,14?,15?,17-,18?/m0/s1",HDZUUVQEDFZKAX-JOLUUEAESA-N,6474405,CC1CC=CC(=O)C2C(O2)CC(C(C3=CC(=CC(=C3C(=O)O1)O)OC)O)O
62,IC261,C18H17NO4,"InChI=1S/C18H17NO4/c1-21-11-8-16(22-2)14(17(9-11)23-3)10-13-12-6-4-5-7-15(12)19-18(13)20/h4-10H,1-3H3,(H,19,20)/b13-10+",JBJYTZXCZDNOJW-JLHYYAGUSA-N,5288600,COC1=CC(=C(C(=C1)OC)C=C2C3=CC=CC=C3NC2=O)OC
172,IKK Inhibitor VII,C28H29N5OS,"InChI=1S/C28H29N5OS/c34-27(33-17-12-23(13-18-33)32-15-3-4-16-32)20-7-9-22(10-8-20)30-28-29-14-11-24(31-28)26-19-21-5-1-2-6-25(21)35-26/h1-2,5-11,14,19,23H,3-4,12-13,15-18H2,(H,29,30,31)",BWZJBXAPRCVCKQ-UHFFFAOYSA-N,9549298,C1CCN(C1)C2CCN(CC2)C(=O)C3=CC=C(C=C3)NC4=NC=CC(=N4)C5=CC6=CC=CC=C6S5
63,IKK-2 Inhibitor IV (TPCA-1),C12H10FN3O2S,"InChI=1S/C12H10FN3O2S/c13-7-3-1-6(2-4-7)9-5-8(10(14)17)11(19-9)16-12(15)18/h1-5H,(H2,14,17)(H3,15,16,18)",SAYGKHKXGCPTLX-UHFFFAOYSA-N,9903786,C1=CC(=CC=C1C2=CC(=C(S2)NC(=O)N)C(=O)N)F
173,IKK-2 Inhibitor VIII,C21H24N4O2,"InChI=1S/C21H24N4O2.ClH/c22-11-16-15(14-6-8-24-9-7-14)10-17(25-21(16)23)20-18(26)2-1-3-19(20)27-12-13-4-5-13;/h1-3,10,13-14,24-25H,4-9,12,23H2;1H/b20-17-;",BKIZYSPLJNGJEL-BZHDPTRRSA-N,66576999,C1CC1COC2=CC=CC(=O)C2=C3C=C(C(=C(N3)N)C#N)C4CCNCC4.Cl
64,IKK-3 inhibitor IX,C22H19N3O5S2,"InChI=1S/C22H19N3O5S2/c1-28-17-8-15-16(9-18(17)29-2)25(13-24-15)22-10-19(20(11-23)31-22)30-12-14-6-4-5-7-21(14)32(3,26)27/h4-10,13H,12H2,1-3H3",LDTAHRLHGHFHKP-UHFFFAOYSA-N,11626927,COC1=C(C=C2C(=C1)N=CN2C3=CC(=C(S3)C#N)OCC4=CC=CC=C4S(=O)(=O)C)OC
167,IMD-0354,C15H8ClF6NO2,"InChI=1S/C15H8ClF6NO2/c16-9-1-2-12(24)11(6-9)13(25)23-10-4-7(14(17,18)19)3-8(5-10)15(20,21)22/h1-6,24H,(H,23,25)",CHILCFMQWMQVAL-UHFFFAOYSA-N,5081913,C1=CC(=C(C=C1Cl)C(=O)NC2=CC(=CC(=C2)C(F)(F)F)C(F)(F)F)O
133,IPA-3,C20H14O2S2,"InChI=1S/C20H14O2S2/c21-17-11-9-13-5-1-3-7-15(13)19(17)23-24-20-16-8-4-2-6-14(16)10-12-18(20)22/h1-12,21-22H",RFAXLXKIAKIUDT-UHFFFAOYSA-N,521106,C1=CC=C2C(=C1)C=CC(=C2SSC3=C(C=CC4=CC=CC=C43)O)O
145,IRAK 1-4 Inhibitor 1,C20H21N5O4,"InChI=1S/C20H21N5O4/c26-19(15-4-3-5-16(14-15)25(27)28)22-20-21-17-6-1-2-7-18(17)24(20)9-8-23-10-12-29-13-11-23/h1-7,14H,8-13H2,(H,21,22,26)",QTCFYQHZJIIHBS-UHFFFAOYSA-N,11983295,C1COCCN1CCN2C3=CC=CC=C3N=C2NC(=O)C4=CC(=CC=C4)[N+](=O)[O-]
65,IRAK-4 kinase inhibitor a,C22H24N4O6,Unavailable,Unavailable,Unavailable,Unavailable
258,IRAK-4 kinase inhibitor b,C22H24N4O6,Unavailable,Unavailable,Unavailable,Unavailable
221,Ischemin,C15H17N3O4S,"InChI=1S/C15H17N3O4S/c1-8-4-10(3)15(23(20,21)22)7-12(8)17-18-13-5-9(2)14(19)6-11(13)16/h4-7,17H,16H2,1-3H3,(H,20,21,22)/b18-13-",WGEVKJVUKOELFY-AQTBWJFISA-N,75124303,CC1=CC(=C(C=C1NN=C2C=C(C(=O)C=C2N)C)S(=O)(=O)O)C
252,JNKIN7,C28H27N7O2,Unavailable,Unavailable,Unavailable,Unavailable
253,JNKIN8,C29H29N7O2,Unavailable,Unavailable,Unavailable,Unavailable
66,K252a,C27H21N3O5,"InChI=1S/C27H21N3O5/c1-26-27(33,25(32)34-2)11-18(35-26)29-16-9-5-3-7-13(16)20-21-15(12-28-24(21)31)19-14-8-4-6-10-17(14)30(26)23(19)22(20)29/h3-10,18,33H,11-12H2,1-2H3,(H,28,31)/t18-,26+,27?/m1/s1",KOZFSFOOLUUIGY-UHOLRESSSA-N,127357,CC12C(CC(O1)N3C4=CC=CC=C4C5=C6C(=C7C8=CC=CC=C8N2C7=C53)CNC6=O)(C(=O)OC)O
292,Kalopanaxsaponin A,C41H66O12,"InChI=1S/C41H66O12/c1-21-28(44)30(46)31(47)33(51-21)53-32-29(45)24(43)19-50-34(32)52-27-11-12-37(4)25(38(27,5)20-42)10-13-40(7)26(37)9-8-22-23-18-36(2,3)14-16-41(23,35(48)49)17-15-39(22,40)6/h8,21,23-34,42-47H,9-20H2,1-7H3,(H,48,49)/t21-,23-,24-,25+,26+,27-,28-,29-,30+,31+,32+,33-,34-,37-,38-,39+, 40+,41-/m0/s1",KEOITPILCOILGM-LLJOFIFVSA-N,73296,CC1C(C(C(C(O1)OC2C(C(COC2OC3CCC4(C(C3(C)CO)CCC5(C4CC=C6C5(CCC7(C6CC(CC7)(C)C)C(=O)O)C)C)C)O)O)O)O)O
67,Kenpaullone,C16H11BrN2O,"InChI=1S/C16H11BrN2O/c17-9-5-6-14-11(7-9)12-8-15(20)18-13-4-2-1-3-10(13)16(12)19-14/h1-7,19H,8H2,(H,18,20)",QQUXFYAWXPMDOE-UHFFFAOYSA-N,3820,C1C2=C(C3=CC=CC=C3NC1=O)NC4=C2C=C(C=C4)Br
226,KIN 112,C32H36N6O4,Unavailable,Unavailable,Unavailable,Unavailable
69,KN62,C38H35N5O6S2,"InChI=1S/C38H35N5O6S2/c1-41(50(45,46)36-11-5-7-29-26-39-19-17-33(29)36)35(38(44)43-23-21-42(22-24-43)31-9- 3-2-4-10-31)25-28-13-15-32(16-14-28)49-51(47,48)37-12-6-8-30-27-40-20-18-34(30)37/h2-20,26-27,35H,21-25H2,1H3/t35-/m0/s1",RJVLFQBBRSMWHX-DHUJRADRSA-N,5312126,CN(C(CC1=CC=C(C=C1)OS(=O)(=O)C2=CC=CC3=C2C=CN=C3)C(=O)N4CCN(CC4)C5=CC=CC=C5)S(=O)(=O)C6=CC=CC7=C6C=CN=C7
70,KN93,C26H29CIN2O4S,"InChI=1S/C26H29ClN2O4S/c1-28(17-5-6-21-9-11-23(27)12-10-21)20-22-7-3-4-8-26(22)29(18-19-30)34(31,32)25-15-13-24(33-2)14-16-25/h3-16,30H,17-20H2,1-2H3/b6-5+",LLLQTDSSHZREGW-AATRIKPKSA-N,5312122,CN(CC=CC1=CC=C(C=C1)Cl)CC2=CC=CC=C2N(CCO)S(=O)(=O)C3=CC=C(C=C3)OC
71,KT5720,C32H31N3O5,"InChI=1S/C32H31N3O5/c1-3-4-5-10-15-39-30(37)32(38)16-23-34-21-13-8-6-11-18(21)25-26-20(17-33-29(26)36)24-19-12-7-9-14-22(19)35(28(24)27(25)34)31(32,2)40-23/h6-9,11-14,23,38H,3-5,10,15-17H2,1-2H3,(H,33,36)/t23-,31+,32+/m0/s1",ZHEHVZXPFVXKEY-RUAOOFDTSA-N,454202,CCCCCCOC(=O)C1(CC2N3C4=CC=CC=C4C5=C6C(=C7C8=CC=CC=C8N(C7=C53)C1(O2)C)CNC6=O)O
150,KU 0063794,C25H31N5O4,"InChI=1S/C25H31N5O4/c1-16-13-30(14-17(2)34-16)25-27-23-20(24(28-25)29-8-10-33-11-9-29)5-6-21(26-23)18-4-7-22(32-3)19(12-18)15-31/h4-7,12,16-17,31H,8-11,13-15H2,1-3H3/t16-,17+",RFSMUFRPPYDYRD-CALCHBBNSA-N,16736978,CC1CN(CC(O1)C)C2=NC3=C(C=CC(=N3)C4=CC(=C(C=C4)OC)CO)C(=N2)N5CCOCC5
159,KU 55933,C21H17NO3S2,"InChI=1S/C21H17NO3S2/c23-14-12-16(25-20(13-14)22-8-10-24-11-9-22)15-4-3-7-19-21(15)27-18-6-2-1-5-17(18)26-19/h1-7,12-13H,8-11H2",XRKYMMUGXMWDAO-UHFFFAOYSA-N,5278396,C1COCCN1C2=CC(=O)C=C(O2)C3=C4C(=CC=C3)SC5=CC=CC=C5S4
318,KU55933,C21H17NO3S2,"InChI=1S/C21H17NO3S2/c23-14-12-16(25-20(13-14)22-8-10-24-11-9-22)15-4-3- 7-19-21(15)27-18-6-2-1-5-17(18)26-19/h1-7,12-13H,8-11H2",XRKYMMUGXMWDAO-UHFFFAOYSA-N,5278396,C1COCCN1C2=CC(=O)C=C(O2)C3=C4C(=CC=C3)SC5=CC=CC=C5S4
180,LDN-193189,C25H22N6,"InChI=1S/C25H22N6/c1-2-4-24-22(3-1)21(9-10-27-24)23-16-29-31-17-19(15-28-25(23)31)18-5-7-20(8-6-18)30-13-11-26-12-14-30/h1-10,15-17,26H,11-14H2",CDOVNWNANFFLFJ-UHFFFAOYSA-N,25195294,C1CN(CCN1)C2=CC=C(C=C2)C3=CN4C(=C(C=N4)C5=CC=NC6=CC=CC=C56)N=C3
298,Leflunomide,C12H9F3N2O2,"InChI=1S/C12H9F3N2O2/c1-7-10(6-16-19-7)11(18)17-9-4-2-8(3-5-9)12(13, 14)15/h2-6H,1H3,(H,17,18)",VHOGYURTWQBHIL-UHFFFAOYSA-N,3899,CC1=C(C=NO1)C(=O)NC2=CC=C(C=C2)C(F)(F)F
284,Lenalidomide (Revlimid),C13H13N3O3,"InChI=1S/C13H13N3O3/c14-9-3-1-2-7-8(9)6-16(13(7)19)10-4-5-11(17)15-12(10)18/h1-3,10H,4-6,14H2,(H,15,17,18)",GOTYRUGSSMKFNF-UHFFFAOYSA-N,216326,C1CC(=O)NC(=O)C1N2CC3=C(C2=O)C=CC=C3N
203,LFM-A13,C11H8Br2N2O2,"InChI=1S/C11H8Br2N2O2/c1-6(16)8(5-14)11(17)15-10-4-7(12)2-3-9(10)13/h2-4,16H,1H3,(H,15,17)/b8-6-",UVSVTDVJQAJIFG-VURMDHGXSA-N,54676905,CC(=C(C#N)C(=O)NC1=C(C=CC(=C1)Br)Br)O
72,LiCl,ClLi,InChI=1S/ClH.Li/h1H;/q;+1/p-1,KWGKDLIKAYFUFQ-UHFFFAOYSA-M,433294,[Li+].[Cl-]
183,LRRK2-IN1,C31H38N8O3,"InChI=1S/C31H38N8O3/c1-35-15-17-38(18-16-35)22-11-13-39(14-12-22)29(40)21-9-10-24(27(19-21)42-4)33-31-32-20-26-28(34-31)36(2)25-8-6-5-7-23(25)30(41)37(26)3/h5-10,19-20,22H,11-18H2,1-4H3,(H,32,33,34)",IWMCPJZTADUIFX-UHFFFAOYSA-N,46843906  ,CN1CCN(CC1)C2CCN(CC2)C(=O)C3=CC(=C(C=C3)NC4=NC=C5C(=N4)N(C6=CC=CC=C6C(=O)N5C)C)OCCopy
73,LY294002,C19H17NO3,"InChI=1S/C19H17NO3/c21-17-13-18(20-9-11-22-12-10-20)23-19-15(7-4-8-16(17)19)14-5-2-1-3-6-14/h1-8,13H,9-12H2",CZQHHVNHHHRRDU-UHFFFAOYSA-N,3973,C1COCCN1C2=CC(=O)C3=C(O2)C(=CC=C3)C4=CC=CC=C4
74,LY333531 (Ruboxistaurin),C28H28IN4O3.CH4O3S,"InChI=1S/C28H28N4O3/c1-30(2)15-18-11-12-31-16-21(19-7-3-5-9-23(19)31)25-26(28(34)29-27(25)33)22-17-32(13-14-35-18)24-10-6-4-8-20(22)24/h3-10,16-18H,11-15H2,1-2H3,(H,29,33,34)/t18-/m0/s1",ZCBUQCWBWNUWSU-SFHVURJKSA-N,153999,CN(C)CC1CCN2C=C(C3=CC=CC=C32)C4=C(C5=CN(CCO1)C6=CC=CC=C65)C(=O)NC4=O
184,LY364947,C17H12N4,"InChI=1S/C17H12N4/c1-2-6-15-13(5-1)12(8-10-19-15)14-11-20-21-17(14)16-7-3-4-9-18-16/h1-11H,(H,20,21)",IBCXZJCWDGCXQT-UHFFFAOYSA-N,447966,C1=CC=C2C(=C1)C(=CC=N2)C3=C(NN=C3)C4=CC=CC=N4
215,Merck 7 (PDK1),C28H22F2N4O4,"InChI=1S/C29H23F2N3O4/c30-23-11-8-18(13-24(23)31)16-34-12-4-7-22(29(34)37)28(36)33-26(19-5-2-1-3-6-19)17-38-21-10-9-20-14-27(35)32-25(20)15-21/h1-13,15,26H,14,16-17H2,(H,32,35)(H,33,36)/t26-/m0/s1",ONKYDGNPFXINHC-SANMLTNESA-N,Unavailable,c1ccc(cc1)[C@H](COc2ccc3c(c2)NC(=O)C3)NC(=O)c4cccn(c4=O)Cc5ccc(c(c5)F)F
322,Metformin,C4H11N5,"InChI=1S/C4H11N5/c1-9(2)4(7)8-3(5)6/h1-2H3,(H5,5,6,7,8)",XZWYZXLIPXDOLR-UHFFFAOYSA-N,4091,CN(C)C(=N)N=C(N)N
170,MK-2206,C25H21N5O.2HCl,"InChI=1S/C25H21N5O.2ClH/c26-25(12-4-13-25)18-9-7-17(8-10-18)22-19(16-5-2-1-3-6-16)15-20-21(27-22)11-14-30-23(20)28-29-24(30)31;;/h1-3,5-11,14-15H,4,12-13,26H2,(H,29,31);2*1H",HWUHTJIKQZZBRA-UHFFFAOYSA-N,46930998,C1CC(C1)(C2=CC=C(C=C2)C3=C(C=C4C(=N3)C=CN5C4=NNC5=O)C6=CC=CC=C6)N.Cl.Cl
77,"ML-7, Hydrochloride",C15H17IN2O2S·HCl,"InChI=1S/C15H17IN2O2S.ClH/c16-14-6-1-5-13-12(14)4-2-7-15(13)21(19, 20)18-10-3-8-17-9-11-18;/h1-2,4-7,17H,3,8-11H2;1H",KDDALCDYHZIZMH-UHFFFAOYSA-N,9803932,C1CNCCN(C1)S(=O)(=O)C2=CC=CC3=C2C=CC=C3I.Cl
78,"ML-9, Hydrochloride",C15H17ClN2O2S·HCl,"InChI=1S/C15H17ClN2O2S.ClH/c16-14-6-1-5-13-12(14)4-2-7-15(13)21(19,20)18-10-3-8-17-9-11-18;/h1-2,4-7,17H,3,8-11H2;1H",ZNRYCIVTNLZOGI-UHFFFAOYSA-N,108047,C1CNCCN(C1)S(=O)(=O)C2=CC=CC3=C2C=CC=C3Cl.Cl
351,MLi-2,C21H25N5O2,"InChI=1S/C21H25N5O2/c1-13-10-26(11-14(2)27-13)19-9-18(22-12-23-19)20-16-8-15(28-21(3)6-7-21)4-5-17(16)24-25-20/h4-5,8-9,12-14H,6-7,10-11H2,1-3H3,(H,24,25)",ATUUNJCZCOMUKD-UHFFFAOYSA-N,Unavailable,CC1CN(CC(O1)C)c2cc(ncn2)c3c4cc(ccc4[nH]n3)OC5(CC5)C
134,MLN120B,C19H17Cl3N4O2,Unavailable,Unavailable,Unavailable,Unavailable
171,MLN4924,C21H26ClN5O4S,"InChI=1S/C21H25N5O4S/c22-31(28,29)30-11-14-9-15(10-19(14)27)26-8-7-17-20(23-12-24-21(17)26)25-18-6-5-13-3-1-2-4-16(13)18/h1-4,7-8,12,14-15,18-19,27H,5-6,9-11H2,(H2,22,28,29)(H,23,24,25)/t14-,15+,18-,19-/m0/s1",MPUQHZXIXSTTDU-QXGSTGNESA-N,16720766,C1CC2=CC=CC=C2C1NC3=NC=NC4=C3C=CN4C5CC(C(C5)O)COS(=O)(=O)N
178,MLN9708,C20H23BCl2N2O9,"InChI=1S/C20H23BCl2N2O9/c1-10(2)5-14(21-33-17(29)8-20(34-21,19(31)32)7-16(27)28)25-15(26)9-24-18(30)12-6-11(22)3-4-13(12)23/h3-4,6,10,14H,5,7-9H2,1-2H3,(H,24,30)(H,25,26)(H,27,28)(H,31,32)/t14-,20?/m0/s1",YTXSYWAKVMZICI-PVCZSOGJSA-N,49867936,B1(OC(=O)CC(O1)(CC(=O)O)C(=O)O)C(CC(C)C)NC(=O)CNC(=O)C2=C(C=CC(=C2)Cl)Cl
300,MRT199665,C28H31N5O2.ClH,"InChI=1S/C28H31N5O2.ClH/c1-28(2)22-16-29-27(30-19-8-5-7-18(15-19)17-32-13-3-4-14-32)31-25(22)33(26(28)35)23-12-11-21-20(23)9-6-10-24(21)34;/h5-10,15-16,23,34H,3-4,11-14,17H2,1-2H3,(H,29,30,31);1H",SRMFZWKBYMJXKK-UHFFFAOYSA-N,Unavailable,CC1(c2cnc(nc2N(C1=O)C3CCc4c3cccc4O)Nc5cccc(c5)CN6CCCC6)C.Cl
202,MRT67307,C26H36N6O2,"InChI=1S/C26H36N6O2/c33-25(21-5-2-6-21)28-11-3-10-27-24-23(20-8-9-20)17-29-26(31-24)30-22-7-1-4-19(16-22)18-32-12-14-34-15-13-32/h1,4,7,16-17,20-21H,2-3,5-6,8-15,18H2,(H,28,33)(H2,27,29,30,31)",UKBGBACORPRCGG-UHFFFAOYSA-N,44464263,C1CC(C1)C(=O)NCCCNC2=NC(=NC=C2C3CC3)NC4=CC=CC(=C4)CN5CCOCC5
209,MSC 2032964A,C16H13F3N6O,"InChI=1S/C16H13F3N6O/c17-16(18,19)10-6-12(21-11-3-4-11)25-13(7-10)22-15(24-25)23-14(26)9-2-1-5-20-8-9/h1-2,5-8,11,21H,3-4H2,(H,23,24,26)",XUKGFHHTSUKORV-UHFFFAOYSA-N,25214468  ,c1cc(cnc1)C(=O)Nc2nc3cc(cc(n3n2)NC4CC4)C(F)(F)F
80,Necrostatin-1 (Nec-1),C13H13N3OS,"InChI=1S/C13H13N3OS/c1-16-12(17)11(15-13(16)18)6-8-7-14-10-5-3-2-4-9(8)10/h2-5,7,11,14H,6H2,1H3,(H,15,18)",TXUWMXQFNYDOEZ-UHFFFAOYSA-N,2828334,CN1C(=O)C(NC1=S)CC2=CNC3=CC=CC=C32
81,Nectrostatin-1 (Nec-1 inactive analog),C12H11N3OS,"InChI=1S/C12H11N3OS/c16-11-10(14-12(17)15-11)5-7-6-13-9-4-2-1-3-8(7)9/h1-4,6,10,13H,5H2,(H2,14,15,16,17)/t10-/m1/s1",MPLRRPKKFHUEEL-SNVBAGLBSA-N,5371761,c1ccc2c(c1)c(c[nH]2)C[C@@H]3C(=O)NC(=S)N3
277,NG-25,C29H30F3N5O2,"InChI=1S/C29H30F3N5O2/c1-3-36-12-14-37(15-13-36)18-21-6-7-22(17-24(21)29(30,31)32)35-28(38)20-5-4-19(2)26(16-20)39-25-9-11-34-27-23(25)8-10-33-27/h4-11,16-17H,3,12-15,18H2,1-2H3,(H,33,34)(H,35,38)",SMPGEBOIKULBCT-UHFFFAOYSA-N,53340664,CCN1CCN(CC1)CC2=C(C=C(C=C2)NC(=O)C3=CC(=C(C=C3)C)OC4=C5C=CNC5=NC=C4)C(F)(F)F
354,NIK-Novartis-T1-7,C18H14N6OS,"InChI=1S/C18H14N6OS/c1-18(25,16-20-8-9-26-16)6-4-12-2-3-13-14(10-12)24(11-22-13)15-5-7-21-17(19)23-15/h2-3,5,7-11,25H,1H3,(H2,19,21,23)",XIQHNMVNCJQWJR-UHFFFAOYSA-N,60163906  ,CC(C#Cc1ccc2c(c1)n(cn2)c3ccnc(n3)N)(c4nccs4)O
216,Novartis 12a (PKD1),C23H29F3N6O3,Unavailable,Unavailable,Unavailable,Unavailable
82,NVP-BEZ 235,C30H25Cl2N5O,"InChI=1S/C30H23N5O/c1-30(2,18-31)22-9-11-23(12-10-22)35-28-24-15-19(21-14-20-6-4-5-7-25(20)32-16-21)8-13-26(24)33-17-27(28)34(3)29(35)36/h4-17H,1-3H3",JOGKUKXHTYWRGZ-UHFFFAOYSA-N,11977753,CC(C)(C#N)C1=CC=C(C=C1)N2C3=C4C=C(C=CC4=NC=C3N(C2=O)C)C5=CC6=CC=CC=C6N=C5
267,OSU-03012,C26H19F3N4O,"InChI=1S/C26H19F3N4O/c27-26(28,29)24-14-23(33(32-24)20-10-8-19(9-11-20)31-25(34)15-30)18-7-12-22-17(13-18)6-5-16-3-1-2-4-21(16)22/h1-14H,15,30H2,(H,31,34)",YULUCECVQOCQFQ-UHFFFAOYSA-N,10027278,C1=CC=C2C(=C1)C=CC3=C2C=CC(=C3)C4=CC(=NN4C5=CC=C(C=C5)NC(=O)CN)C(F)(F)F
313,OTSSP167,C25H28Cl2N4O2,"InChI=1S/C25H28Cl2N4O2/c1-14(32)18-12-28-22-9-8-21(16-10-19(26)25(33)20(27)11-16)30-24(22)23(18)29-17-6-4-15(5-7-17)13-31(2)3/h8-12,15,17,33H,4-7,13H2,1-3H3,(H,28,29)/t15-,17-",DKZYXHCYPUVGAF-JCNLHEQBSA-N,Unavailable,CC(=O)c1c(c2nc(ccc2nc1)c3cc(c(c(c3)Cl)O)Cl)N[C@H]4CC[C@@H](CC4)CN(C)C
288,Parthenolide,C15H20O3,"InChI=1S/C15H20O3/c1-9-5-4-8-15(3)13(18-15)12-11(7-6-9)10(2)14(16)17-12/h5,11-13H,2,4,6-8H2,1,3H3/b9-5+/t11-,12-,13-,15+/m0/s1",KTEXNACQROZXEV-SLXBATTESA-N,6473881,CC1=CCCC2(C(O2)C3C(CC1)C(=C)C(=O)O3)C
211,PCI-32765 (Ibrutinib),C25H24N6O2,"InChI=1S/C25H24N6O2/c1-2-21(32)30-14-6-7-18(15-30)31-25-22(24(26)27-16-28-25)23(29-31)17-10-12-20(13-11-17)33-19-8-4-3-5-9-19/h2-5,8-13,16,18H,1,6-7,14-15H2,(H2,26,27,28)/t18-/m1/s1",XYFPWWZEPKGCCK-GOSISDBHSA-N,24821094,C=CC(=O)N1CCCC(C1)N2C3=C(C(=N2)C4=CC=C(C=C4)OC5=CC=CC=C5)C(=NC=N3)N
206,PD 0325901,C16H14F3IN2O4,"InChI=1S/C16H14F3IN2O4/c17-11-3-2-10(16(25)22-26-7-9(24)6-23)15(14(11)19)21-13-4-1-8(20)5-12(13)18/h1-5,9,21,23-24H,6-7H2,(H,22,25)/t9-/m1/s1",SUDAHWBOROXANE-SECBINFHSA-N,9826528,C1=CC(=C(C=C1I)F)NC2=C(C=CC(=C2F)F)C(=O)NOCC(CO)O
213,PD 0325901-Cl (CI-1055-R),C16H14O4N2F2ClI,"InChI=1S/C24H29N7O2/c1-15-19-14-27-24(28-20-8-7-18(13-26-20)30-11-9-25-10-12-30)29-22(19)31(17-5-3-4-6-17)23(33)21(15)16(2)32/h7-8,13-14,17,25H,3-6,9-12H2,1-2H3,(H,26,27,28,29)",AHJRHEGDXFFMBM-UHFFFAOYSA-N,5330286,CC1=C(C(=O)N(C2=NC(=NC=C12)NC3=NC=C(C=C3)N4CCNCC4)C5CCCC5)C(=O)C
214,PD 0325901-Cl (CI-1055-Racemic mix of isomers),C16H14O4N2F2ClI,"InChI=1S/C16H14ClF2IN2O4/c17-11-5-8(20)1-4-13(11)21-15-10(2-3-12(18)14(15)19)16(25)22-26-7-9(24)6-23/h1-5,9,21,23-24H,6-7H2,(H,22,25)/t9-/m0/s1 Copy",FCADPEDUULETPK-VIFPVBQESA-N,45481530  ,C1=CC(=C(C=C1I)Cl)NC2=C(C=CC(=C2F)F)C(=O)NOC[C@H](CO)O
83,PD 0325901-Cl (CI-1055-S),C16H14O4N2F2ClI,"InChI=1S/C16H14ClF2IN2O4/c17-11-5-8(20)1-4-13(11)21-15-10(2-3-12(18)14(15)19)16(25)22-26-7-9(24)6-23/h1-5,9,21,23-24H,6-7H2,(H,22,25)/t9-/m0/s1 ",FCADPEDUULETPK-VIFPVBQESA-N,160968186,C1=CC(=C(C=C1I)Cl)NC2=C(C=CC(=C2F)F)C(=O)NOC[C@H](CO)O
160,PD 0332991,C24H30ClN7O2,"InChI=1S/C24H29N7O2/c1-15-19-14-27-24(28-20-8-7-18(13-26-20)30-11-9-25-10-12-30)29-22(19)31(17-5-3-4-6-17)23(33)21(15)16(2)32/h7-8,13-14,17,25H,3-6,9-12H2,1-2H3,(H,26,27,28,29)",AHJRHEGDXFFMBM-UHFFFAOYSA-N,5330286,CC1=C(C(=O)N(C2=NC(=NC=C12)NC3=NC=C(C=C3)N4CCNCC4)C5CCCC5)C(=O)C
84,PD 184352 (CI-1040),C17H14ClF2IN2O2,"InChI=1S/C17H14ClF2IN2O2/c18-12-7-10(21)3-6-14(12)22-16-11(4-5-13(19)15(16)20)17(24)23-25-8-9-1-2-9/h3-7,9,22H,1-2,8H2,(H,23,24)",GFMMXOIFOQCCGU-UHFFFAOYSA-N,6918454,C1CC1CONC(=O)C2=C(C(=C(C=C2)F)F)NC3=C(C=C(C=C3)I)Cl
262,PF3644022,C21H18N4OS,Unavailable,Unavailable,Unavailable,Unavailable
264,PF4708671,C19H21F3N6,Unavailable,Unavailable,Unavailable,Unavailable
85,PI-103,C19H16N4O3,"InChI=1S/C19H16N4O3/c24-13-4-1-3-12(11-13)17-21-15-14-5-2-6-20-19(14)26-16(15)18(22-17)23-7-9-25-10-8-23/h1-6,11,24H,7-10H2",TUVCWJQQGGETHL-UHFFFAOYSA-N,9884685,C1COCCN1C2=NC(=NC3=C2OC4=C3C=CC=N4)C5=CC(=CC=C5)O
86,Piceatannol,C14H12O4,"InChI=1S/C14H12O4/c15-11-5-10(6-12(16)8-11)2-1-9-3-4-13(17)14(18)7-9/h1-8,15-18H/b2-1+",CDRPUGZCRXZLFL-OWOJBTEDSA-N,667639,C1=CC(=C(C=C1C=CC2=CC(=CC(=C2)O)O)O)O
87,Pirfenidone,C12H11NO,"InChI=1S/C12H11NO/c1-10-7-8-12(14)13(9-10)11-5-3-2-4-6-11/h2-9H,1H3",ISWRGOKTTBVCFA-UHFFFAOYSA-N,40632,CC1=CN(C(=O)C=C1)C2=CC=CC=C2
294,PKR Inhibitor,C13H8N4OS,"InChI=1S/C13H8N4OS/c18-13-8(3-7-4-14-5-15-7)11-9(17-13)1-2-10-12(11)19-6-16-10/h1-6H,(H,14,15)(H,17,18)/b8-3-",VFBGXTUGODTSPK-BAQGIRSFSA-N,6490494,C1=CC2=C(C3=C1NC(=O)C3=CC4=CN=CN4)SC=N2 
223,PLX 4032 (Vemurafenib),C23H18ClF2N3O3S,"InChI=1S/C23H18ClF2N3O3S/c1-2-9-33(31,32)29-19-8-7-18(25)20(21(19)26)22(30)17-12-28-23-16(17)10-14(11-27-23)13-3-5-15(24)6-4-13/h3-8,10-12,29H,2,9H2,1H3,(H,27,28)",GPXBXXGIAQBQNI-UHFFFAOYSA-N,42611257,CCCS(=O)(=O)NC1=C(C(=C(C=C1)F)C(=O)C2=CNC3=NC=C(C=C23)C4=CC=C(C=C4)Cl)F
88,PLX 4720 (Raf Kinase Inhibitor V),C17H14ClF2N3O3S,"InChI=1S/C17H14ClF2N3O3S/c1-2-5-27(25,26)23-13-4-3-12(19)14(15(13)20)16(24)11-8-22-17-10(11)6-9(18)7-21-17/h3-4,6-8,23H,2,5H2,1H3,(H,21,22)",YZDJQTHVDDOVHR-UHFFFAOYSA-N,24180719,CCCS(=O)(=O)NC1=C(C(=C(C=C1)F)C(=O)C2=CNC3=NC=C(C=C23)Cl)F
89,PP1,C16H19N5,"InChI=1S/C16H19N5/c1-10-5-7-11(8-6-10)13-12-14(17)18-9-19-15(12)21(20-13)16(2,3)4/h5-9H,1-4H3,(H2,17,18,19)",ZVPDNRVYHLRXLX-UHFFFAOYSA-N,1400,CC1=CC=C(C=C1)C2=NN(C3=C2C(=NC=N3)N)C(C)(C)C
90,PP2,C15H16ClN5,"InChI=1S/C15H16ClN5/c1-15(2,3)21-14-11(13(17)18-8-19-14)12(20-21)9-4-6-10(16)7-5-9/h4-8H,1-3H3,(H2,17,18,19)",PBBRWFOVCUAONR-UHFFFAOYSA-N,4878,CC(C)(C)N1C2=C(C(=N1)C3=CC=C(C=C3)Cl)C(=NC=N2)N
149,PP242,C16H16N6O,"InChI=1S/C16H16N6O/c1-8(2)22-16-13(15(17)18-7-19-16)14(21-22)12-6-9-5-10(23)3-4-11(9)20-12/h3-8,21,23H,1-2H3,(H2,17,18,19)/b14-12-",MTICIDWIKCANDD-OWBHPGMISA-N,24905147,CC(C)N1C2=C(C(=C3C=C4C=C(C=CC4=N3)O)N1)C(=NC=N2)N
157,PP3,C11H9N5,"InChI=1S/C11H9N5/c12-10-9-6-15-16(11(9)14-7-13-10)8-4-2-1-3-5-8/h1-7H,(H2,12,13,14)",KKDPIZPUTYIBFX-UHFFFAOYSA-N,4879,C1=CC=C(C=C1)N2C3=C(C=N2)C(=NC=N3)N
91,Princeton's TrkA inhibitor compound 20h,C24H24BrF3N6O4S2,"InChI=1S/C22H23BrN6O2S2.C2HF3O2/c1-14-5-6-15(11-16(14)21(31)29-9-7-28(8-10-29)19(30)12-24)32-20-13-25-22(33-20)27-18-4-2-3-17(23)26-18;3-2(4,5)1(6)7/h2-6,11,13H,7-10,12,24H2,1H3,(H,25,26,27);(H,6,7)",DJAXVHZSKDUJHC-UHFFFAOYSA-N,Unavailable,Cc1ccc(cc1C(=O)N2CCN(CC2)C(=O)CN)Sc3cnc(s3)Nc4cccc(n4)Br.C(=O)(C(F)(F)F)O
319,PRT062607,C19H23N9O,"InChI=1S/C19H23N9O/c20-15-6-1-2-7-16(15)26-19-22-11-14(17(21)29)18(27-19)25-12-4-3-5-13(10-12)28-23-8-9-24-28/h3-5,8-11,15-16H,1-2,6-7,20H2,(H2,21,29)(H2,22,25,26,27)/t15-,16+/m0/s1 ",TXGKRVFSSHPBAJ-JKSUJKDBSA-N,44462758  ,C1CC[C@H]([C@H](C1)N)NC2=NC=C(C(=N2)NC3=CC(=CC=C3)N4N=CC=N4)C(=O)N
92,PS-1145,C17H11ClN4O,"InChI=1S/C17H11ClN4O/c18-11-6-13-12-3-5-20-9-15(12)21-16(13)14(7-11)22-17(23)10-2-1-4-19-8-10/h1-9,21H,(H,22,23)",JZRMBDHPALEPDM-UHFFFAOYSA-N,9949093,C1=CC(=CN=C1)C(=O)NC2=C3C(=CC(=C2)Cl)C4=C(N3)C=NC=C4
93,Purvalanol A,C19H25ClN6O,"InChI=1S/C19H25ClN6O/c1-11(2)15(9-27)23-19-24-17(22-14-7-5-6-13(20)8-14)16-18(25-19)26(10-21-16)12(3)4/h5-8,10-12,15,27H,9H2,1-4H3,(H2,22,23,24,25)/t15-/m0/s1",PMXCMJLOPOFPBT-HNNXBMFYSA-N,456214,CC(C)C(CO)NC1=NC2=C(C(=N1)NC3=CC(=CC=C3)Cl)N=CN2C(C)C
181,Purvalanol B,C20H25ClN6O3,"InChI=1S/C20H25ClN6O3/c1-10(2)15(8-28)24-20-25-17(16-18(26-20)27(9-22-16)11(3)4)23-12-5-6-13(19(29)30)14(21)7-12/h5-7,9-11,15,28H,8H2,1-4H3,(H,29,30)(H2,23,24,25,26)/t15-/m0/s1",ZKDXRFMOHZVXSG-HNNXBMFYSA-N,448991,CC(C)C(CO)NC1=NC2=C(C(=N1)NC3=CC(=C(C=C3)C(=O)O)Cl)N=CN2C(C)C
342,QNZ,C22H20N4O,"InChI=1S/C22H20N4O/c23-17-8-11-21-20(14-17)22(26-15-25-21)24-13-12-16-6-9-19(10-7-16)27-18-4-2-1-3-5-18/h1-11,14-15H,12-13,23H2,(H,24,25,26)",IBAKVEUZKHOWNG-UHFFFAOYSA-N,509554,NC1=CC2=C(N=CN=C2NCCC3=CC=C(OC4=CC=CC=C4)C=C3)C=C1
156,Quercetagetin,C15H10O8,"InChI=1S/C15H10O8/c16-6-2-1-5(3-7(6)17)15-14(22)13(21)10-9(23-15)4-8(18)11(19)12(10)20/h1-4,16-20,22H",ZVOLCUVKHLEPEV-UHFFFAOYSA-N,5281680,C1=CC(=C(C=C1C2=C(C(=O)C3=C(C(=C(C=C3O2)O)O)O)O)O)O
175,R-406,C23H24FN5O5,"InChI=1S/C22H23FN6O5/c1-22(2)20(30)28-19-13(34-22)6-7-16(27-19)26-18-12(23)10-24-21(29-18)25-11-8-14(31-3)17(33-5)15(9-11)32-4/h6-10H,1-5H3,(H3,24,25,26,27,28,29,30)",NHHQJBCNYHBUSI-UHFFFAOYSA-N,11213558,CC1(C(=O)NC2=C(O1)C=CC(=N2)NC3=NC(=NC=C3F)NC4=CC(=C(C(=C4)OC)OC)OC)C
94,Rapamycin,C51H79NO13,"InChI=1S/C51H79NO13/c1-30-16-12-11-13-17-31(2)42(61-8)28-38-21-19-36(7)51(60,65-38)48(57)49(58)52-23-15-14-18-39(52)50(59)64-43(33(4)26-37-20-22-40(53)44(27-37)62-9)29-41(54)32(3)25-35(6)46(56)47(63-10)45(55)34(5)24-30/h11-13,16-17,25,30,32-34,36-40,42-44,46-47,53,56,60H,14-15,18-24,26-29H2,1-10H3/b13-11+,16-12+,31-17+,35-25+/t30-,32-,33-,34-,36-,37+,38+,39+,40-,42+,43+,44-,46-,47+,51-/m1/s1",QFJCIRLUMZQUOT-HPLJOQBZSA-N,5284616,CC1CCC2CC(C(=CC=CC=CC(CC(C(=O)C(C(C(=CC(C(=O)CC(OC(=O)C3CCCCN3C(=O)C(=O)C1(O2)O)C(C)CC4CCC(C(C4)OC)O)C)C)O)OC)C)C)C)OC
95,Resveratrol,C14H12O3,"InChI=1S/C14H12O3/c15-12-5-3-10(4-6-12)1-2-11-7-13(16)9-14(17)8-11/h1-9,15-17H/b2-1+",LUKBXSAWLPMMSZ-OWOJBTEDSA-N,445154,C1=CC(=CC=C1C=CC2=CC(=CC(=C2)O)O)O
174,Rigel TRAF6 Inhibitor,C16H12ClF4N5O3S,"InChI=1S/C16H12ClF4N5O3S/c17-10-7-9(16(19,20)21)8-22-15(10)25-3-5-26(6-4-25)30(27,28)12-2-1-11(18)13-14(12)24-29-23-13/h1-2,7-8H,3-6H2",YMUOIWDXLVPLHO-UHFFFAOYSA-N,60057364  ,c1cc(c2c(c1F)non2)S(=O)(=O)N3CCN(CC3)c4c(cc(cn4)C(F)(F)F)Cl
96,RO-31-8220,C25H23N5O2S·CH4O3S,"InChI=1S/C25H23N5O2S.CH4O3S/c1-29-13-17(15-7-2-4-9-19(15)29)21-22(24(32)28-23(21)31)18-14-30(11-6-12-33-25(26)27)20-10-5-3-8-16(18)20;1-5(2,3)4/h2-5,7-10,13-14H,6,11-12H2,1H3,(H3,26,27)(H,28,31,32);1H3,(H,2,3,4)",SAWVGDJBSPLRRB-UHFFFAOYSA-N,11628205,CN1C=C(C2=CC=CC=C21)C3=C(C(=O)NC3=O)C4=CN(C5=CC=CC=C54)CCCSC(=N)N.CS(=O)(=O)O
339,RO-3306,C18H13N3OS2,"InChI=1S/C18H13N3OS2/c22-17-16(24-18(21-17)20-11-14-4-2-8-23-14)10-12-5-6-15-13(9-12)3-1-7-19-15/h1-10H,11H2,(H,20,21,22)",XOLMRFUGOINFDQ-UHFFFAOYSA-N,71433937,C1=CC2=C(C=CC(=C2)C=C3C(=O)N=C(S3)NCC4=CC=CS4)N=C1
97,Roscovitine,C19H26N6O,"InChI=1S/C19H26N6O/c1-4-15(11-26)22-19-23-17(20-10-14-8-6-5-7-9-14)16-18(24-19)25(12-21-16)13(2)3/h5-9,12-13,15,26H,4,10-11H2,1-3H3,(H2,20,22,23,24)/t15-/m1/s1",BTIHMVBBUGXLCJ-OAHLLOKOSA-N,160355,CCC(CO)NC1=NC2=C(C(=N1)NCC3=CC=CC=C3)N=CN2C(C)C
98,Rottlerin,C30H28O8,"InChI=1S/C30H28O8/c1-15-24(33)19(27(36)22(16(2)31)25(15)34)14-20-26(35)18-12-13-30(3,4)38-29(18)23(28(20)37)21(32)11-10-17-8-6-5-7-9-17/h5-13,33-37H,14H2,1-4H3/b11-10+",DEZFNHCVIZBHBI-ZHACJKMWSA-N,5281847,CC1=C(C(=C(C(=C1O)C(=O)C)O)CC2=C(C3=C(C(=C2O)C(=O)C=CC4=CC=CC=C4)OC(C=C3)(C)C)O)O
189,Ruxolitinib (INCB18424),C17H18N6,"InChI=1S/C17H18N6/c18-7-5-15(12-3-1-2-4-12)23-10-13(9-22-23)16-14-6-8-19-17(14)21-11-20-16/h6,8-12,15H,1-5H2,(H,19,20,21)/t15-/m1/s1",HFNKQEVNSGCOJV-OAHLLOKOSA-N,25126798,C1CCC(C1)C(CC#N)N2C=C(C=N2)C3=C4C=CNC4=NC=N3
278,Saracatinib (AZD0530),C27H32ClN5O5,"InChI=1S/C27H32ClN5O5/c1-32-6-8-33(9-7-32)10-13-35-19-14-21-24(23(15-19)38-18-4-11-34-12-5-18)27(30-16-29-21)31-25-20(28)2-3-22-26(25)37-17-36-22/h2-3,14-16,18H,4-13,17H2,1H3,(H,29,30,31)",OUKYUETWWIPKQR-UHFFFAOYSA-N,10302451,CN1CCN(CC1)CCOC2=CC(=C3C(=C2)N=CN=C3NC4=C(C=CC5=C4OCO5)Cl)OC6CCOCC6
99,SB-202190,C20H14FN3O,"InChI=1S/C20H14FN3O/c21-16-5-1-13(2-6-16)18-19(14-9-11-22-12-10-14)24-20(23-18)15-3-7-17(25)8-4-15/h1-12,23-24H",NJNKPVPFGLGHPA-UHFFFAOYSA-N,5353940,C1=CC(=O)C=CC1=C2NC(=C(N2)C3=CC=NC=C3)C4=CC=C(C=C4)F
100,SB-203580,C21H16N3OSF,"InChI=1S/C21H16FN3OS/c1-27(26)18-8-4-16(5-9-18)21-24-19(14-2-6-17(22)7-3-14)20(25-21)15-10-12-23-13-11-15/h2-13H,1H3,(H,24,25)",CDMGBJANTYXAIV-UHFFFAOYSA-N,176155,CS(=O)C1=CC=C(C=C1)C2=NC(=C(N2)C3=CC=NC=C3)C4=CC=C(C=C4)F
101,SB-216763,C19H12Cl2N2O2,"InChI=1S/C19H12Cl2N2O2/c1-23-9-13(11-4-2-3-5-15(11)23)17-16(18(24)22-19(17)25)12-7-6-10(20)8-14(12)21/h2-9H,1H3,(H,22,24,25)",JCSGFHVFHSKIJH-UHFFFAOYSA-N,176158,CN1C=C(C2=CC=CC=C21)C3=C(C(=O)NC3=O)C4=C(C=C(C=C4)Cl)Cl
102,SB-415286,C16H10ClN3O5,"InChI=1S/C16H10ClN3O5/c17-10-7-8(5-6-12(10)21)18-14-13(15(22)19-16(14)23)9-3-1-2-4-11(9)20(24)25/h1-7,21H,(H2,18,19,22,23)",PQCXVIPXISBFPN-UHFFFAOYSA-N,4210951,C1=CC=C(C(=C1)C2=C(C(=O)NC2=O)NC3=CC(=C(C=C3)O)Cl)[N+](=O)[O-]
161,SB-431542,C22H16N4O3·xH2O,"InChI=1S/C22H16N4O3/c23-21(27)13-4-6-14(7-5-13)22-25-19(20(26-22)16-3-1-2-10-24-16)15-8-9-17-18(11-15)29-12-28-17/h1-11H,12H2,(H2,23,27)(H,25,26)",FHYUGAJXYORMHI-UHFFFAOYSA-N,4521392,C1OC2=C(O1)C=C(C=C2)C3=C(NC(=N3)C4=CC=C(C=C4)C(=O)N)C5=CC=CC=N5
188,SB-505124,C20H21N3O2·xHCl·yH2O,"InChI=1S/C20H21N3O2/c1-12-6-5-7-14(21-12)18-17(22-19(23-18)20(2,3)4)13-8-9-15-16(10-13)25-11-24-15/h5-10H,11H2,1-4H3,(H,22,23)",WGZOTBUYUFBEPZ-UHFFFAOYSA-N,9858940,WGZOTBUYUFBEPZ-UHFFFAOYSA-N
265,SB-590885,C27H27N5O2,"InChI=1S/C27H27N5O2/c1-32(2)15-16-34-22-7-3-19(4-8-22)27-29-25(18-11-13-28-14-12-18)26(30-27)21-5-9-23-20(17-21)6-10-24(23)31-33/h3-5,7-9,11-14,17,28H,6,10,15-16H2,1-2H3,(H,29,30)/b26-21+",DPCXEUSDRQOOGZ-YYADALCUSA-N,11465183,CN(C)CCOC1=CC=C(C=C1)C2=NC(=C3C=CC4=C(CCC4=C3)N=O)C(=C5C=CNC=C5)N2
266,SB-747651A,C16H22N8O,"InChI=1S/C16H22N8O/c1-2-24-14-10(8-20-11-3-5-18-6-4-11)7-19-9-12(14)21-16(24)13-15(17)23-25-22-13/h7,9,11,18,20H,2-6,8H2,1H3,(H2,17,23)",MBCJUIJWPYUEBX-UHFFFAOYSA-N,11393719,CCN1C2=C(C=NC=C2CNC3CCNCC3)N=C1C4=NON=C4N
103,SC514 ( IKK-2 Inhibitor),C9H8N2OS2,"InChI=1S/C9H8N2OS2/c10-6-3-7(5-1-2-13-4-5)14-8(6)9(11)12/h1-4H,10H2,(H2,11,12)",BMUACLADCKCNKZ-UHFFFAOYSA-N,2807869,C1=CSC=C1C2=CC(=C(S2)C(=O)N)N
344,SGK-Sanofi-14i,C18H15ClN6O3S,Unavailable,Unavailable,Unavailable,Unavailable
343,SGK1-Sanofi-14g,C17H12Cl2N6O2S,Unavailable,Unavailable,Unavailable,Unavailable
349,SGK1-Sanofi-14h,C17H12Cl2N6O2S,Unavailable,Unavailable,Unavailable,Unavailable
345,SGK1-Sanofi-14n,C17H12CIFN6O2S,Unavailable,Unavailable,Unavailable,Unavailable
352,SGK1-Sanofi-308-R,C23H23FN6O4S,"InChI=1S/C23H23FN6O4S/c1-14-2-7-19(24)20(10-14)35(31,32)30-16-5-3-15(4-6-16)21-27-22-18(12-26-29-22)23(28-21)34-13-17-11-25-8-9-33-17/h2-7,10,12,17,25,30H,8-9,11,13H2,1H3,(H,26,27,28,29)/t17-/m1/s1",UAVUYSNDFXWICV-QGZVFWFLSA-N,Unavailable,Cc1ccc(c(c1)S(=O)(=O)Nc2ccc(cc2)c3nc4c(cn[nH]4)c(n3)OC[C@H]5CNCCO5)F
353,SGK1-Sanofi-308-S,C23H23FN6O4S,"InChI=1S/C23H23FN6O4S/c1-14-2-7-19(24)20(10-14)35(31,32)30-16-5-3-15(4-6-16)21-27-22-18(12-26-29-22)23(28-21)34-13-17-11-25-8-9-33-17/h2-7,10,12,17,25,30H,8-9,11,13H2,1H3,(H,26,27,28,29)/t17-/m0/s1",UAVUYSNDFXWICV-KRWDZBQOSA-N,Unavailable,Cc1ccc(c(c1)S(=O)(=O)Nc2ccc(cc2)c3nc4c(cn[nH]4)c(n3)OC[C@@H]5CNCCO5)F
356,SGK1-Sanofi-ex.290-R,C24H25ClN6O5S,"InChI=1S/C24H25ClN6O5S/c1-14-21-23(30-29-14)27-22(28-24(21)36-13-18-12-26-9-10-35-18)15-3-5-16(6-4-15)31-37(32,33)20-11-17(34-2)7-8-19(20)25/h3-8,11,18,26,31H,9-10,12-13H2,1-2H3,(H,27,28,29,30)/t18-/m1/s1",JOEDMMFGXYMXAW-GOSISDBHSA-N,Unavailable,Cc1c2c([nH]n1)nc(nc2OC[C@H]3CNCCO3)c4ccc(cc4)NS(=O)(=O)c5cc(ccc5Cl)OC
355,SGK1-Sanofi-ex.290-S,C24H25ClN6O5S,"InChI=1S/C24H25ClN6O5S/c1-14-21-23(30-29-14)27-22(28-24(21)36-13-18-12-26-9-10-35-18)15-3-5-16(6-4-15)31-37(32,33)20-11-17(34-2)7-8-19(20)25/h3-8,11,18,26,31H,9-10,12-13H2,1-2H3,(H,27,28,29,30)/t18-/m0/s1",JOEDMMFGXYMXAW-SFHVURJKSA-N,Unavailable,Cc1c2c([nH]n1)nc(nc2OC[C@@H]3CNCCO3)c4ccc(cc4)NS(=O)(=O)c5cc(ccc5Cl)OC
112,SL-327 (MEK1-2 Inhibitor),C16H12F3N3S,JLOXTZFYJNCPIS-FYWRMAATSA-N,JLOXTZFYJNCPIS-FYWRMAATSA-N,9549284,C1=CC=C(C(=C1)C(=C(N)SC2=CC=C(C=C2)N)C#N)C(F)(F)F
111,SL0101-1,C25H24O12,"InChI=1S/C25H24O12/c1-10-21(34-11(2)26)24(35-12(3)27)20(32)25(33-10)37-23-19(31)18-16(30)8-15(29)9-17(18)36-22(23)13-4-6-14(28)7-5-13/h4-10,20-21,24-25,28-30,32H,1-3H3/t10-,20+,21-,24-,25-/m0/s1",SXOZSDJHGMAEGZ-IGKKHSBFSA-N,10459196,CC1C(C(C(C(O1)OC2=C(OC3=CC(=CC(=C3C2=O)O)O)C4=CC=C(C=C4)O)O)OC(=O)C)OC(=O)C
185,Sodium salicylate,HOC6H4COONa,"InChI=1S/C7H6O3.Na/c8-6-4-2-1-3-5(6)7(9)10;/h1-4,8H,(H,9,10);/q;+1/p-1",ABBQHOQBGMUPJH-UHFFFAOYSA-M,16760658,C1=CC=C(C(=C1)C(=O)[O-])O.[Na+]
113,Sodium valproate,C8H15NaO2,"InChI=1S/C8H16O2.Na/c1-3-5-7(6-4-2)8(9)10;/h7H,3-6H2,1-2H3,(H,9,10);/q;+1/p-1",AEQFSUDEHCCHBT-UHFFFAOYSA-M,16760703,CCCC(CCC)C(=O)[O-].[Na+]
114,"SP600125 (JNK Inhibitor II,  SAPK Inhibitor II)",C14H8N2O,"InChI=1S/C14H8N2O/c17-14-9-5-2-1-4-8(9)13-12-10(14)6-3-7-11(12)15-16-13/h1-7H,(H,15,16)",ACPOUJIDANTYHO-UHFFFAOYSA-N,8515,C1=CC=C2C(=C1)C3=NNC4=CC=CC(=C43)C2=O
179,Sphingosine Kinase Inhibitor (SKI II),C15H11ClN2OS,"InChI=1S/C15H11ClN2OS.ClH/c16-11-3-1-10(2-4-11)14-9-20-15(18-14)17-12-5-7-13(19)8-6-12;/h1-9,19H,(H,17,18);1H",ZDRVLAOYDGQLFI-UHFFFAOYSA-N,16760659,C1=CC(=CC=C1C2=CSC(=N2)NC3=CC=C(C=C3)O)Cl.Cl
115,SRC Inhibitor 1,C22H19N3O3,"InChI=1S/C22H19N3O3/c1-26-20-12-18-19(13-21(20)27-2)23-14-24-22(18)25-15-8-10-17(11-9-15)28-16-6-4-3-5-7-16/h3-14H,1-2H3,(H,23,24,25)",DMWVGXGXHPOEPT-UHFFFAOYSA-N,1474853,COC1=C(C=C2C(=C1)C(=NC=N2)NC3=CC=C(C=C3)OC4=CC=CC=C4)OC
116,SRT 1720,C27H24F3N7O3S,"InChI=1S/C25H23N7OS.ClH/c33-24(22-13-27-20-7-3-4-8-21(20)28-22)29-19-6-2-1-5-18(19)23-15-32-17(16-34-25(32)30-23)14-31-11-9-26-10-12-31;/h1-8,13,15-16,26H,9-12,14H2,(H,29,33);1H",DTGRRMPPXCRRIM-UHFFFAOYSA-N,25232708,C1CN(CCN1)CC2=CSC3=NC(=CN23)C4=CC=CC=C4NC(=O)C5=NC6=CC=CC=C6N=C5.Cl
208,Staurosporine,C28H26N4O3,"InChI=1S/C28H26N4O3/c1-28-26(34-3)17(29-2)12-20(35-28)31-18-10-6-4-8-14(18)22-23-16(13-30-27(23)33)21-15-9-5-7-11-19(15)32(28)25(21)24(22)31/h4-11,17,20,26,29H,12-13H2,1-3H3,(H,30,33)/t17-,20-,26-,28+/m0/s1",HKSZLNNOFSGOKW-HMWZOHBLSA-N,451705,CC12C(C(CC(O1)N3C4=CC=CC=C4C5=C6C(=C7C8=CC=CC=C8N2C7=C53)CNC6=O)NC)OC
117,STO 609,C19H10N2O3·CH3CO2H,"InChI=1S/C19H10N2O3/c22-18-13-5-3-4-10-11(19(23)24)8-9-12(16(10)13)17-20-14-6-1-2-7-15(14)21(17)18/h1-9H,(H,23,24)/p-1",MYKOWOGZBMOVBJ-UHFFFAOYSA-M,51371511,C1=CC=C2C(=C1)N=C3N2C(=O)C4=CC=CC5=C(C=CC3=C54)C(=O)[O-]
324,STOCK1S-50699,C29H31IN2S2,"InChI=1S/C29H31N2S2.HI/c1-4-30-24-12-6-8-14-26(24)32-28(30)16-10-11-22-17-21(3)18-23(19-22)20-29-31(5-2)25-13-7-9-15-27(25)33-29;/h6-16,19-21H,4-5,17-18H2,1-3H3;1H/q+1;/p-1",JNEYCFRQMCKLHV-UHFFFAOYSA-M,5332561,CCN1C2=CC=CC=C2SC1=CC3=CC(=CC=CC4=[N+](C5=CC=CC=C5S4)CC)CC(C3)C.[I-]
323,STOCK2S-26016,C20H19N3O2,"InChI=1S/C20H19N3O2/c1-2-24-14-6-8-18-17(11-14)20(21)16-7-5-13(10-19(16)23-18)22-12-15-4-3-9-25-15/h3-11,22H,2,12H2,1H3,(H2,21,23)",PGNWQNJXXLPZEL-UHFFFAOYSA-N,3135086,CCOc1ccc2c(c1)c(N)c1c(n2)cc(cc1)NCc1ccco1
118,SU-5416 (VEGFR2 Kinase Inhibitor III),C15H14N2O,"InChI=1S/C15H14N2O/c1-9-7-10(2)16-14(9)8-12-11-5-3-4-6-13(11)17-15(12)18/h3-8,16H,1-2H3,(H,17,18)/b12-8-",WUWDLXZGHZSWQZ-WQLSENKSSA-N,5329098,CC1=CC(=C(N1)C=C2C3=CC=CC=C3NC2=O)C
119,SU-6656,C19H21N3O3S,"InChI=1S/C19H21N3O3S/c1-22(2)26(24,25)14-7-8-18-15(11-14)16(19(23)21-18)10-13-9-12-5-3-4-6-17(12)20-13/h7-11,20H,3-6H2,1-2H3,(H,21,23)/b16-10-",LOGJQOUIVKBFGH-YBEGLDIGSA-N,5312137,CN(C)S(=O)(=O)C1=CC2=C(C=C1)NC(=O)C2=CC3=CC4=C(N3)CCCC4
120,SU-6668,C18H18N2O3,"InChI=1S/C18H18N2O3/c1-10-12(7-8-17(21)22)11(2)19-16(10)9-14-13-5-3-4-6-15(13)20-18(14)23/h3-6,9,19H,7-8H2,1-2H3,(H,20,23)(H,21,22)/b14-9-",NHFDRBXTEDBWCZ-ZROIWOOFSA-N,5329099,CC1=C(NC(=C1CCC(=O)O)C)C=C2C3=CC=CC=C3NC2=O
155,Sulfasalazine,C18H14N4O5S,"InChI=1S/C18H14N4O5S/c23-16-9-6-13(11-15(16)18(24)25)21-20-12-4-7-14(8-5-12)28(26,27)22-17-3-1-2-10-19-17/h1-11,20H,(H,19,22)(H,24,25)/b21-13-",OQANPHBRHBJGNZ-BKUYFWCQSA-N,5359476,C1=CC=NC(=C1)NS(=O)(=O)C2=CC=C(C=C2)NN=C3C=CC(=O)C(=C3)C(=O)O
151,Sunitinib (SU-11248),C22H27FN4O2,"InChI=1S/C22H27FN4O2/c1-5-27(6-2)10-9-24-22(29)20-13(3)19(25-14(20)4)12-17-16-11-15(23)7-8-18(16)26-21(17)28/h7-8,11-12,25H,5-6,9-10H2,1-4H3,(H,24,29)(H,26,28)/b17-12-",WINHZLLDWRZWRT-ATVHPVEESA-N,5329102,CCN(CC)CCNC(=O)C1=C(NC(=C1C)C=C2C3=C(C=CC(=C3)F)NC2=O)C
139,SYK Inhibitor I,C18H15N3O3S,"InChI=1S/C18H15N3O3S/c1-21-10-11(13-4-2-3-5-17(13)21)8-15-14-9-12(25(19,23)24)6-7-16(14)20-18(15)22/h2-10H,1H3,(H,20,22)(H2,19,23,24)/b15-8-",MLKHXLFEYOOYEY-NVNXTCNLSA-N,6419747,CN1C=C(C2=CC=CC=C21)C=C3C4=C(C=CC(=C4)S(=O)(=O)N)NC3=O
140,SYK Inhibitor II,C14H15F3N6O·2HCl·2H2O,"InChI=1S/C14H15F3N6O.2ClH.2H2O/c15-14(16,17)8-2-1-3-9(6-8)22-12-10(11(19)24)7-21-13(23-12)20-5-4-18;;;;/h1-3,6-7H,4-5,18H2,(H2,19,24)(H2,20,21,22,23);2*1H;2*1H2",LCACSMNPIITJGG-UHFFFAOYSA-N,16760670,C1=CC(=CC(=C1)NC2=NC(=NC=C2C(=O)N)NCCN)C(F)(F)F.O.O.Cl.Cl
141,SYK Inhibitor III,C9H7NO4,"InChI=1S/C9H7NO4/c11-10(12)4-3-7-1-2-8-9(5-7)14-6-13-8/h1-5H,6H2/b4-3+",KFLWBZPSJQPRDD-ONEGZZNKSA-N,672296,C1OC2=C(O1)C=C(C=C2)C=C[N+](=O)[O-]
142,SYK Inhibitor IV (BAY 61-3606),C20H18N6O3·HCl·H2O,"InChI=1S/C20H18N6O3.2ClH/c1-28-15-6-5-12(10-16(15)29-2)14-11-17-22-8-9-26(17)20(24-14)25-19-13(18(21)27)4-3-7-23-19;;/h3-11H,1-2H3,(H2,21,27)(H,23,24,25);2*1H",SPMFEULFGGPQLN-UHFFFAOYSA-N,11784504,COC1=C(C=C(C=C1)C2=CC3=NC=CN3C(=N2)NC4=C(C=CC=N4)C(=O)N)OC.Cl.Cl
259,TAE684,C30H40ClN7O3S,"InChI=1S/C30H40ClN7O3S/c1-21(2)42(39,40)28-8-6-5-7-26(28)33-29-24(31)20-32-30(35-29)34-25-10-9-23(19-27(25)41-4)37-13-11-22(12-14-37)38-17-15-36(3)16-18-38/h5-10,19-22H,11-18H2,1-4H3,(H2,32,33,34,35)",QQWUGDVOUVUTOY-UHFFFAOYSA-N,16038120,CC(C)S(=O)(=O)C1=CC=CC=C1NC2=NC(=NC=C2Cl)NC3=C(C=C(C=C3)N4CCC(CC4)N5CCN(CC5)C)OC
315,Tenovin-6,C25H34N4O2S,"InChI=1S/C25H34N4O2S/c1-25(2,3)19-11-9-18(10-12-19)23(31)28-24(32)27-21-15-13-20(14-16-21)26-22(30)8-6-7-17-29(4)5/h9-16H,6-8,17H2,1-5H3,(H,26,30)(H2,27,28,31,32)",BVJSXSQRIUSRCO-UHFFFAOYSA-N,24772043,CC(C)(C)C1=CC=C(C(NC(NC2=CC=C(NC(CCCCN(C)C)=O)C=C2)=S)=O)C=C1
169,TG003,C13H15NO2S,"InChI=1S/C13H15NO2S/c1-4-14-11-8-10(16-3)5-6-12(11)17-13(14)7-9(2)15/h5-8H,4H2,1-3H3/b13-7-",BGVLELSCIHASRV-QPEQYQDCSA-N,1893668,CCN1C2=C(C=CC(=C2)OC)SC1=CC(=O)C
263,Torin1,C35H28F3N5O2,"InChI=1S/C35H28F3N5O2/c1-2-32(44)42-15-13-41(14-16-42)31-11-9-26(19-28(31)35(36,37)38)43-33(45)12-8-24-20-40-30-10-7-22(18-27(30)34(24)43)25-17-23-5-3-4-6-29(23)39-21-25/h3-12,17-21H,2,13-16H2,1H3",AKCRNFFTGXBONI-UHFFFAOYSA-N,49836027,CCC(=O)N1CCN(CC1)C2=C(C=C(C=C2)N3C(=O)C=CC4=CN=C5C=CC(=CC5=C43)C6=CC7=CC=CC=C7N=C6)C(F)(F)F
289,TTT-3002,Unavailable,Unavailable,Unavailable,Unavailable,Unavailable
205,Ubiquitin E1 Inhibitor (PYR-41),C17H13N3O7·3H2O,"InChI=1S/C17H13N3O7/c1-2-26-17(23)10-3-5-11(6-4-10)19-16(22)13(15(21)18-19)9-12-7-8-14(27-12)20(24)25/h3-9H,2H2,1H3,(H,18,21)/b13-9-",ARGIPZKQJGFSGQ-LCYFTJDESA-N,5335621,CCOC(=O)C1=CC=C(C=C1)N2C(=O)C(=CC3=CC=C(O3)[N+](=O)[O-])C(=O)N2
122,UCN-01,C28H26N4O4,"InChI=1S/C28H26N4O4/c1-28-25(35-3)15(29-2)12-18(36-28)31-16-10-6-4-8-13(16)19-21-22(27(34)30-26(21)33)20-14-9-5-7-11-17(14)32(28)24(20)23(19)31/h4-11,15,18,25,27,29,34H,12H2,1-3H3,(H,30,33)/t15-,18-,25-,27-,28+/m1/s1",PBCZSGKMGDDXIJ-HQCWYSJUSA-N,72271,CC12C(C(CC(O1)N3C4=CC=CC=C4C5=C6C(=C7C8=CC=CC=C8N2C7=C53)C(NC6=O)O)NC)OC
123,Uo126,C18H16N6S2,"InChI=1S/C18H16N6S2/c19-9-11(17(23)25-15-7-3-1-5-13(15)21)12(10-20)18(24)26-16-8-4-2-6-14(16)22/h1-8H,21-24H2/b17-11+,18-12+",DVEXZJFMOKTQEZ-JYFOCSDGSA-N,3006531,C1=CC=C(C(=C1)N)SC(=C(C#N)C(=C(N)SC2=CC=CC=C2N)C#N)N
340,Volasertib,C34H50N8O3,"InChI=1S/C34H50N8O3/c1-6-28-33(44)39(4)29-20-35-34(38-31(29)42(28)22(2)3)37-27-14-9-24(19-30(27)45-5)32(43)36-25-10-12-26(13-11-25)41-17-15-40(16-18-41)21-23-7-8-23/h9,14,19-20,22-23,25-26,28H,6-8,10-13,15-18,21H2,1-5H3,(H,36,43)(H,35,37,38)/t25?,26?,28-/m1/s1",SXNJFOWDRLKDSF-XKHVUIRMSA-N,10461508,CCC1C(=O)N(C2=CN=C(N=C2N1C(C)C)NC3=C(C=C(C=C3)C(=O)NC4CCC(CC4)N5CCN(CC5)CC6CC6)OC)C
330,VPS34-IN1,C21H24ClN7O,"InChI=1S/C21H24ClN7O/c1-21(2,30)12-26-19-25-11-15(17(29-19)9-13-3-4-13)16-6-8-24-20(28-16)27-14-5-7-23-18(22)10-14/h5-8,10-11,13,30H,3-4,9,12H2,1-2H3,(H,25,26,29)(H,23,24,27,28)",AWNXKZVIZARMME-UHFFFAOYSA-N,57404276  ,CC(C)(CNc1ncc(c(n1)CC2CC2)c3ccnc(n3)Nc4ccnc(c4)Cl)O
321,VPS34-IN2 (PIK-III),C17H17N7,"InChI=1S/C17H17N7/c18-16-21-10-13(15(23-16)9-11-1-2-11)14-5-8-20-17(24-14)22-12-3-6-19-7-4-12/h3-8,10-11H,1-2,9H2,(H2,18,21,23)(H,19,20,22,24)",XXSDLQLNIVFIJI-UHFFFAOYSA-N,67983123  ,c1cnccc1Nc2nccc(n2)c3cnc(nc3CC4CC4)N
125,VX-680,C23H28N8OS,"InChI=1S/C23H28N8OS/c1-15-13-20(29-28-15)25-19-14-21(31-11-9-30(2)10-12-31)27-23(26-19)33-18-7-5-17(6-8-18)24-22(32)16-3-4-16/h5-8,13-14,16H,3-4,9-12H2,1-2H3,(H,24,32)(H2,25,26,27,28,29)",GCIKSSRWRFVXBI-UHFFFAOYSA-N,5494449,CC1=CC(=NN1)NC2=NC(=NC(=C2)N3CCN(CC3)C)SC4=CC=C(C=C4)NC(=O)C5CC5
124,VX-745,C19H9Cl2F2N3OS,InChI=1S/C19H9Cl2F2N3OS/c20-11-2-1-3-12(21)17(11)18-14-5-7-16(25-26(14)9-24-19(18)27)28-15-6-4-10(22)8-13(15)23/h1-9H,VEPKQEUBKLEPRA-UHFFFAOYSA-N,3038525,C1=CC(=C(C(=C1)Cl)C2=C3C=CC(=NN3C=NC2=O)SC4=C(C=C(C=C4)F)F)Cl
285,Withaferin A,C28H38O6,"InChI=1S/C28H38O6/c1-14-11-21(33-25(32)17(14)13-29)15(2)18-5-6-19-16-12-24-28(34-24)23(31)8-7-22(30)27(28,4)20(16)9-10-26(18,19)3/h7-8,15-16,18-21,23-24,29,31H,5-6,9-13H2,1-4H3/t15-,16-,18+,19-,20-,21+,23-,24+,26+,27-,28+/m0/s1",DBRXOUCRJQVYJQ-CKNDUULBSA-N,265237,CC1=C(C(=O)OC(C1)C(C)C2CCC3C2(CCC4C3CC5C6(C4(C(=O)C=CC6O)C)O5)C)CO
357,WNK-463,C21H24F3N7O2,"InChI=1S/C21H24F3N7O2/c1-20(2,3)27-17(32)15-11-25-12-31(15)14-6-8-30(9-7-14)16-5-4-13(10-26-16)18-28-29-19(33-18)21(22,23)24/h4-5,10-12,14H,6-9H2,1-3H3,(H,27,32)",HWSHOMMVLGBIDN-UHFFFAOYSA-N,121487936,CC(C)(C)NC(=O)c1cncn1C2CCN(CC2)c3ccc(cn3)c4nnc(o4)C(F)(F)F
126,Wortmannin (KY 12420),C23H24O8,"InChI=1S/C23H24O8/c1-10(24)30-13-7-22(2)12(5-6-14(22)25)16-18(13)23(3)15(9-28-4)31-21(27)11-8-29-20(17(11)23)19(16)26/h8,12-13,15H,5-7,9H2,1-4H3/t12-,13+,15+,22-,23-/m0/s1",QDLHCMPXEPAAMD-QAIWCSMKSA-N,312145,CC(=O)OC1CC2(C(CCC2=O)C3=C1C4(C(OC(=O)C5=COC(=C54)C3=O)COC)C)C
299,WP1130,C19H18BrN3O,"InChI=1S/C19H18BrN3O/c1-2-7-17(14-8-4-3-5-9-14)23-19(24)15(13-21)12-16- 10-6-11-18(20)22-16/h3-6,8-12,17H,2,7H2,1H3,(H,23,24)/b15-12+/t17-/m0/s1",LIDOPKHSVQTSJY-VMEIHUARSA-N,11222830,CCC[C@@H](C1=CC=CC=C1)NC(=O)/C(=C/C2=NC(=CC=C2)Br)/C#N
127,Wyeth PDK1 Inhibitor Compound 1,C19H22Cl4N4O2,Unavailable,Unavailable,Unavailable,Unavailable
128,Y-27632,C14H21N3O·2HCl·H2O,"InChI=1S/C14H21N3O/c1-10(15)11-2-4-12(5-3-11)14(18)17-13-6-8-16-9-7-13/h6-12H,2-5,15H2,1H3,(H,16,17,18)/t10-,11?,12?/m1/s1",IYOZTVGMEWJPKR-VOMCLLRMSA-N,448042,CC(C1CCC(CC1)C(=O)NC2=CC=NC=C2)N
129,Zearalenone,C18H22O5,"InChI=1S/C18H22O5/c1-12-6-5-9-14(19)8-4-2-3-7-13-10-15(20)11-16(21)17(13)18(22)23-12/h3,7,10-12,20-21H,2,4-6,8-9H2,1H3/b7-3+/t12-/m0/s1",MBMQEIFVQACCCH-QBODLPLBSA-N,5281576,CC1CCCC(=O)CCCC=CC2=CC(=CC(=C2C(=O)O1)O)O
130,ZM 336372,C23H23N3O3,"InChI=1S/C23H23N3O3/c1-15-7-10-18(24-23(29)17-5-4-6-19(13-17)26(2)3)14-21(15)25-22(28)16-8-11-20(27)12-9-16/h4-14,27H,1-3H3,(H,24,29)(H,25,28)",PYEFPDQFAZNXLI-UHFFFAOYSA-N,5730,CC1=C(C=C(C=C1)NC(=O)C2=CC(=CC=C2)N(C)C)NC(=O)C3=CC=C(C=C3)O
