AKT1_HUMAN,AKT1
AKT1_HUMAN,PKB
AKT1_HUMAN,RAC
AKT1_HUMAN,Protein kinase B
AKT1_HUMAN,Protein kinase B alpha
AKT1_HUMAN,PKB alpha
AKT1_HUMAN,Proto-oncogene c-Akt
AKT1_HUMAN,RAC-PK-alpha
AKT2_HUMAN,AKT2
AKT2_HUMAN,Protein kinase Akt-2
AKT2_HUMAN,Protein kinase B beta
AKT2_HUMAN,PKB beta
AKT2_HUMAN,RAC-PK-beta
AKT3_HUMAN,AKT3
AKT3_HUMAN,PKBG
AKT3_HUMAN,Protein kinase Akt-3
AKT3_HUMAN,Protein kinase B gamma
AKT3_HUMAN,PKB gamma
AKT3_HUMAN,RAC-PK-gamma
AKT3_HUMAN,STK-2
MRCKA_HUMAN,CDC42BPA
MRCKA_HUMAN,KIAA0451
MRCKA_HUMAN,CDC42-binding protein kinase alpha
MRCKA_HUMAN,DMPK-like alpha
MRCKA_HUMAN,Myotonic dystrophy kinase-related CDC42-binding kinase alpha
MRCKA_HUMAN,MRCK alpha
MRCKA_HUMAN,Myotonic dystrophy protein kinase-like alpha
MRCKB_HUMAN,CDC42BPB
MRCKB_HUMAN,KIAA1124
MRCKB_HUMAN,CDC42-binding protein kinase beta
MRCKB_HUMAN,CDC42BP-beta
MRCKB_HUMAN,DMPK-like beta
MRCKB_HUMAN,Myotonic dystrophy kinase-related CDC42-binding kinase beta
MRCKB_HUMAN,MRCK beta
MRCKB_HUMAN,Myotonic dystrophy protein kinase-like beta
MRCKG_HUMAN,CDC42BPG
MRCKG_HUMAN,DMPK2
MRCKG_HUMAN,CDC42-binding protein kinase gamma
MRCKG_HUMAN,DMPK-like gamma
MRCKG_HUMAN,Myotonic dystrophy kinase-related CDC42-binding kinase gamma
MRCKG_HUMAN,MRCK gamma
MRCKG_HUMAN,MRCKG
MRCKG_HUMAN,Myotonic dystrophy protein kinase-like gamma
MRCKG_HUMAN,Myotonic dystrophy protein kinase-like alpha
CTRO_HUMAN,CIT
CTRO_HUMAN,CRIK
CTRO_HUMAN,KIAA0949
CTRO_HUMAN,STK21
CTRO_HUMAN,Serine/threonine-protein kinase 21
DMPK_HUMAN,DMPK
DMPK_HUMAN,DM1PK
DMPK_HUMAN,MDPK
DMPK_HUMAN,MT-PK
DMPK_HUMAN,DM-kinase
DMPK_HUMAN,DMK
DMPK_HUMAN,DM1 protein kinase
DMPK_HUMAN,Myotonic dystrophy protein kinase
RK_HUMAN,GRK1
RK_HUMAN,RHOK
RK_HUMAN,RK
RK_HUMAN,G protein-coupled receptor kinase 1
ARBK1_HUMAN,GRK2
ARBK1_HUMAN,ADRBK1
ARBK1_HUMAN,BARK
ARBK1_HUMAN,BARK1
ARBK1_HUMAN,Beta-ARK-1
ARBK1_HUMAN,G-protein coupled receptor kinase 2
ARBK2_HUMAN,GRK3
ARBK2_HUMAN,ADRBK2
ARBK2_HUMAN,BARK2
ARBK2_HUMAN,Beta-ARK-2
ARBK2_HUMAN,G-protein-coupled receptor kinase 3
GRK4_HUMAN,GRK4
GRK4_HUMAN,GPRK2L
GRK4_HUMAN,GPRK4
GRK4_HUMAN,G protein-coupled receptor kinase GRK4
GRK4_HUMAN,ITI1
GRK5_HUMAN,GRK5
GRK5_HUMAN,GPRK5
GRK5_HUMAN,G protein-coupled receptor kinase GRK5
GRK6_HUMAN,GRK6
GRK6_HUMAN,GPRK6
GRK6_HUMAN,G protein-coupled receptor kinase GRK6
GRK7_HUMAN,GRK7
GRK7_HUMAN,GPRK7
GRK7_HUMAN,G protein-coupled receptor kinase 7
GRK7_HUMAN,G protein-coupled receptor kinase GRK7
LATS1_HUMAN,LATS1
LATS1_HUMAN,WARTS
LATS1_HUMAN,Large tumor suppressor homolog 1
LATS1_HUMAN,WARTS protein kinase
LATS1_HUMAN,h-warts
LATS2_HUMAN,LATS2
LATS2_HUMAN,KPM
LATS2_HUMAN,Kinase phosphorylated during mitosis protein
LATS2_HUMAN,Large tumor suppressor homolog 2
LATS2_HUMAN,Serine/threonine-protein kinase kpm
LATS2_HUMAN,Warts-like kinase
MAST1_HUMAN,MAST1
MAST1_HUMAN,KIAA0973
MAST1_HUMAN,SAST
MAST1_HUMAN,Syntrophin-associated serine/threonine-protein kinase
MAST2_HUMAN,MAST2
MAST2_HUMAN,KIAA0807
MAST2_HUMAN,MAST205
MAST3_HUMAN,MAST3
MAST3_HUMAN,KIAA0561
MAST4_HUMAN,MAST4
MAST4_HUMAN,KIAA0303
GWL_HUMAN,MASTL
GWL_HUMAN,GW
GWL_HUMAN,GWL
GWL_HUMAN,THC2
GWL_HUMAN,hGWL
GWL_HUMAN,Microtubule-associated serine/threonine-protein kinase-like
GWL_HUMAN,MAST-L
PDPK1_HUMAN,PDPK1
PDPK1_HUMAN,PDK1
PDPK1_HUMAN,hPDK1
PDPK2_HUMAN,PDPK2P
PDPK2_HUMAN,PDPK2
PDPK2_HUMAN,3-phosphoinositide-dependent protein kinase 2 pseudogene
PKN1_HUMAN,PKN1
PKN1_HUMAN,PAK1
PKN1_HUMAN,PKN
PKN1_HUMAN,PRK1
PKN1_HUMAN,PRKCL1
PKN1_HUMAN,Protease-activated kinase 1
PKN1_HUMAN,PAK-1
PKN1_HUMAN,Protein kinase C-like 1
PKN1_HUMAN,Protein kinase C-like PKN
PKN1_HUMAN,Protein kinase PKN-alpha
PKN1_HUMAN,Protein-kinase C-related kinase 1
PKN1_HUMAN,Serine-threonine protein kinase N
PKN2_HUMAN,PKN2
PKN2_HUMAN,PRK2
PKN2_HUMAN,PRKCL2
PKN2_HUMAN,PKN gamma
PKN2_HUMAN,Protein kinase C-like 2
PKN2_HUMAN,Protein-kinase C-related kinase 2
PKN3_HUMAN,PKN3
PKN3_HUMAN,PKNBETA
PKN3_HUMAN,Protein kinase PKN-beta
PKN3_HUMAN,Protein-kinase C-related kinase 3
KAPCA_HUMAN,PRKACA
KAPCA_HUMAN,PKACA
KAPCA_HUMAN,PKA C-alpha
KAPCB_HUMAN,PRKACB
KAPCB_HUMAN,PKA C-beta
KAPCG_HUMAN,PRKACG
KAPCG_HUMAN,PKA C-gamma
KPCA_HUMAN,PRKCA
KPCA_HUMAN,PKCA
KPCA_HUMAN,PRKACA
KPCA_HUMAN,PKC-A
KPCA_HUMAN,PKC-alpha
KPCB_HUMAN,PRKCB
KPCB_HUMAN,PKCB
KPCB_HUMAN,PRKCB1
KPCB_HUMAN,PKC-B
KPCB_HUMAN,PKC-beta
KPCD_HUMAN,PRKCD
KPCD_HUMAN,Tyrosine-protein kinase PRKCD
KPCD_HUMAN,nPKC-delta [Cleaved into: Protein kinase C delta type regulatory subunit; Protein kinase C delta type catalytic subunit
KPCD_HUMAN,Sphingosine-dependent protein kinase-1
KPCD_HUMAN,SDK1]
KPCE_HUMAN,PRKCE
KPCE_HUMAN,PKCE
KPCE_HUMAN,nPKC-epsilon
KPCG_HUMAN,PRKCG
KPCG_HUMAN,PKCG
KPCG_HUMAN,PKC-gamma
KPCL_HUMAN,PRKCH
KPCL_HUMAN,PKCL
KPCL_HUMAN,PRKCL
KPCL_HUMAN,PKC-L
KPCL_HUMAN,nPKC-eta
KPCI_HUMAN,PRKCI
KPCI_HUMAN,DXS1179E
KPCI_HUMAN,Atypical protein kinase C-lambda/iota
KPCI_HUMAN,PRKC-lambda/iota
KPCI_HUMAN,aPKC-lambda/iota
KPCI_HUMAN,nPKC-iota
KPCT_HUMAN,PRKCQ
KPCT_HUMAN,PRKCT
KPCT_HUMAN,nPKC-theta
KPCZ_HUMAN,PRKCZ
KPCZ_HUMAN,PKC2
KPCZ_HUMAN,nPKC-zeta
KGP1_HUMAN,PRKG1
KGP1_HUMAN,PRKG1B
KGP1_HUMAN,PRKGR1A
KGP1_HUMAN,PRKGR1B
KGP1_HUMAN,cGK 1
KGP1_HUMAN,cGK1
KGP1_HUMAN,cGMP-dependent protein kinase I
KGP1_HUMAN,cGKI
KGP2_HUMAN,PRKG2
KGP2_HUMAN,PRKGR2
KGP2_HUMAN,cGK 2
KGP2_HUMAN,cGK2
KGP2_HUMAN,cGMP-dependent protein kinase II
KGP2_HUMAN,cGKII
PRKX_HUMAN,PRKX
PRKX_HUMAN,PKX1
PRKX_HUMAN,PrKX
PRKX_HUMAN,Protein kinase X
PRKX_HUMAN,Protein kinase X-linked
PRKX_HUMAN,Serine/threonine-protein kinase PRKX
PRKX_HUMAN,Protein kinase PKX1
PRKY_HUMAN,PRKY
ROCK1_HUMAN,ROCK1
ROCK1_HUMAN,Renal carcinoma antigen NY-REN-35
ROCK1_HUMAN,Rho-associated  coiled-coil-containing protein kinase 1
ROCK1_HUMAN,Rho-associated  coiled-coil-containing protein kinase I
ROCK1_HUMAN,ROCK-I
ROCK1_HUMAN,p160 ROCK-1
ROCK1_HUMAN,p160ROCK
ROCK2_HUMAN,ROCK2
ROCK2_HUMAN,KIAA0619
ROCK2_HUMAN,Rho kinase 2
ROCK2_HUMAN,Rho-associated  coiled-coil-containing protein kinase 2
ROCK2_HUMAN,Rho-associated  coiled-coil-containing protein kinase II
ROCK2_HUMAN,ROCK-II
ROCK2_HUMAN,p164 ROCK-2
KS6A1_HUMAN,RPS6KA1
KS6A1_HUMAN,MAPKAPK1A
KS6A1_HUMAN,RSK1
KS6A1_HUMAN,S6K-alpha-1
KS6A1_HUMAN,90 kDa ribosomal protein S6 kinase 1
KS6A1_HUMAN,p90-RSK 1
KS6A1_HUMAN,p90RSK1
KS6A1_HUMAN,p90S6K
KS6A1_HUMAN,MAP kinase-activated protein kinase 1a
KS6A1_HUMAN,MAPK-activated protein kinase 1a
KS6A1_HUMAN,MAPKAP kinase 1a
KS6A1_HUMAN,MAPKAPK-1a
KS6A1_HUMAN,Ribosomal S6 kinase 1
KS6A1_HUMAN,RSK-1
KS6A2_HUMAN,RPS6KA2
KS6A2_HUMAN,MAPKAPK1C
KS6A2_HUMAN,RSK3
KS6A2_HUMAN,S6K-alpha-2
KS6A2_HUMAN,90 kDa ribosomal protein S6 kinase 2
KS6A2_HUMAN,p90-RSK 2
KS6A2_HUMAN,p90RSK2
KS6A2_HUMAN,MAP kinase-activated protein kinase 1c
KS6A2_HUMAN,MAPK-activated protein kinase 1c
KS6A2_HUMAN,MAPKAP kinase 1c
KS6A2_HUMAN,MAPKAPK-1c
KS6A2_HUMAN,Ribosomal S6 kinase 3
KS6A2_HUMAN,RSK-3
KS6A2_HUMAN,pp90RSK3
KS6A3_HUMAN,RPS6KA3
KS6A3_HUMAN,ISPK1
KS6A3_HUMAN,MAPKAPK1B
KS6A3_HUMAN,RSK2
KS6A3_HUMAN,S6K-alpha-3
KS6A3_HUMAN,90 kDa ribosomal protein S6 kinase 3
KS6A3_HUMAN,p90-RSK 3
KS6A3_HUMAN,p90RSK3
KS6A3_HUMAN,Insulin-stimulated protein kinase 1
KS6A3_HUMAN,ISPK-1
KS6A3_HUMAN,MAP kinase-activated protein kinase 1b
KS6A3_HUMAN,MAPK-activated protein kinase 1b
KS6A3_HUMAN,MAPKAP kinase 1b
KS6A3_HUMAN,MAPKAPK-1b
KS6A3_HUMAN,Ribosomal S6 kinase 2
KS6A3_HUMAN,RSK-2
KS6A3_HUMAN,pp90RSK2
KS6A4_HUMAN,RPS6KA4
KS6A4_HUMAN,MSK2
KS6A4_HUMAN,S6K-alpha-4
KS6A4_HUMAN,90 kDa ribosomal protein S6 kinase 4
KS6A4_HUMAN,Nuclear mitogen- and stress-activated protein kinase 2
KS6A4_HUMAN,Ribosomal protein kinase B
KS6A4_HUMAN,RSKB
KS6A5_HUMAN,RPS6KA5
KS6A5_HUMAN,MSK1
KS6A5_HUMAN,S6K-alpha-5
KS6A5_HUMAN,90 kDa ribosomal protein S6 kinase 5
KS6A5_HUMAN,Nuclear mitogen- and stress-activated protein kinase 1
KS6A5_HUMAN,RSK-like protein kinase
KS6A5_HUMAN,RSKL
KS6A6_HUMAN,RPS6KA6
KS6A6_HUMAN,RSK4
KS6A6_HUMAN,S6K-alpha-6
KS6A6_HUMAN,90 kDa ribosomal protein S6 kinase 6
KS6A6_HUMAN,p90-RSK 6
KS6A6_HUMAN,p90RSK6
KS6A6_HUMAN,Ribosomal S6 kinase 4
KS6A6_HUMAN,RSK-4
KS6A6_HUMAN,pp90RSK4
KS6B1_HUMAN,RPS6KB1
KS6B1_HUMAN,STK14A
KS6B1_HUMAN,S6K-beta-1
KS6B1_HUMAN,S6K1
KS6B1_HUMAN,70 kDa ribosomal protein S6 kinase 1
KS6B1_HUMAN,P70S6K1
KS6B1_HUMAN,p70-S6K 1
KS6B1_HUMAN,Ribosomal protein S6 kinase I
KS6B1_HUMAN,Serine/threonine-protein kinase 14A
KS6B1_HUMAN,p70 ribosomal S6 kinase alpha
KS6B1_HUMAN,p70 S6 kinase alpha
KS6B1_HUMAN,p70 S6K-alpha
KS6B1_HUMAN,p70 S6KA
KS6B2_HUMAN,RPS6KB2
KS6B2_HUMAN,STK14B
KS6B2_HUMAN,S6K-beta-2
KS6B2_HUMAN,S6K2
KS6B2_HUMAN,70 kDa ribosomal protein S6 kinase 2
KS6B2_HUMAN,P70S6K2
KS6B2_HUMAN,p70-S6K 2
KS6B2_HUMAN,S6 kinase-related kinase
KS6B2_HUMAN,SRK
KS6B2_HUMAN,Serine/threonine-protein kinase 14B
KS6B2_HUMAN,p70 ribosomal S6 kinase beta
KS6B2_HUMAN,S6K-beta
KS6B2_HUMAN,p70 S6 kinase beta
KS6B2_HUMAN,p70 S6K-beta
KS6B2_HUMAN,p70 S6KB
KS6B2_HUMAN,p70-beta
SGK1_HUMAN,SGK1
SGK1_HUMAN,SGK
SGK1_HUMAN,Serum/glucocorticoid-regulated kinase 1
SGK2_HUMAN,SGK2
SGK2_HUMAN,Serum/glucocorticoid-regulated kinase 2
SGK3_HUMAN,SGK3
SGK3_HUMAN,CISK
SGK3_HUMAN,SGKL
SGK3_HUMAN,Cytokine-independent survival kinase
SGK3_HUMAN,Serum/glucocorticoid-regulated kinase 3
SGK3_HUMAN,Serum/glucocorticoid-regulated kinase-like
STK38_HUMAN,STK38
STK38_HUMAN,NDR1
STK38_HUMAN,NDR1 protein kinase
STK38_HUMAN,Nuclear Dbf2-related kinase 1
ST38L_HUMAN,STK38L
ST38L_HUMAN,KIAA0965
ST38L_HUMAN,NDR2
ST38L_HUMAN,NDR2 protein kinase
ST38L_HUMAN,Nuclear Dbf2-related kinase 2
BRSK1_HUMAN,BRSK1
BRSK1_HUMAN,KIAA1811
BRSK1_HUMAN,SAD1
BRSK1_HUMAN,SADB
BRSK1_HUMAN,Brain-selective kinase 1
BRSK1_HUMAN,Brain-specific serine/threonine-protein kinase 1
BRSK1_HUMAN,BR serine/threonine-protein kinase 1
BRSK1_HUMAN,Serine/threonine-protein kinase SAD-B
BRSK1_HUMAN,Synapses of Amphids Defective homolog 1
BRSK1_HUMAN,SAD1 homolog
BRSK1_HUMAN,hSAD1
BRSK2_HUMAN,BRSK2
BRSK2_HUMAN,C11orf7
BRSK2_HUMAN,PEN11B
BRSK2_HUMAN,SADA
BRSK2_HUMAN,STK29
BRSK2_HUMAN,HUSSY-12
BRSK2_HUMAN,Brain-selective kinase 2
BRSK2_HUMAN,Brain-specific serine/threonine-protein kinase 2
BRSK2_HUMAN,BR serine/threonine-protein kinase 2
BRSK2_HUMAN,Serine/threonine-protein kinase 29
BRSK2_HUMAN,Serine/threonine-protein kinase SAD-A
KCC1A_HUMAN,CAMK1
KCC1A_HUMAN,CaM kinase I
KCC1A_HUMAN,CaM-KI
KCC1A_HUMAN,CaM kinase I alpha
KCC1A_HUMAN,CaMKI-alpha
KCC1D_HUMAN,CAMK1D
KCC1D_HUMAN,CAMKID
KCC1D_HUMAN,CaM kinase I delta
KCC1D_HUMAN,CaM kinase ID
KCC1D_HUMAN,CaM-KI delta
KCC1D_HUMAN,CaMKI delta
KCC1D_HUMAN,CaMKID
KCC1D_HUMAN,CaMKI-like protein kinase
KCC1D_HUMAN,CKLiK
KCC1G_HUMAN,CAMK1G
KCC1G_HUMAN,CLICK3
KCC1G_HUMAN,VWS1
KCC1G_HUMAN,CaM kinase I gamma
KCC1G_HUMAN,CaM kinase IG
KCC1G_HUMAN,CaM-KI gamma
KCC1G_HUMAN,CaMKI gamma
KCC1G_HUMAN,CaMKIG
KCC1G_HUMAN,CaMK-like CREB kinase III
KCC1G_HUMAN,CLICK III
KCC2A_HUMAN,CAMK2A
KCC2A_HUMAN,CAMKA
KCC2A_HUMAN,KIAA0968
KCC2A_HUMAN,CaM kinase II subunit alpha
KCC2A_HUMAN,CaMK-II subunit alpha
KCC2B_HUMAN,CAMK2B
KCC2B_HUMAN,CAM2
KCC2B_HUMAN,CAMK2
KCC2B_HUMAN,CAMKB
KCC2B_HUMAN,CaM kinase II subunit beta
KCC2B_HUMAN,CaMK-II subunit beta
KCC2D_HUMAN,CAMK2D
KCC2D_HUMAN,CAMKD
KCC2D_HUMAN,CaM kinase II subunit delta
KCC2D_HUMAN,CaMK-II subunit delta
KCC2G_HUMAN,CAMK2G
KCC2G_HUMAN,CAMK
KCC2G_HUMAN,CAMK-II
KCC2G_HUMAN,CAMKG
KCC2G_HUMAN,CaM kinase II subunit gamma
KCC2G_HUMAN,CaMK-II subunit gamma
KCC4_HUMAN,CAMK4
KCC4_HUMAN,CAMK
KCC4_HUMAN,CAMK-GR
KCC4_HUMAN,CAMKIV
KCC4_HUMAN,CaMK IV
KCC4_HUMAN,CaM kinase-GR
CAMKV_HUMAN,CAMKV
CSKP_HUMAN,CASK
CSKP_HUMAN,LIN2
CSKP_HUMAN,hCASK
CSKP_HUMAN,Calcium/calmodulin-dependent serine protein kinase
CSKP_HUMAN,Protein lin-2 homolog
CHK1_HUMAN,CHEK1
CHK1_HUMAN,CHK1
CHK1_HUMAN,CHK1 checkpoint homolog
CHK1_HUMAN,Cell cycle checkpoint kinase
CHK1_HUMAN,Checkpoint kinase-1
CHK2_HUMAN,CHEK2
CHK2_HUMAN,CDS1
CHK2_HUMAN,CHK2
CHK2_HUMAN,RAD53
CHK2_HUMAN,CHK2 checkpoint homolog
CHK2_HUMAN,Cds1 homolog
CHK2_HUMAN,Hucds1
CHK2_HUMAN,hCds1
CHK2_HUMAN,Checkpoint kinase 2
DAPK1_HUMAN,DAPK1
DAPK1_HUMAN,DAPK
DAPK1_HUMAN,DAP kinase 1
DAPK2_HUMAN,DAPK2
DAPK2_HUMAN,DAP kinase 2
DAPK2_HUMAN,DAP-kinase-related protein 1
DAPK2_HUMAN,DRP-1
DAPK3_HUMAN,DAPK3
DAPK3_HUMAN,ZIPK
DAPK3_HUMAN,DAP kinase 3
DAPK3_HUMAN,DAP-like kinase
DAPK3_HUMAN,Dlk
DAPK3_HUMAN,MYPT1 kinase
DAPK3_HUMAN,Zipper-interacting protein kinase
DAPK3_HUMAN,ZIP-kinase
DCLK1_HUMAN,DCLK1
DCLK1_HUMAN,DCAMKL1
DCLK1_HUMAN,DCDC3A
DCLK1_HUMAN,KIAA0369
DCLK1_HUMAN,Doublecortin domain-containing protein 3A
DCLK1_HUMAN,Doublecortin-like and CAM kinase-like 1
DCLK1_HUMAN,Doublecortin-like kinase 1
DCLK2_HUMAN,DCLK2
DCLK2_HUMAN,DCAMKL2
DCLK2_HUMAN,DCDC3B
DCLK2_HUMAN,DCK2
DCLK2_HUMAN,CaMK-like CREB regulatory kinase 2
DCLK2_HUMAN,CL2
DCLK2_HUMAN,CLICK-II
DCLK2_HUMAN,CLICK2
DCLK2_HUMAN,Doublecortin domain-containing protein 3B
DCLK2_HUMAN,Doublecortin-like and CAM kinase-like 2
DCLK2_HUMAN,Doublecortin-like kinase 2
DCLK3_HUMAN,DCLK3
DCLK3_HUMAN,DCAMKL3
DCLK3_HUMAN,DCDC3C
DCLK3_HUMAN,KIAA1765
DCLK3_HUMAN,Doublecortin domain-containing protein 3C
DCLK3_HUMAN,Doublecortin-like and CAM kinase-like 3
DCLK3_HUMAN,Doublecortin-like kinase 3
HUNK_HUMAN,HUNK
HUNK_HUMAN,MAKV
HUNK_HUMAN,B19
HUNK_HUMAN,Serine/threonine-protein kinase MAK-V
KALRN_HUMAN,KALRN
KALRN_HUMAN,DUET
KALRN_HUMAN,DUO
KALRN_HUMAN,HAPIP
KALRN_HUMAN,TRAD
KALRN_HUMAN,Huntingtin-associated protein-interacting protein
KALRN_HUMAN,Protein Duo
KALRN_HUMAN,Serine/threonine-protein kinase with Dbl- and pleckstrin homology domain
MAPK2_HUMAN,MAPKAPK2
MAPK2_HUMAN,MAPK-activated protein kinase 2
MAPK2_HUMAN,MAPKAP kinase 2
MAPK2_HUMAN,MAPKAP-K2
MAPK2_HUMAN,MAPKAPK-2
MAPK2_HUMAN,MK-2
MAPK2_HUMAN,MK2
MAPK3_HUMAN,MAPKAPK3
MAPK3_HUMAN,MAPK-activated protein kinase 3
MAPK3_HUMAN,MAPKAP kinase 3
MAPK3_HUMAN,MAPKAP-K3
MAPK3_HUMAN,MAPKAPK-3
MAPK3_HUMAN,MK-3
MAPK3_HUMAN,Chromosome 3p kinase
MAPK3_HUMAN,3pK
MAPK5_HUMAN,MAPKAPK5
MAPK5_HUMAN,PRAK
MAPK5_HUMAN,MAPK-activated protein kinase 5
MAPK5_HUMAN,MAPKAP kinase 5
MAPK5_HUMAN,MAPKAP-K5
MAPK5_HUMAN,MAPKAPK-5
MAPK5_HUMAN,MK-5
MAPK5_HUMAN,MK5
MAPK5_HUMAN,p38-regulated/activated protein kinase
MARK1_HUMAN,MARK1
MARK1_HUMAN,KIAA1477
MARK1_HUMAN,MARK
MARK1_HUMAN,MAP/microtubule affinity-regulating kinase 1
MARK1_HUMAN,PAR1 homolog c
MARK1_HUMAN,Par-1c
MARK1_HUMAN,Par1c
MARK2_HUMAN,MARK2
MARK2_HUMAN,EMK1
MARK2_HUMAN,ELKL motif kinase 1
MARK2_HUMAN,EMK-1
MARK2_HUMAN,MAP/microtubule affinity-regulating kinase 2
MARK2_HUMAN,PAR1 homolog
MARK2_HUMAN,PAR1 homolog b
MARK2_HUMAN,Par-1b
MARK2_HUMAN,Par1b
MARK3_HUMAN,MARK3
MARK3_HUMAN,CTAK1
MARK3_HUMAN,EMK2
MARK3_HUMAN,C-TAK1
MARK3_HUMAN,cTAK1
MARK3_HUMAN,Cdc25C-associated protein kinase 1
MARK3_HUMAN,ELKL motif kinase 2
MARK3_HUMAN,EMK-2
MARK3_HUMAN,Protein kinase STK10
MARK3_HUMAN,Ser/Thr protein kinase PAR-1
MARK3_HUMAN,Par-1a
MARK3_HUMAN,Serine/threonine-protein kinase p78
MARK4_HUMAN,MARK4
MARK4_HUMAN,KIAA1860
MARK4_HUMAN,MARKL1
MARK4_HUMAN,MAP/microtubule affinity-regulating kinase-like 1
MELK_HUMAN,MELK
MELK_HUMAN,KIAA0175
MELK_HUMAN,hMELK
MELK_HUMAN,Protein kinase Eg3
MELK_HUMAN,pEg3 kinase
MELK_HUMAN,Protein kinase PK38
MELK_HUMAN,hPK38
MELK_HUMAN,Tyrosine-protein kinase MELK
MKNK1_HUMAN,MKNK1
MKNK1_HUMAN,MNK1
MKNK1_HUMAN,MAP kinase signal-integrating kinase 1
MKNK1_HUMAN,MAPK signal-integrating kinase 1
MKNK1_HUMAN,Mnk1
MKNK2_HUMAN,MKNK2
MKNK2_HUMAN,GPRK7
MKNK2_HUMAN,MNK2
MKNK2_HUMAN,MAP kinase signal-integrating kinase 2
MKNK2_HUMAN,MAPK signal-integrating kinase 2
MKNK2_HUMAN,Mnk2
MYLK_HUMAN,MYLK
MYLK_HUMAN,MLCK
MYLK_HUMAN,MLCK1
MYLK_HUMAN,MYLK1
MYLK_HUMAN,smMLCK
MYLK_HUMAN,Kinase-related protein
MYLK_HUMAN,KRP
MYLK_HUMAN,Telokin [Cleaved into: Myosin light chain kinase  smooth muscle  deglutamylated form]
MYLK2_HUMAN,MYLK2
MYLK2_HUMAN,MLCK2
MYLK3_HUMAN,MYLK3
MYLK3_HUMAN,MLCK
MYLK3_HUMAN,Cardiac-MyBP-C-associated Ca/CaM kinase
MYLK3_HUMAN,Cardiac-MLCK
MYLK4_HUMAN,MYLK4
MYLK4_HUMAN,SGK085
MYLK4_HUMAN,Sugen kinase 85
MYLK4_HUMAN,SgK085
NIM1_HUMAN,NIM1K
NIM1_HUMAN,NIM1
NIM1_HUMAN,NIM1 serine/threonine-protein kinase
NUAK1_HUMAN,NUAK1
NUAK1_HUMAN,ARK5
NUAK1_HUMAN,KIAA0537
NUAK1_HUMAN,OMPHK1
NUAK1_HUMAN,AMPK-related protein kinase 5
NUAK1_HUMAN,Omphalocele kinase 1
NUAK2_HUMAN,NUAK2
NUAK2_HUMAN,OMPHK2
NUAK2_HUMAN,SNARK
NUAK2_HUMAN,Omphalocele kinase 2
NUAK2_HUMAN,SNF1/AMP kinase-related kinase
OBSCN_HUMAN,OBSCN
OBSCN_HUMAN,KIAA1556
OBSCN_HUMAN,KIAA1639
OBSCN_HUMAN,Obscurin-RhoGEF
OBSCN_HUMAN,Obscurin-myosin light chain kinase
OBSCN_HUMAN,Obscurin-MLCK
PASK_HUMAN,PASK
PASK_HUMAN,KIAA0135
PASK_HUMAN,PAS-kinase
PASK_HUMAN,PASKIN
PASK_HUMAN,hPASK
PHKG1_HUMAN,PHKG1
PHKG1_HUMAN,PHKG
PHKG1_HUMAN,PHK-gamma-M
PHKG1_HUMAN,Phosphorylase kinase subunit gamma-1
PHKG1_HUMAN,Serine/threonine-protein kinase PHKG1
PHKG2_HUMAN,PHKG2
PHKG2_HUMAN,PHK-gamma-LT
PHKG2_HUMAN,PHK-gamma-T
PHKG2_HUMAN,PSK-C3
PHKG2_HUMAN,Phosphorylase kinase subunit gamma-2
PIM1_HUMAN,PIM1
PIM2_HUMAN,PIM2
PIM2_HUMAN,Pim-2h
PIM3_HUMAN,PIM3
KCC1B_HUMAN,PNCK
KCC1B_HUMAN,CaM kinase I beta
KCC1B_HUMAN,CaM kinase IB
KCC1B_HUMAN,CaM-KI beta
KCC1B_HUMAN,CaMKI-beta
KCC1B_HUMAN,Pregnancy up-regulated non-ubiquitously-expressed CaM kinase
AAPK1_HUMAN,PRKAA1
AAPK1_HUMAN,AMPK1
AAPK1_HUMAN,AMPK subunit alpha-1
AAPK1_HUMAN,Acetyl-CoA carboxylase kinase
AAPK1_HUMAN,ACACA kinase
AAPK1_HUMAN,Hydroxymethylglutaryl-CoA reductase kinase
AAPK1_HUMAN,HMGCR kinase
AAPK1_HUMAN,Tau-protein kinase PRKAA1
AAPK2_HUMAN,PRKAA2
AAPK2_HUMAN,AMPK
AAPK2_HUMAN,AMPK2
AAPK2_HUMAN,AMPK subunit alpha-2
AAPK2_HUMAN,Acetyl-CoA carboxylase kinase
AAPK2_HUMAN,ACACA kinase
AAPK2_HUMAN,Hydroxymethylglutaryl-CoA reductase kinase
AAPK2_HUMAN,HMGCR kinase
KPCD1_HUMAN,PRKD1
KPCD1_HUMAN,PKD
KPCD1_HUMAN,PKD1
KPCD1_HUMAN,PRKCM
KPCD1_HUMAN,Protein kinase C mu type
KPCD1_HUMAN,Protein kinase D
KPCD1_HUMAN,nPKC-D1
KPCD1_HUMAN,nPKC-mu
KPCD2_HUMAN,PRKD2
KPCD2_HUMAN,PKD2
KPCD2_HUMAN,HSPC187
KPCD2_HUMAN,nPKC-D2
KPCD3_HUMAN,PRKD3
KPCD3_HUMAN,EPK2
KPCD3_HUMAN,PRKCN
KPCD3_HUMAN,Protein kinase C nu type
KPCD3_HUMAN,Protein kinase EPK2
KPCD3_HUMAN,nPKC-nu
KPSH1_HUMAN,PSKH1
KPSH1_HUMAN,Protein serine kinase H1
KPSH1_HUMAN,PSK-H1
KPSH2_HUMAN,PSKH2
KPSH2_HUMAN,Protein serine kinase H2
KPSH2_HUMAN,PSK-H2
SIK1_HUMAN,SIK1
SIK1_HUMAN,SIK
SIK1_HUMAN,SNF1LK
SIK1_HUMAN,Salt-inducible kinase 1
SIK1_HUMAN,SIK-1
SIK1_HUMAN,Serine/threonine-protein kinase SNF1-like kinase 1
SIK1_HUMAN,Serine/threonine-protein kinase SNF1LK
SIK2_HUMAN,SIK2
SIK2_HUMAN,KIAA0781
SIK2_HUMAN,QIK
SIK2_HUMAN,SNF1LK2
SIK2_HUMAN,Qin-induced kinase
SIK2_HUMAN,Salt-inducible kinase 2
SIK2_HUMAN,SIK-2
SIK2_HUMAN,Serine/threonine-protein kinase SNF1-like kinase 2
SIK3_HUMAN,SIK3
SIK3_HUMAN,KIAA0999
SIK3_HUMAN,QSK
SIK3_HUMAN,L19
SIK3_HUMAN,Salt-inducible kinase 3
SIK3_HUMAN,SIK-3
SIK3_HUMAN,Serine/threonine-protein kinase QSK
SNRK_HUMAN,SNRK
SNRK_HUMAN,KIAA0096
SNRK_HUMAN,SNFRK
SNRK_HUMAN,SNF1-related kinase
SPEG_HUMAN,SPEG
SPEG_HUMAN,APEG1
SPEG_HUMAN,KIAA1297
SPEG_HUMAN,Aortic preferentially expressed protein 1
SPEG_HUMAN,APEG-1
STK11_HUMAN,STK11
STK11_HUMAN,LKB1
STK11_HUMAN,PJS
STK11_HUMAN,Liver kinase B1
STK11_HUMAN,hLKB1
STK11_HUMAN,Renal carcinoma antigen NY-REN-19
ST17A_HUMAN,STK17A
ST17A_HUMAN,DRAK1
ST17A_HUMAN,DAP kinase-related apoptosis-inducing protein kinase 1
ST17B_HUMAN,STK17B
ST17B_HUMAN,DRAK2
ST17B_HUMAN,DAP kinase-related apoptosis-inducing protein kinase 2
STK33_HUMAN,STK33
STK40_HUMAN,STK40
STK40_HUMAN,SGK495
STK40_HUMAN,SHIK
STK40_HUMAN,SINK-homologous serine/threonine-protein kinase
STK40_HUMAN,Sugen kinase 495
STK40_HUMAN,SgK495
TRIB1_HUMAN,TRIB1
TRIB1_HUMAN,C8FW
TRIB1_HUMAN,GIG2
TRIB1_HUMAN,TRB1
TRIB1_HUMAN,TRB-1
TRIB1_HUMAN,G-protein-coupled receptor-induced gene 2 protein
TRIB1_HUMAN,GIG-2
TRIB1_HUMAN,SKIP1
TRIB2_HUMAN,TRIB2
TRIB2_HUMAN,TRB2
TRIB2_HUMAN,TRB-2
TRIB3_HUMAN,TRIB3
TRIB3_HUMAN,C20orf97
TRIB3_HUMAN,NIPK
TRIB3_HUMAN,SKIP3
TRIB3_HUMAN,TRB3
TRIB3_HUMAN,TRB-3
TRIB3_HUMAN,Neuronal cell death-inducible putative kinase
TRIB3_HUMAN,SINK
TRIB3_HUMAN,p65-interacting inhibitor of NF-kappa-B
TRIO_HUMAN,TRIO
TRIO_HUMAN,PTPRF-interacting protein
TSSK1_HUMAN,TSSK1B
TSSK1_HUMAN,SPOGA1
TSSK1_HUMAN,SPOGA4
TSSK1_HUMAN,STK22A
TSSK1_HUMAN,STK22D
TSSK1_HUMAN,TSSK1
TSSK1_HUMAN,FKSG81
TSSK1_HUMAN,TSK-1
TSSK1_HUMAN,TSK1
TSSK1_HUMAN,TSSK-1
TSSK1_HUMAN,Testis-specific kinase 1
TSSK1_HUMAN,Serine/threonine-protein kinase 22A
TSSK2_HUMAN,TSSK2
TSSK2_HUMAN,DGSG
TSSK2_HUMAN,SPOGA2
TSSK2_HUMAN,STK22B
TSSK2_HUMAN,TSK-2
TSSK2_HUMAN,TSK2
TSSK2_HUMAN,TSSK-2
TSSK2_HUMAN,Testis-specific kinase 2
TSSK2_HUMAN,DiGeorge syndrome protein G
TSSK2_HUMAN,DGS-G
TSSK2_HUMAN,Serine/threonine-protein kinase 22B
TSSK3_HUMAN,TSSK3
TSSK3_HUMAN,SPOGA3
TSSK3_HUMAN,STK22C
TSSK3_HUMAN,TSK-3
TSSK3_HUMAN,TSSK-3
TSSK3_HUMAN,Testis-specific kinase 3
TSSK3_HUMAN,Serine/threonine-protein kinase 22C
TSSK4_HUMAN,TSSK4
TSSK4_HUMAN,C14orf20
TSSK4_HUMAN,STK22E
TSSK4_HUMAN,TSSK5
TSSK4_HUMAN,TSK-4
TSSK4_HUMAN,TSSK-4
TSSK4_HUMAN,Testis-specific kinase 4
TSSK4_HUMAN,Serine/threonine-protein kinase 22E
TSSK6_HUMAN,TSSK6
TSSK6_HUMAN,SSTK
TSSK6_HUMAN,FKSG82
TSSK6_HUMAN,TSK-6
TSSK6_HUMAN,TSSK-6
TSSK6_HUMAN,Testis-specific kinase 6
TSSK6_HUMAN,Cancer/testis antigen 72
TSSK6_HUMAN,CT72
TSSK6_HUMAN,Serine/threonine-protein kinase SSTK
TSSK6_HUMAN,Small serine/threonine kinase
TITIN_HUMAN,TTN
TITIN_HUMAN,Connectin
TITIN_HUMAN,Rhabdomyosarcoma antigen MU-RMS-40.14
KC1A_HUMAN,CSNK1A1
KC1A_HUMAN,CKI-alpha
KC1A_HUMAN,CK1
KC1AL_HUMAN,CSNK1A1L
KC1AL_HUMAN,CKI-alpha-like
KC1AL_HUMAN,CK1
KC1D_HUMAN,CSNK1D
KC1D_HUMAN,HCKID
KC1D_HUMAN,CKI-delta
KC1D_HUMAN,CKId
KC1D_HUMAN,Tau-protein kinase CSNK1D
KC1E_HUMAN,CSNK1E
KC1E_HUMAN,CKI-epsilon
KC1E_HUMAN,CKIe
KC1G1_HUMAN,CSNK1G1
KC1G1_HUMAN,CKI-gamma 1
KC1G2_HUMAN,CSNK1G2
KC1G2_HUMAN,CK1G2
KC1G2_HUMAN,CKI-gamma 2
KC1G3_HUMAN,CSNK1G3
KC1G3_HUMAN,CKI-gamma 3
TTBK1_HUMAN,TTBK1
TTBK1_HUMAN,BDTK
TTBK1_HUMAN,KIAA1855
TTBK1_HUMAN,Brain-derived tau kinase
TTBK2_HUMAN,TTBK2
TTBK2_HUMAN,KIAA0847
VRK1_HUMAN,VRK1
VRK1_HUMAN,Vaccinia-related kinase 1
VRK2_HUMAN,VRK2
VRK2_HUMAN,Vaccinia-related kinase 2
VRK3_HUMAN,VRK3
VRK3_HUMAN,Serine/threonine-protein pseudokinase VRK3
VRK3_HUMAN,Vaccinia-related kinase 3
CDK1_HUMAN,CDK1
CDK1_HUMAN,CDC2
CDK1_HUMAN,CDC28A
CDK1_HUMAN,CDKN1
CDK1_HUMAN,P34CDC2
CDK1_HUMAN,Cell division control protein 2 homolog
CDK1_HUMAN,Cell division protein kinase 1
CDK1_HUMAN,p34 protein kinase
CDKA1_HUMAN,CDK2AP1
CDKA1_HUMAN,CDKAP1
CDKA1_HUMAN,DOC1
CDKA1_HUMAN,CDK2-associated protein 1
CDKA1_HUMAN,Deleted in oral cancer 1
CDKA1_HUMAN,DOC-1
CDKA1_HUMAN,Putative oral cancer suppressor
CDK10_HUMAN,CDK10
CDK10_HUMAN,Cell division protein kinase 10
CDK10_HUMAN,Serine/threonine-protein kinase PISSLRE
CD11A_HUMAN,CDK11A
CD11A_HUMAN,CDC2L2
CD11A_HUMAN,CDC2L3
CD11A_HUMAN,PITSLREB
CD11A_HUMAN,Cell division cycle 2-like protein kinase 2
CD11A_HUMAN,Cell division protein kinase 11A
CD11A_HUMAN,Galactosyltransferase-associated protein kinase p58/GTA
CD11A_HUMAN,PITSLRE serine/threonine-protein kinase CDC2L2
CD11B_HUMAN,CDK11B
CD11B_HUMAN,CDC2L1
CD11B_HUMAN,CDK11
CD11B_HUMAN,PITSLREA
CD11B_HUMAN,PK58
CD11B_HUMAN,Cell division cycle 2-like protein kinase 1
CD11B_HUMAN,CLK-1
CD11B_HUMAN,Cell division protein kinase 11B
CD11B_HUMAN,Galactosyltransferase-associated protein kinase p58/GTA
CD11B_HUMAN,PITSLRE serine/threonine-protein kinase CDC2L1
CD11B_HUMAN,p58 CLK-1
CDK12_HUMAN,CDK12
CDK12_HUMAN,CRK7
CDK12_HUMAN,CRKRS
CDK12_HUMAN,KIAA0904
CDK12_HUMAN,Cdc2-related kinase  arginine/serine-rich
CDK12_HUMAN,CrkRS
CDK12_HUMAN,Cell division cycle 2-related protein kinase 7
CDK12_HUMAN,CDC2-related protein kinase 7
CDK12_HUMAN,Cell division protein kinase 12
CDK12_HUMAN,hCDK12
CDK13_HUMAN,CDK13
CDK13_HUMAN,CDC2L
CDK13_HUMAN,CDC2L5
CDK13_HUMAN,CHED
CDK13_HUMAN,KIAA1791
CDK13_HUMAN,CDC2-related protein kinase 5
CDK13_HUMAN,Cell division cycle 2-like protein kinase 5
CDK13_HUMAN,Cell division protein kinase 13
CDK13_HUMAN,hCDK13
CDK13_HUMAN,Cholinesterase-related cell division controller
CDK14_HUMAN,CDK14
CDK14_HUMAN,KIAA0834
CDK14_HUMAN,PFTK1
CDK14_HUMAN,Cell division protein kinase 14
CDK14_HUMAN,Serine/threonine-protein kinase PFTAIRE-1
CDK14_HUMAN,hPFTAIRE1
CDK15_HUMAN,CDK15
CDK15_HUMAN,ALS2CR7
CDK15_HUMAN,PFTK2
CDK15_HUMAN,Amyotrophic lateral sclerosis 2 chromosomal region candidate gene 7 protein
CDK15_HUMAN,Cell division protein kinase 15
CDK15_HUMAN,Serine/threonine-protein kinase ALS2CR7
CDK15_HUMAN,Serine/threonine-protein kinase PFTAIRE-2
CDK16_HUMAN,CDK16
CDK16_HUMAN,PCTAIRE1
CDK16_HUMAN,PCTK1
CDK16_HUMAN,Cell division protein kinase 16
CDK16_HUMAN,PCTAIRE-motif protein kinase 1
CDK16_HUMAN,Serine/threonine-protein kinase PCTAIRE-1
CDK17_HUMAN,CDK17
CDK17_HUMAN,PCTAIRE2
CDK17_HUMAN,PCTK2
CDK17_HUMAN,Cell division protein kinase 17
CDK17_HUMAN,PCTAIRE-motif protein kinase 2
CDK17_HUMAN,Serine/threonine-protein kinase PCTAIRE-2
CDK18_HUMAN,CDK18
CDK18_HUMAN,PCTAIRE3
CDK18_HUMAN,PCTK3
CDK18_HUMAN,Cell division protein kinase 18
CDK18_HUMAN,PCTAIRE-motif protein kinase 3
CDK18_HUMAN,Serine/threonine-protein kinase PCTAIRE-3
CDK19_HUMAN,CDK19
CDK19_HUMAN,CDC2L6
CDK19_HUMAN,CDK11
CDK19_HUMAN,KIAA1028
CDK19_HUMAN,CDC2-related protein kinase 6
CDK19_HUMAN,Cell division cycle 2-like protein kinase 6
CDK19_HUMAN,Cell division protein kinase 19
CDK19_HUMAN,Cyclin-dependent kinase 11
CDK19_HUMAN,Death-preventing kinase
CDK2_HUMAN,CDK2
CDK2_HUMAN,CDKN2
CDK2_HUMAN,Cell division protein kinase 2
CDK2_HUMAN,p33 protein kinase
CDK20_HUMAN,CDK20
CDK20_HUMAN,CCRK
CDK20_HUMAN,CDCH
CDK20_HUMAN,CDK-activating kinase p42
CDK20_HUMAN,CAK-kinase p42
CDK20_HUMAN,Cell cycle-related kinase
CDK20_HUMAN,Cell division protein kinase 20
CDK20_HUMAN,Cyclin-dependent protein kinase H
CDK20_HUMAN,Cyclin-kinase-activating kinase p42
CDK3_HUMAN,CDK3
CDK3_HUMAN,CDKN3
CDK3_HUMAN,Cell division protein kinase 3
CDK4_HUMAN,CDK4
CDK4_HUMAN,Cell division protein kinase 4
CDK4_HUMAN,PSK-J3
CDK5_HUMAN,CDK5
CDK5_HUMAN,CDKN5
CDK5_HUMAN,Cell division protein kinase 5
CDK5_HUMAN,Serine/threonine-protein kinase PSSALRE
CDK5_HUMAN,Tau protein kinase II catalytic subunit
CDK5_HUMAN,TPKII catalytic subunit
CDK6_HUMAN,CDK6
CDK6_HUMAN,CDKN6
CDK6_HUMAN,Cell division protein kinase 6
CDK6_HUMAN,Serine/threonine-protein kinase PLSTIRE
CDK7_HUMAN,CDK7
CDK7_HUMAN,CAK
CDK7_HUMAN,CAK1
CDK7_HUMAN,CDKN7
CDK7_HUMAN,MO15
CDK7_HUMAN,STK1
CDK7_HUMAN,39 kDa protein kinase
CDK7_HUMAN,p39 Mo15
CDK7_HUMAN,CDK-activating kinase 1
CDK7_HUMAN,Cell division protein kinase 7
CDK7_HUMAN,Serine/threonine-protein kinase 1
CDK7_HUMAN,TFIIH basal transcription factor complex kinase subunit
CDK8_HUMAN,CDK8
CDK8_HUMAN,Cell division protein kinase 8
CDK8_HUMAN,Mediator complex subunit CDK8
CDK8_HUMAN,Mediator of RNA polymerase II transcription subunit CDK8
CDK8_HUMAN,Protein kinase K35
CDK9_HUMAN,CDK9
CDK9_HUMAN,CDC2L4
CDK9_HUMAN,TAK
CDK9_HUMAN,C-2K
CDK9_HUMAN,Cell division cycle 2-like protein kinase 4
CDK9_HUMAN,Cell division protein kinase 9
CDK9_HUMAN,Serine/threonine-protein kinase PITALRE
CDK9_HUMAN,Tat-associated kinase complex catalytic subunit
CDKL1_HUMAN,CDKL1
CDKL1_HUMAN,Protein kinase p42 KKIALRE
CDKL1_HUMAN,Serine/threonine-protein kinase KKIALRE
CDKL2_HUMAN,CDKL2
CDKL2_HUMAN,Protein kinase p56 KKIAMRE
CDKL2_HUMAN,Serine/threonine-protein kinase KKIAMRE
CDKL3_HUMAN,CDKL3
CDKL3_HUMAN,NKIAMRE
CDKL3_HUMAN,Serine/threonine-protein kinase NKIAMRE
CDKL4_HUMAN,CDKL4
CDKL5_HUMAN,CDKL5
CDKL5_HUMAN,STK9
CDKL5_HUMAN,Serine/threonine-protein kinase 9
CLK1_HUMAN,CLK1
CLK1_HUMAN,CLK
CLK1_HUMAN,CDC-like kinase 1
CLK2_HUMAN,CLK2
CLK2_HUMAN,CDC-like kinase 2
CLK3_HUMAN,CLK3
CLK3_HUMAN,CDC-like kinase 3
CLK4_HUMAN,CLK4
CLK4_HUMAN,CDC-like kinase 4
DYR1A_HUMAN,DYRK1A
DYR1A_HUMAN,DYRK
DYR1A_HUMAN,MNB
DYR1A_HUMAN,MNBH
DYR1A_HUMAN,Dual specificity YAK1-related kinase
DYR1A_HUMAN,HP86
DYR1A_HUMAN,Protein kinase minibrain homolog
DYR1A_HUMAN,hMNB
DYR1B_HUMAN,DYRK1B
DYR1B_HUMAN,MIRK
DYR1B_HUMAN,Minibrain-related kinase
DYR1B_HUMAN,Mirk protein kinase
DYRK2_HUMAN,DYRK2
DYRK3_HUMAN,DYRK3
DYRK3_HUMAN,Regulatory erythroid kinase
DYRK3_HUMAN,REDK
DYRK4_HUMAN,DYRK4
GSK3A_HUMAN,GSK3A
GSK3A_HUMAN,GSK-3 alpha
GSK3A_HUMAN,Serine/threonine-protein kinase GSK3A
GSK3B_HUMAN,GSK3B
GSK3B_HUMAN,GSK-3 beta
GSK3B_HUMAN,Serine/threonine-protein kinase GSK3B
HIPK1_HUMAN,HIPK1
HIPK1_HUMAN,KIAA0630
HIPK1_HUMAN,MYAK
HIPK1_HUMAN,NBAK2
HIPK1_HUMAN,Nuclear body-associated kinase 2
HIPK2_HUMAN,HIPK2
HIPK2_HUMAN,hHIPk2
HIPK3_HUMAN,HIPK3
HIPK3_HUMAN,DYRK6
HIPK3_HUMAN,FIST3
HIPK3_HUMAN,PKY
HIPK3_HUMAN,Androgen receptor-interacting nuclear protein kinase
HIPK3_HUMAN,ANPK
HIPK3_HUMAN,Fas-interacting serine/threonine-protein kinase
HIPK3_HUMAN,FIST
HIPK3_HUMAN,Homolog of protein kinase YAK1
HIPK4_HUMAN,HIPK4
ICK_HUMAN,ICK
ICK_HUMAN,KIAA0936
ICK_HUMAN,Intestinal cell kinase
ICK_HUMAN,hICK
ICK_HUMAN,Laryngeal cancer kinase 2
ICK_HUMAN,LCK2
ICK_HUMAN,MAK-related kinase
ICK_HUMAN,MRK
MAK_HUMAN,MAK
MAK_HUMAN,Male germ cell-associated kinase
MK01_HUMAN,MAPK1
MK01_HUMAN,ERK2
MK01_HUMAN,PRKM1
MK01_HUMAN,PRKM2
MK01_HUMAN,MAP kinase 1
MK01_HUMAN,MAPK 1
MK01_HUMAN,ERT1
MK01_HUMAN,Extracellular signal-regulated kinase 2
MK01_HUMAN,ERK-2
MK01_HUMAN,MAP kinase isoform p42
MK01_HUMAN,p42-MAPK
MK01_HUMAN,Mitogen-activated protein kinase 2
MK01_HUMAN,MAP kinase 2
MK01_HUMAN,MAPK 2
MK10_HUMAN,MAPK10
MK10_HUMAN,JNK3
MK10_HUMAN,JNK3A
MK10_HUMAN,PRKM10
MK10_HUMAN,SAPK1B
MK10_HUMAN,MAP kinase 10
MK10_HUMAN,MAPK 10
MK10_HUMAN,MAP kinase p49 3F12
MK10_HUMAN,Stress-activated protein kinase 1b
MK10_HUMAN,SAPK1b
MK10_HUMAN,Stress-activated protein kinase JNK3
MK10_HUMAN,c-Jun N-terminal kinase 3
MK11_HUMAN,MAPK11
MK11_HUMAN,PRKM11
MK11_HUMAN,SAPK2
MK11_HUMAN,SAPK2B
MK11_HUMAN,MAP kinase 11
MK11_HUMAN,MAPK 11
MK11_HUMAN,Mitogen-activated protein kinase p38 beta
MK11_HUMAN,MAP kinase p38 beta
MK11_HUMAN,p38b
MK11_HUMAN,Stress-activated protein kinase 2b
MK11_HUMAN,SAPK2b
MK11_HUMAN,p38-2
MK12_HUMAN,MAPK12
MK12_HUMAN,ERK6
MK12_HUMAN,SAPK3
MK12_HUMAN,MAP kinase 12
MK12_HUMAN,MAPK 12
MK12_HUMAN,Extracellular signal-regulated kinase 6
MK12_HUMAN,ERK-6
MK12_HUMAN,Mitogen-activated protein kinase p38 gamma
MK12_HUMAN,MAP kinase p38 gamma
MK12_HUMAN,Stress-activated protein kinase 3
MK13_HUMAN,MAPK13
MK13_HUMAN,PRKM13
MK13_HUMAN,SAPK4
MK13_HUMAN,MAP kinase 13
MK13_HUMAN,MAPK 13
MK13_HUMAN,Mitogen-activated protein kinase p38 delta
MK13_HUMAN,MAP kinase p38 delta
MK13_HUMAN,Stress-activated protein kinase 4
MK14_HUMAN,MAPK14
MK14_HUMAN,CSBP
MK14_HUMAN,CSBP1
MK14_HUMAN,CSBP2
MK14_HUMAN,CSPB1
MK14_HUMAN,MXI2
MK14_HUMAN,SAPK2A
MK14_HUMAN,MAP kinase 14
MK14_HUMAN,MAPK 14
MK14_HUMAN,Cytokine suppressive anti-inflammatory drug-binding protein
MK14_HUMAN,CSAID-binding protein
MK14_HUMAN,MAP kinase MXI2
MK14_HUMAN,MAX-interacting protein 2
MK14_HUMAN,Mitogen-activated protein kinase p38 alpha
MK14_HUMAN,MAP kinase p38 alpha
MK14_HUMAN,Stress-activated protein kinase 2a
MK14_HUMAN,SAPK2a
MK15_HUMAN,MAPK15
MK15_HUMAN,ERK7
MK15_HUMAN,ERK8
MK15_HUMAN,MAP kinase 15
MK15_HUMAN,MAPK 15
MK15_HUMAN,Extracellular signal-regulated kinase 7
MK15_HUMAN,ERK-7
MK15_HUMAN,Extracellular signal-regulated kinase 8
MK15_HUMAN,ERK-8
MK03_HUMAN,MAPK3
MK03_HUMAN,ERK1
MK03_HUMAN,PRKM3
MK03_HUMAN,MAP kinase 3
MK03_HUMAN,MAPK 3
MK03_HUMAN,ERT2
MK03_HUMAN,Extracellular signal-regulated kinase 1
MK03_HUMAN,ERK-1
MK03_HUMAN,Insulin-stimulated MAP2 kinase
MK03_HUMAN,MAP kinase isoform p44
MK03_HUMAN,p44-MAPK
MK03_HUMAN,Microtubule-associated protein 2 kinase
MK03_HUMAN,p44-ERK1
MK04_HUMAN,MAPK4
MK04_HUMAN,ERK4
MK04_HUMAN,PRKM4
MK04_HUMAN,MAP kinase 4
MK04_HUMAN,MAPK 4
MK04_HUMAN,Extracellular signal-regulated kinase 4
MK04_HUMAN,ERK-4
MK04_HUMAN,MAP kinase isoform p63
MK04_HUMAN,p63-MAPK
MK06_HUMAN,MAPK6
MK06_HUMAN,ERK3
MK06_HUMAN,PRKM6
MK06_HUMAN,MAP kinase 6
MK06_HUMAN,MAPK 6
MK06_HUMAN,Extracellular signal-regulated kinase 3
MK06_HUMAN,ERK-3
MK06_HUMAN,MAP kinase isoform p97
MK06_HUMAN,p97-MAPK
MK07_HUMAN,MAPK7
MK07_HUMAN,BMK1
MK07_HUMAN,ERK5
MK07_HUMAN,PRKM7
MK07_HUMAN,MAP kinase 7
MK07_HUMAN,MAPK 7
MK07_HUMAN,Big MAP kinase 1
MK07_HUMAN,BMK-1
MK07_HUMAN,Extracellular signal-regulated kinase 5
MK07_HUMAN,ERK-5
MK08_HUMAN,MAPK8
MK08_HUMAN,JNK1
MK08_HUMAN,PRKM8
MK08_HUMAN,SAPK1
MK08_HUMAN,SAPK1C
MK08_HUMAN,MAP kinase 8
MK08_HUMAN,MAPK 8
MK08_HUMAN,JNK-46
MK08_HUMAN,Stress-activated protein kinase 1c
MK08_HUMAN,SAPK1c
MK08_HUMAN,Stress-activated protein kinase JNK1
MK08_HUMAN,c-Jun N-terminal kinase 1
MK09_HUMAN,MAPK9
MK09_HUMAN,JNK2
MK09_HUMAN,PRKM9
MK09_HUMAN,SAPK1A
MK09_HUMAN,MAP kinase 9
MK09_HUMAN,MAPK 9
MK09_HUMAN,JNK-55
MK09_HUMAN,Stress-activated protein kinase 1a
MK09_HUMAN,SAPK1a
MK09_HUMAN,Stress-activated protein kinase JNK2
MK09_HUMAN,c-Jun N-terminal kinase 2
MOK_HUMAN,MOK
MOK_HUMAN,RAGE
MOK_HUMAN,RAGE1
MOK_HUMAN,MOK protein kinase
MOK_HUMAN,Renal tumor antigen 1
MOK_HUMAN,RAGE-1
NLK_HUMAN,NLK
NLK_HUMAN,LAK1
NLK_HUMAN,Nemo-like kinase
NLK_HUMAN,Protein LAK1
PRP4B_HUMAN,PRPF4B
PRP4B_HUMAN,KIAA0536
PRP4B_HUMAN,PRP4
PRP4B_HUMAN,PRP4H
PRP4B_HUMAN,PRP4K
PRP4B_HUMAN,PRP4 kinase
PRP4B_HUMAN,PRP4 pre-mRNA-processing factor 4 homolog
SRPK1_HUMAN,SRPK1
SRPK1_HUMAN,SFRS protein kinase 1
SRPK1_HUMAN,Serine/arginine-rich protein-specific kinase 1
SRPK1_HUMAN,SR-protein-specific kinase 1
SRPK2_HUMAN,SRPK2
SRPK2_HUMAN,SFRS protein kinase 2
SRPK2_HUMAN,Serine/arginine-rich protein-specific kinase 2
SRPK2_HUMAN,SR-protein-specific kinase 2 [Cleaved into: SRSF protein kinase 2 N-terminal; SRSF protein kinase 2 C-terminal]
SRPK3_HUMAN,SRPK3
SRPK3_HUMAN,MSSK1
SRPK3_HUMAN,STK23
SRPK3_HUMAN,Muscle-specific serine kinase 1
SRPK3_HUMAN,MSSK-1
SRPK3_HUMAN,Serine/arginine-rich protein-specific kinase 3
SRPK3_HUMAN,SR-protein-specific kinase 3
SRPK3_HUMAN,Serine/threonine-protein kinase 23
NEK1_HUMAN,NEK1
NEK1_HUMAN,KIAA1901
NEK1_HUMAN,Never in mitosis A-related kinase 1
NEK1_HUMAN,NimA-related protein kinase 1
NEK1_HUMAN,Renal carcinoma antigen NY-REN-55
NEK10_HUMAN,NEK10
NEK10_HUMAN,Never in mitosis A-related kinase 10
NEK10_HUMAN,NimA-related protein kinase 10
NEK11_HUMAN,NEK11
NEK11_HUMAN,Never in mitosis A-related kinase 11
NEK11_HUMAN,NimA-related protein kinase 11
NEK2_HUMAN,NEK2
NEK2_HUMAN,NEK2A
NEK2_HUMAN,NLK1
NEK2_HUMAN,HSPK 21
NEK2_HUMAN,Never in mitosis A-related kinase 2
NEK2_HUMAN,NimA-related protein kinase 2
NEK2_HUMAN,NimA-like protein kinase 1
NEK3_HUMAN,NEK3
NEK3_HUMAN,HSPK 36
NEK3_HUMAN,Never in mitosis A-related kinase 3
NEK3_HUMAN,NimA-related protein kinase 3
NEK4_HUMAN,NEK4
NEK4_HUMAN,STK2
NEK4_HUMAN,Never in mitosis A-related kinase 4
NEK4_HUMAN,NimA-related protein kinase 4
NEK4_HUMAN,Serine/threonine-protein kinase 2
NEK4_HUMAN,Serine/threonine-protein kinase NRK2
NEK5_HUMAN,NEK5
NEK5_HUMAN,Never in mitosis A-related kinase 5
NEK5_HUMAN,NimA-related protein kinase 5
NEK6_HUMAN,NEK6
NEK6_HUMAN,Never in mitosis A-related kinase 6
NEK6_HUMAN,NimA-related protein kinase 6
NEK6_HUMAN,Protein kinase SID6-1512
NEK7_HUMAN,NEK7
NEK7_HUMAN,Never in mitosis A-related kinase 7
NEK7_HUMAN,NimA-related protein kinase 7
NEK8_HUMAN,NEK8
NEK8_HUMAN,JCK
NEK8_HUMAN,NEK12A
NEK8_HUMAN,Never in mitosis A-related kinase 8
NEK8_HUMAN,NimA-related protein kinase 8
NEK8_HUMAN,Nima-related protein kinase 12a
NEK9_HUMAN,NEK9
NEK9_HUMAN,KIAA1995
NEK9_HUMAN,NEK8
NEK9_HUMAN,NERCC
NEK9_HUMAN,Nercc1 kinase
NEK9_HUMAN,Never in mitosis A-related kinase 9
NEK9_HUMAN,NimA-related protein kinase 9
NEK9_HUMAN,NimA-related kinase 8
NEK9_HUMAN,Nek8
GUC2C_HUMAN,GUCY2C
GUC2C_HUMAN,GUC2C
GUC2C_HUMAN,STAR
GUC2C_HUMAN,STA receptor
GUC2C_HUMAN,hSTAR
GUC2C_HUMAN,Guanylyl cyclase C
GUC2C_HUMAN,GC-C
GUC2C_HUMAN,Intestinal guanylate cyclase
GUC2D_HUMAN,GUCY2D
GUC2D_HUMAN,CORD6
GUC2D_HUMAN,GUC1A4
GUC2D_HUMAN,GUC2D
GUC2D_HUMAN,RETGC
GUC2D_HUMAN,RETGC1
GUC2D_HUMAN,RETGC-1
GUC2D_HUMAN,Guanylate cyclase 2D  retinal
GUC2D_HUMAN,Rod outer segment membrane guanylate cyclase
GUC2D_HUMAN,ROS-GC
GUC2F_HUMAN,GUCY2F
GUC2F_HUMAN,GUC2F
GUC2F_HUMAN,RETGC2
GUC2F_HUMAN,RETGC-2
GUC2F_HUMAN,Guanylate cyclase 2F  retinal
GUC2F_HUMAN,Guanylate cyclase F
GUC2F_HUMAN,GC-F
GUC2F_HUMAN,Rod outer segment membrane guanylate cyclase 2
GUC2F_HUMAN,ROS-GC2
ANPRA_HUMAN,NPR1
ANPRA_HUMAN,ANPRA
ANPRA_HUMAN,Atrial natriuretic peptide receptor type A
ANPRA_HUMAN,ANP-A
ANPRA_HUMAN,ANPR-A
ANPRA_HUMAN,NPR-A
ANPRA_HUMAN,Guanylate cyclase A
ANPRA_HUMAN,GC-A
ANPRB_HUMAN,NPR2
ANPRB_HUMAN,ANPRB
ANPRB_HUMAN,Atrial natriuretic peptide receptor type B
ANPRB_HUMAN,ANP-B
ANPRB_HUMAN,ANPR-B
ANPRB_HUMAN,NPR-B
ANPRB_HUMAN,Guanylate cyclase B
ANPRB_HUMAN,GC-B
MP2K1_HUMAN,MAP2K1
MP2K1_HUMAN,MEK1
MP2K1_HUMAN,PRKMK1
MP2K1_HUMAN,MAP kinase kinase 1
MP2K1_HUMAN,MAPKK 1
MP2K1_HUMAN,MKK1
MP2K1_HUMAN,ERK activator kinase 1
MP2K1_HUMAN,MAPK/ERK kinase 1
MP2K1_HUMAN,MEK 1
MP2K2_HUMAN,MAP2K2
MP2K2_HUMAN,MEK2
MP2K2_HUMAN,MKK2
MP2K2_HUMAN,PRKMK2
MP2K2_HUMAN,MAP kinase kinase 2
MP2K2_HUMAN,MAPKK 2
MP2K2_HUMAN,ERK activator kinase 2
MP2K2_HUMAN,MAPK/ERK kinase 2
MP2K2_HUMAN,MEK 2
MP2K3_HUMAN,MAP2K3
MP2K3_HUMAN,MEK3
MP2K3_HUMAN,MKK3
MP2K3_HUMAN,PRKMK3
MP2K3_HUMAN,SKK2
MP2K3_HUMAN,MAP kinase kinase 3
MP2K3_HUMAN,MAPKK 3
MP2K3_HUMAN,MAPK/ERK kinase 3
MP2K3_HUMAN,MEK 3
MP2K3_HUMAN,Stress-activated protein kinase kinase 2
MP2K3_HUMAN,SAPK kinase 2
MP2K3_HUMAN,SAPKK-2
MP2K3_HUMAN,SAPKK2
MP2K4_HUMAN,MAP2K4
MP2K4_HUMAN,JNKK1
MP2K4_HUMAN,MEK4
MP2K4_HUMAN,MKK4
MP2K4_HUMAN,PRKMK4
MP2K4_HUMAN,SEK1
MP2K4_HUMAN,SERK1
MP2K4_HUMAN,SKK1
MP2K4_HUMAN,MAP kinase kinase 4
MP2K4_HUMAN,MAPKK 4
MP2K4_HUMAN,JNK-activating kinase 1
MP2K4_HUMAN,MAPK/ERK kinase 4
MP2K4_HUMAN,MEK 4
MP2K4_HUMAN,SAPK/ERK kinase 1
MP2K4_HUMAN,Stress-activated protein kinase kinase 1
MP2K4_HUMAN,SAPK kinase 1
MP2K4_HUMAN,SAPKK-1
MP2K4_HUMAN,SAPKK1
MP2K4_HUMAN,c-Jun N-terminal kinase kinase 1
MP2K4_HUMAN,JNKK
MP2K5_HUMAN,MAP2K5
MP2K5_HUMAN,MEK5
MP2K5_HUMAN,MKK5
MP2K5_HUMAN,PRKMK5
MP2K5_HUMAN,MAP kinase kinase 5
MP2K5_HUMAN,MAPKK 5
MP2K5_HUMAN,MAPK/ERK kinase 5
MP2K5_HUMAN,MEK 5
MP2K6_HUMAN,MAP2K6
MP2K6_HUMAN,MEK6
MP2K6_HUMAN,MKK6
MP2K6_HUMAN,PRKMK6
MP2K6_HUMAN,SKK3
MP2K6_HUMAN,MAP kinase kinase 6
MP2K6_HUMAN,MAPKK 6
MP2K6_HUMAN,MAPK/ERK kinase 6
MP2K6_HUMAN,MEK 6
MP2K6_HUMAN,Stress-activated protein kinase kinase 3
MP2K6_HUMAN,SAPK kinase 3
MP2K6_HUMAN,SAPKK-3
MP2K6_HUMAN,SAPKK3
MP2K7_HUMAN,MAP2K7
MP2K7_HUMAN,JNKK2
MP2K7_HUMAN,MEK7
MP2K7_HUMAN,MKK7
MP2K7_HUMAN,PRKMK7
MP2K7_HUMAN,SKK4
MP2K7_HUMAN,MAP kinase kinase 7
MP2K7_HUMAN,MAPKK 7
MP2K7_HUMAN,JNK-activating kinase 2
MP2K7_HUMAN,MAPK/ERK kinase 7
MP2K7_HUMAN,MEK 7
MP2K7_HUMAN,Stress-activated protein kinase kinase 4
MP2K7_HUMAN,SAPK kinase 4
MP2K7_HUMAN,SAPKK-4
MP2K7_HUMAN,SAPKK4
MP2K7_HUMAN,c-Jun N-terminal kinase kinase 2
MP2K7_HUMAN,JNK kinase 2
MP2K7_HUMAN,JNKK 2
M3K1_HUMAN,MAP3K1
M3K1_HUMAN,MAPKKK1
M3K1_HUMAN,MEKK
M3K1_HUMAN,MEKK1
M3K1_HUMAN,MAPK/ERK kinase kinase 1
M3K1_HUMAN,MEK kinase 1
M3K1_HUMAN,MEKK 1
M3K10_HUMAN,MAP3K10
M3K10_HUMAN,MLK2
M3K10_HUMAN,MST
M3K10_HUMAN,Mixed lineage kinase 2
M3K10_HUMAN,Protein kinase MST
M3K11_HUMAN,MAP3K11
M3K11_HUMAN,MLK3
M3K11_HUMAN,PTK1
M3K11_HUMAN,SPRK
M3K11_HUMAN,Mixed lineage kinase 3
M3K11_HUMAN,Src-homology 3 domain-containing proline-rich kinase
M3K12_HUMAN,MAP3K12
M3K12_HUMAN,ZPK
M3K12_HUMAN,Dual leucine zipper bearing kinase
M3K12_HUMAN,DLK
M3K12_HUMAN,Leucine-zipper protein kinase
M3K12_HUMAN,MAPK-upstream kinase
M3K12_HUMAN,MUK
M3K12_HUMAN,Mixed lineage kinase
M3K13_HUMAN,MAP3K13
M3K13_HUMAN,LZK
M3K13_HUMAN,Leucine zipper-bearing kinase
M3K13_HUMAN,Mixed lineage kinase
M3K13_HUMAN,MLK
M3K14_HUMAN,MAP3K14
M3K14_HUMAN,NIK
M3K14_HUMAN,NF-kappa-beta-inducing kinase
M3K14_HUMAN,HsNIK
M3K14_HUMAN,Serine/threonine-protein kinase NIK
M3K15_HUMAN,MAP3K15
M3K15_HUMAN,ASK3
M3K15_HUMAN,Apoptosis signal-regulating kinase 3
M3K15_HUMAN,MAPK/ERK kinase kinase 15
M3K15_HUMAN,MEK kinase 15
M3K15_HUMAN,MEKK 15
M3K19_HUMAN,MAP3K19
M3K19_HUMAN,RCK
M3K19_HUMAN,YSK4
M3K19_HUMAN,Regulated in COPD  protein kinase
M3K19_HUMAN,SPS1/STE20-related protein kinase YSK4
M3K2_HUMAN,MAP3K2
M3K2_HUMAN,MAPKKK2
M3K2_HUMAN,MEKK2
M3K2_HUMAN,MAPK/ERK kinase kinase 2
M3K2_HUMAN,MEK kinase 2
M3K2_HUMAN,MEKK 2
M3K20_HUMAN,MAP3K20
M3K20_HUMAN,MLTK
M3K20_HUMAN,ZAK
M3K20_HUMAN,HCCS4
M3K20_HUMAN,Human cervical cancer suppressor gene 4 protein
M3K20_HUMAN,HCCS-4
M3K20_HUMAN,Leucine zipper- and sterile alpha motif-containing kinase
M3K20_HUMAN,MLK-like mitogen-activated protein triple kinase
M3K20_HUMAN,Mitogen-activated protein kinase kinase kinase MLT
M3K20_HUMAN,Mixed lineage kinase-related kinase
M3K20_HUMAN,MLK-related kinase
M3K20_HUMAN,MRK
M3K20_HUMAN,Sterile alpha motif- and leucine zipper-containing kinase AZK
M3K21_HUMAN,MAP3K21
M3K21_HUMAN,KIAA1804
M3K21_HUMAN,MLK4
M3K21_HUMAN,Mitogen-activated protein kinase kinase kinase MLK4
M3K21_HUMAN,Mixed lineage kinase 4
M3K3_HUMAN,MAP3K3
M3K3_HUMAN,MAPKKK3
M3K3_HUMAN,MEKK3
M3K3_HUMAN,MAPK/ERK kinase kinase 3
M3K3_HUMAN,MEK kinase 3
M3K3_HUMAN,MEKK 3
M3K4_HUMAN,MAP3K4
M3K4_HUMAN,KIAA0213
M3K4_HUMAN,MAPKKK4
M3K4_HUMAN,MEKK4
M3K4_HUMAN,MTK1
M3K4_HUMAN,MAP three kinase 1
M3K4_HUMAN,MAPK/ERK kinase kinase 4
M3K4_HUMAN,MEK kinase 4
M3K4_HUMAN,MEKK 4
M3K5_HUMAN,MAP3K5
M3K5_HUMAN,ASK1
M3K5_HUMAN,MAPKKK5
M3K5_HUMAN,MEKK5
M3K5_HUMAN,Apoptosis signal-regulating kinase 1
M3K5_HUMAN,ASK-1
M3K5_HUMAN,MAPK/ERK kinase kinase 5
M3K5_HUMAN,MEK kinase 5
M3K5_HUMAN,MEKK 5
M3K6_HUMAN,MAP3K6
M3K6_HUMAN,ASK2
M3K6_HUMAN,MAPKKK6
M3K6_HUMAN,MEKK6
M3K6_HUMAN,Apoptosis signal-regulating kinase 2
M3K7_HUMAN,MAP3K7
M3K7_HUMAN,TAK1
M3K7_HUMAN,Transforming growth factor-beta-activated kinase 1
M3K7_HUMAN,TGF-beta-activated kinase 1
M3K8_HUMAN,MAP3K8
M3K8_HUMAN,COT
M3K8_HUMAN,ESTF
M3K8_HUMAN,Cancer Osaka thyroid oncogene
M3K8_HUMAN,Proto-oncogene c-Cot
M3K8_HUMAN,Serine/threonine-protein kinase cot
M3K8_HUMAN,Tumor progression locus 2
M3K8_HUMAN,TPL-2
M3K9_HUMAN,MAP3K9
M3K9_HUMAN,MLK1
M3K9_HUMAN,PRKE1
M3K9_HUMAN,Mixed lineage kinase 1
M4K1_HUMAN,MAP4K1
M4K1_HUMAN,HPK1
M4K1_HUMAN,Hematopoietic progenitor kinase
M4K1_HUMAN,MAPK/ERK kinase kinase kinase 1
M4K1_HUMAN,MEK kinase kinase 1
M4K1_HUMAN,MEKKK 1
M4K2_HUMAN,MAP4K2
M4K2_HUMAN,GCK
M4K2_HUMAN,RAB8IP
M4K2_HUMAN,B lymphocyte serine/threonine-protein kinase
M4K2_HUMAN,Germinal center kinase
M4K2_HUMAN,GC kinase
M4K2_HUMAN,MAPK/ERK kinase kinase kinase 2
M4K2_HUMAN,MEK kinase kinase 2
M4K2_HUMAN,MEKKK 2
M4K2_HUMAN,Rab8-interacting protein
M4K3_HUMAN,MAP4K3
M4K3_HUMAN,RAB8IPL1
M4K3_HUMAN,Germinal center kinase-related protein kinase
M4K3_HUMAN,GLK
M4K3_HUMAN,MAPK/ERK kinase kinase kinase 3
M4K3_HUMAN,MEK kinase kinase 3
M4K3_HUMAN,MEKKK 3
M4K4_HUMAN,MAP4K4
M4K4_HUMAN,HGK
M4K4_HUMAN,KIAA0687
M4K4_HUMAN,NIK
M4K4_HUMAN,HPK/GCK-like kinase HGK
M4K4_HUMAN,MAPK/ERK kinase kinase kinase 4
M4K4_HUMAN,MEK kinase kinase 4
M4K4_HUMAN,MEKKK 4
M4K4_HUMAN,Nck-interacting kinase
M4K5_HUMAN,MAP4K5
M4K5_HUMAN,Kinase homologous to SPS1/STE20
M4K5_HUMAN,KHS
M4K5_HUMAN,MAPK/ERK kinase kinase kinase 5
M4K5_HUMAN,MEK kinase kinase 5
M4K5_HUMAN,MEKKK 5
MINK1_HUMAN,MINK1
MINK1_HUMAN,B55
MINK1_HUMAN,MAP4K6
MINK1_HUMAN,MINK
MINK1_HUMAN,YSK2
MINK1_HUMAN,ZC3
MINK1_HUMAN,GCK family kinase MiNK
MINK1_HUMAN,MAPK/ERK kinase kinase kinase 6
MINK1_HUMAN,MEK kinase kinase 6
MINK1_HUMAN,MEKKK 6
MINK1_HUMAN,Misshapen/NIK-related kinase
MINK1_HUMAN,Mitogen-activated protein kinase kinase kinase kinase 6
MYO3A_HUMAN,MYO3A
MYO3B_HUMAN,MYO3B
NRK_HUMAN,NRK
OXSR1_HUMAN,OXSR1
OXSR1_HUMAN,KIAA1101
OXSR1_HUMAN,OSR1
OXSR1_HUMAN,Oxidative stress-responsive 1 protein
PAK1_HUMAN,PAK1
PAK1_HUMAN,Alpha-PAK
PAK1_HUMAN,p21-activated kinase 1
PAK1_HUMAN,PAK-1
PAK1_HUMAN,p65-PAK
PAK2_HUMAN,PAK2
PAK2_HUMAN,Gamma-PAK
PAK2_HUMAN,PAK65
PAK2_HUMAN,S6/H4 kinase
PAK2_HUMAN,p21-activated kinase 2
PAK2_HUMAN,PAK-2
PAK2_HUMAN,p58 [Cleaved into: PAK-2p27
PAK2_HUMAN,p27; PAK-2p34
PAK2_HUMAN,p34
PAK2_HUMAN,C-t-PAK2]
PAK3_HUMAN,PAK3
PAK3_HUMAN,OPHN3
PAK3_HUMAN,Beta-PAK
PAK3_HUMAN,Oligophrenin-3
PAK3_HUMAN,p21-activated kinase 3
PAK3_HUMAN,PAK-3
PAK4_HUMAN,PAK4
PAK4_HUMAN,KIAA1142
PAK4_HUMAN,p21-activated kinase 4
PAK4_HUMAN,PAK-4
PAK5_HUMAN,PAK5
PAK5_HUMAN,KIAA1264
PAK5_HUMAN,PAK7
PAK5_HUMAN,p21-activated kinase 5
PAK5_HUMAN,PAK-5
PAK5_HUMAN,p21-activated kinase 7
PAK5_HUMAN,PAK-7
PAK6_HUMAN,PAK6
PAK6_HUMAN,PAK5
PAK6_HUMAN,PAK-5
PAK6_HUMAN,p21-activated kinase 6
PAK6_HUMAN,PAK-6
TOPK_HUMAN,PBK
TOPK_HUMAN,TOPK
TOPK_HUMAN,Cancer/testis antigen 84
TOPK_HUMAN,CT84
TOPK_HUMAN,MAPKK-like protein kinase
TOPK_HUMAN,Nori-3
TOPK_HUMAN,PDZ-binding kinase
TOPK_HUMAN,Spermatogenesis-related protein kinase
TOPK_HUMAN,SPK
TOPK_HUMAN,T-LAK cell-originated protein kinase
SLK_HUMAN,SLK
SLK_HUMAN,KIAA0204
SLK_HUMAN,STK2
SLK_HUMAN,STE20-like kinase
SLK_HUMAN,hSLK
SLK_HUMAN,CTCL tumor antigen se20-9
SLK_HUMAN,STE20-related serine/threonine-protein kinase
SLK_HUMAN,STE20-related kinase
SLK_HUMAN,Serine/threonine-protein kinase 2
STK10_HUMAN,STK10
STK10_HUMAN,LOK
STK10_HUMAN,Lymphocyte-oriented kinase
STK24_HUMAN,STK24
STK24_HUMAN,MST3
STK24_HUMAN,STK3
STK24_HUMAN,Mammalian STE20-like protein kinase 3
STK24_HUMAN,MST-3
STK24_HUMAN,STE20-like kinase MST3 [Cleaved into: Serine/threonine-protein kinase 24 36 kDa subunit
STK24_HUMAN,Mammalian STE20-like protein kinase 3 N-terminal
STK24_HUMAN,MST3/N; Serine/threonine-protein kinase 24 12 kDa subunit
STK24_HUMAN,Mammalian STE20-like protein kinase 3 C-terminal
STK24_HUMAN,MST3/C]
STK25_HUMAN,STK25
STK25_HUMAN,SOK1
STK25_HUMAN,YSK1
STK25_HUMAN,Ste20-like kinase
STK25_HUMAN,Sterile 20/oxidant stress-response kinase 1
STK25_HUMAN,SOK-1
STK25_HUMAN,Ste20/oxidant stress response kinase 1
STK26_HUMAN,STK26
STK26_HUMAN,MASK
STK26_HUMAN,MST4
STK26_HUMAN,MST3 and SOK1-related kinase
STK26_HUMAN,Mammalian STE20-like protein kinase 4
STK26_HUMAN,MST-4
STK26_HUMAN,STE20-like kinase MST4
STK26_HUMAN,Serine/threonine-protein kinase MASK
STK3_HUMAN,STK3
STK3_HUMAN,KRS1
STK3_HUMAN,MST2
STK3_HUMAN,Mammalian STE20-like protein kinase 2
STK3_HUMAN,MST-2
STK3_HUMAN,STE20-like kinase MST2
STK3_HUMAN,Serine/threonine-protein kinase Krs-1 [Cleaved into: Serine/threonine-protein kinase 3 36kDa subunit
STK3_HUMAN,MST2/N; Serine/threonine-protein kinase 3 20kDa subunit
STK3_HUMAN,MST2/C]
STK39_HUMAN,STK39
STK39_HUMAN,SPAK
STK39_HUMAN,Ste-20-related kinase
STK39_HUMAN,DCHT
STK39_HUMAN,Serine/threonine-protein kinase 39
STK4_HUMAN,STK4
STK4_HUMAN,KRS2
STK4_HUMAN,MST1
STK4_HUMAN,Mammalian STE20-like protein kinase 1
STK4_HUMAN,MST-1
STK4_HUMAN,STE20-like kinase MST1
STK4_HUMAN,Serine/threonine-protein kinase Krs-2 [Cleaved into: Serine/threonine-protein kinase 4 37kDa subunit
STK4_HUMAN,MST1/N; Serine/threonine-protein kinase 4 18kDa subunit
STK4_HUMAN,MST1/C]
STRAA_HUMAN,STRADA
STRAA_HUMAN,LYK5
STRAA_HUMAN,STRAD
STRAA_HUMAN,STRAD alpha
STRAA_HUMAN,STE20-related adapter protein
STRAA_HUMAN,Serologically defined breast cancer antigen NY-BR-96
STRAB_HUMAN,STRADB
STRAB_HUMAN,ALS2CR2
STRAB_HUMAN,ILPIP
STRAB_HUMAN,PRO1038
STRAB_HUMAN,STRAD beta
STRAB_HUMAN,Amyotrophic lateral sclerosis 2 chromosomal region candidate gene 2 protein
STRAB_HUMAN,CALS-21
STRAB_HUMAN,ILP-interacting protein
STRAB_HUMAN,Pseudokinase ALS2CR2
TAOK1_HUMAN,TAOK1
TAOK1_HUMAN,KIAA1361
TAOK1_HUMAN,MAP3K16
TAOK1_HUMAN,MARKK
TAOK1_HUMAN,Kinase from chicken homolog B
TAOK1_HUMAN,hKFC-B
TAOK1_HUMAN,MARK Kinase
TAOK1_HUMAN,Prostate-derived sterile 20-like kinase 2
TAOK1_HUMAN,PSK-2
TAOK1_HUMAN,PSK2
TAOK1_HUMAN,Prostate-derived STE20-like kinase 2
TAOK1_HUMAN,Thousand and one amino acid protein kinase 1
TAOK1_HUMAN,hTAOK1
TAOK2_HUMAN,TAOK2
TAOK2_HUMAN,KIAA0881
TAOK2_HUMAN,MAP3K17
TAOK2_HUMAN,PSK
TAOK2_HUMAN,PSK1
TAOK2_HUMAN,UNQ2971/PRO7431
TAOK2_HUMAN,Kinase from chicken homolog C
TAOK2_HUMAN,hKFC-C
TAOK2_HUMAN,Prostate-derived sterile 20-like kinase 1
TAOK2_HUMAN,PSK-1
TAOK2_HUMAN,Prostate-derived STE20-like kinase 1
TAOK2_HUMAN,Thousand and one amino acid protein kinase 2
TAOK3_HUMAN,TAOK3
TAOK3_HUMAN,DPK
TAOK3_HUMAN,JIK
TAOK3_HUMAN,KDS
TAOK3_HUMAN,MAP3K18
TAOK3_HUMAN,Cutaneous T-cell lymphoma-associated antigen HD-CL-09
TAOK3_HUMAN,CTCL-associated antigen HD-CL-09
TAOK3_HUMAN,Dendritic cell-derived protein kinase
TAOK3_HUMAN,JNK/SAPK-inhibitory kinase
TAOK3_HUMAN,Jun kinase-inhibitory kinase
TAOK3_HUMAN,Kinase from chicken homolog A
TAOK3_HUMAN,hKFC-A
TAOK3_HUMAN,Thousand and one amino acid protein 3
TNIK_HUMAN,TNIK
TNIK_HUMAN,KIAA0551
ACVR1_HUMAN,ACVR1
ACVR1_HUMAN,ACVRLK2
ACVR1_HUMAN,Activin receptor type I
ACVR1_HUMAN,ACTR-I
ACVR1_HUMAN,Activin receptor-like kinase 2
ACVR1_HUMAN,ALK-2
ACVR1_HUMAN,Serine/threonine-protein kinase receptor R1
ACVR1_HUMAN,SKR1
ACVR1_HUMAN,TGF-B superfamily receptor type I
ACVR1_HUMAN,TSR-I
ACV1B_HUMAN,ACVR1B
ACV1B_HUMAN,ACVRLK4
ACV1B_HUMAN,ALK4
ACV1B_HUMAN,Activin receptor type IB
ACV1B_HUMAN,ACTR-IB
ACV1B_HUMAN,Activin receptor-like kinase 4
ACV1B_HUMAN,ALK-4
ACV1B_HUMAN,Serine/threonine-protein kinase receptor R2
ACV1B_HUMAN,SKR2
ACV1C_HUMAN,ACVR1C
ACV1C_HUMAN,ALK7
ACV1C_HUMAN,Activin receptor type IC
ACV1C_HUMAN,ACTR-IC
ACV1C_HUMAN,Activin receptor-like kinase 7
ACV1C_HUMAN,ALK-7
AVR2A_HUMAN,ACVR2A
AVR2A_HUMAN,ACVR2
AVR2A_HUMAN,Activin receptor type IIA
AVR2A_HUMAN,ACTR-IIA
AVR2A_HUMAN,ACTRIIA
AVR2B_HUMAN,ACVR2B
AVR2B_HUMAN,Activin receptor type IIB
AVR2B_HUMAN,ACTR-IIB
ACVL1_HUMAN,ACVRL1
ACVL1_HUMAN,ACVRLK1
ACVL1_HUMAN,ALK1
ACVL1_HUMAN,SKR3
ACVL1_HUMAN,Activin receptor-like kinase 1
ACVL1_HUMAN,ALK-1
ACVL1_HUMAN,TGF-B superfamily receptor type I
ACVL1_HUMAN,TSR-I
AMHR2_HUMAN,AMHR2
AMHR2_HUMAN,AMHR
AMHR2_HUMAN,MISR2
AMHR2_HUMAN,Anti-Muellerian hormone type II receptor
AMHR2_HUMAN,AMH type II receptor
AMHR2_HUMAN,MIS type II receptor
AMHR2_HUMAN,MISRII
AMHR2_HUMAN,MRII
ANKK1_HUMAN,ANKK1
ANKK1_HUMAN,PKK2
ANKK1_HUMAN,SGK288
ANKK1_HUMAN,Protein kinase PKK2
ANKK1_HUMAN,Sugen kinase 288
ANKK1_HUMAN,SgK288
ANKK1_HUMAN,X-kinase
ARAF_HUMAN,ARAF
ARAF_HUMAN,ARAF1
ARAF_HUMAN,PKS
ARAF_HUMAN,PKS2
ARAF_HUMAN,Proto-oncogene A-Raf
ARAF_HUMAN,Proto-oncogene A-Raf-1
ARAF_HUMAN,Proto-oncogene Pks
BMR1A_HUMAN,BMPR1A
BMR1A_HUMAN,ACVRLK3
BMR1A_HUMAN,ALK3
BMR1A_HUMAN,BMP type-1A receptor
BMR1A_HUMAN,BMPR-1A
BMR1A_HUMAN,Activin receptor-like kinase 3
BMR1A_HUMAN,ALK-3
BMR1A_HUMAN,Serine/threonine-protein kinase receptor R5
BMR1A_HUMAN,SKR5
BMR1A_HUMAN,CD antigen CD292
BMR1B_HUMAN,BMPR1B
BMR1B_HUMAN,BMP type-1B receptor
BMR1B_HUMAN,BMPR-1B
BMR1B_HUMAN,CD antigen CDw293
BMPR2_HUMAN,BMPR2
BMPR2_HUMAN,PPH1
BMPR2_HUMAN,BMP type-2 receptor
BMPR2_HUMAN,BMPR-2
BMPR2_HUMAN,Bone morphogenetic protein receptor type II
BMPR2_HUMAN,BMP type II receptor
BMPR2_HUMAN,BMPR-II
BRAF_HUMAN,BRAF
BRAF_HUMAN,BRAF1
BRAF_HUMAN,RAFB1
BRAF_HUMAN,Proto-oncogene B-Raf
BRAF_HUMAN,p94
BRAF_HUMAN,v-Raf murine sarcoma viral oncogene homolog B1
ILK_HUMAN,ILK
ILK_HUMAN,ILK1
ILK_HUMAN,ILK2
ILK_HUMAN,59 kDa serine/threonine-protein kinase
ILK_HUMAN,ILK-1
ILK_HUMAN,ILK-2
ILK_HUMAN,p59ILK
IRAK1_HUMAN,IRAK1
IRAK1_HUMAN,IRAK
IRAK1_HUMAN,IRAK-1
IRAK2_HUMAN,IRAK2
IRAK2_HUMAN,IRAK-2
IRAK3_HUMAN,IRAK3
IRAK3_HUMAN,IRAK-3
IRAK3_HUMAN,IL-1 receptor-associated kinase M
IRAK3_HUMAN,IRAK-M
IRAK4_HUMAN,IRAK4
IRAK4_HUMAN,IRAK-4
IRAK4_HUMAN,Renal carcinoma antigen NY-REN-64
KSR1_HUMAN,KSR1
KSR1_HUMAN,KSR
KSR2_HUMAN,KSR2
KSR2_HUMAN,hKSR2
LIMK1_HUMAN,LIMK1
LIMK1_HUMAN,LIMK
LIMK1_HUMAN,LIMK-1
LIMK2_HUMAN,LIMK2
LIMK2_HUMAN,LIMK-2
LRRK1_HUMAN,LRRK1
LRRK1_HUMAN,KIAA1790
LRRK2_HUMAN,LRRK2
LRRK2_HUMAN,PARK8
LRRK2_HUMAN,Dardarin
RAF1_HUMAN,RAF1
RAF1_HUMAN,RAF
RAF1_HUMAN,Proto-oncogene c-RAF
RAF1_HUMAN,cRaf
RAF1_HUMAN,Raf-1
RIPK1_HUMAN,RIPK1
RIPK1_HUMAN,RIP
RIPK1_HUMAN,RIP1
RIPK1_HUMAN,Cell death protein RIP
RIPK1_HUMAN,Receptor-interacting protein 1
RIPK1_HUMAN,RIP-1
RIPK2_HUMAN,RIPK2
RIPK2_HUMAN,CARDIAK
RIPK2_HUMAN,RICK
RIPK2_HUMAN,RIP2
RIPK2_HUMAN,UNQ277/PRO314/PRO34092
RIPK2_HUMAN,CARD-containing interleukin-1 beta-converting enzyme-associated kinase
RIPK2_HUMAN,CARD-containing IL-1 beta ICE-kinase
RIPK2_HUMAN,RIP-like-interacting CLARP kinase
RIPK2_HUMAN,Receptor-interacting protein 2
RIPK2_HUMAN,RIP-2
RIPK2_HUMAN,Tyrosine-protein kinase RIPK2
RIPK3_HUMAN,RIPK3
RIPK3_HUMAN,RIP3
RIPK3_HUMAN,RIP-like protein kinase 3
RIPK3_HUMAN,Receptor-interacting protein 3
RIPK3_HUMAN,RIP-3
RIPK4_HUMAN,RIPK4
RIPK4_HUMAN,ANKRD3
RIPK4_HUMAN,DIK
RIPK4_HUMAN,Ankyrin repeat domain-containing protein 3
RIPK4_HUMAN,PKC-delta-interacting protein kinase
TESK1_HUMAN,TESK1
TESK1_HUMAN,Testicular protein kinase 1
TESK2_HUMAN,TESK2
TESK2_HUMAN,Testicular protein kinase 2
TGFR1_HUMAN,TGFBR1
TGFR1_HUMAN,ALK5
TGFR1_HUMAN,SKR4
TGFR1_HUMAN,TGFR-1
TGFR1_HUMAN,Activin A receptor type II-like protein kinase of 53kD
TGFR1_HUMAN,Activin receptor-like kinase 5
TGFR1_HUMAN,ALK-5
TGFR1_HUMAN,Serine/threonine-protein kinase receptor R4
TGFR1_HUMAN,TGF-beta type I receptor
TGFR1_HUMAN,Transforming growth factor-beta receptor type I
TGFR1_HUMAN,TGF-beta receptor type I
TGFR1_HUMAN,TbetaR-I
TGFR2_HUMAN,TGFBR2
TGFR2_HUMAN,TGFR-2
TGFR2_HUMAN,TGF-beta type II receptor
TGFR2_HUMAN,Transforming growth factor-beta receptor type II
TGFR2_HUMAN,TGF-beta receptor type II
TGFR2_HUMAN,TbetaR-II
TNI3K_HUMAN,TNNI3K
TNI3K_HUMAN,CARK
TNI3K_HUMAN,Cardiac ankyrin repeat kinase
TNI3K_HUMAN,Cardiac troponin I-interacting kinase
TNI3K_HUMAN,TNNI3-interacting kinase
LMTK1_HUMAN,AATK
LMTK1_HUMAN,AATYK
LMTK1_HUMAN,KIAA0641
LMTK1_HUMAN,LMR1
LMTK1_HUMAN,LMTK1
LMTK1_HUMAN,Apoptosis-associated tyrosine kinase
LMTK1_HUMAN,Brain apoptosis-associated tyrosine kinase
LMTK1_HUMAN,CDK5-binding protein
LMTK1_HUMAN,Lemur tyrosine kinase 1
LMTK1_HUMAN,p35-binding protein
LMTK1_HUMAN,p35BP
ABL1_HUMAN,ABL1
ABL1_HUMAN,ABL
ABL1_HUMAN,JTK7
ABL1_HUMAN,Abelson murine leukemia viral oncogene homolog 1
ABL1_HUMAN,Abelson tyrosine-protein kinase 1
ABL1_HUMAN,Proto-oncogene c-Abl
ABL1_HUMAN,p150
ABL2_HUMAN,ABL2
ABL2_HUMAN,ABLL
ABL2_HUMAN,ARG
ABL2_HUMAN,Abelson murine leukemia viral oncogene homolog 2
ABL2_HUMAN,Abelson tyrosine-protein kinase 2
ABL2_HUMAN,Abelson-related gene protein
ABL2_HUMAN,Tyrosine-protein kinase ARG
ALK_HUMAN,ALK
ALK_HUMAN,Anaplastic lymphoma kinase
ALK_HUMAN,CD antigen CD246
UFO_HUMAN,AXL
UFO_HUMAN,UFO
UFO_HUMAN,AXL oncogene
BLK_HUMAN,BLK
BLK_HUMAN,B lymphocyte kinase
BLK_HUMAN,p55-Blk
BMX_HUMAN,BMX
BMX_HUMAN,Bone marrow tyrosine kinase gene in chromosome X protein
BMX_HUMAN,Epithelial and endothelial tyrosine kinase
BMX_HUMAN,ETK
BMX_HUMAN,NTK38
BTK_HUMAN,BTK
BTK_HUMAN,AGMX1
BTK_HUMAN,ATK
BTK_HUMAN,BPK
BTK_HUMAN,Agammaglobulinemia tyrosine kinase
BTK_HUMAN,B-cell progenitor kinase
BTK_HUMAN,Bruton tyrosine kinase
CSF1R_HUMAN,CSF1R
CSF1R_HUMAN,FMS
CSF1R_HUMAN,CSF-1 receptor
CSF1R_HUMAN,CSF-1-R
CSF1R_HUMAN,CSF-1R
CSF1R_HUMAN,M-CSF-R
CSF1R_HUMAN,Proto-oncogene c-Fms
CSF1R_HUMAN,CD antigen CD115
CSK_HUMAN,CSK
CSK_HUMAN,C-Src kinase
CSK_HUMAN,Protein-tyrosine kinase CYL
DDR1_HUMAN,DDR1
DDR1_HUMAN,CAK
DDR1_HUMAN,EDDR1
DDR1_HUMAN,NEP
DDR1_HUMAN,NTRK4
DDR1_HUMAN,PTK3A
DDR1_HUMAN,RTK6
DDR1_HUMAN,TRKE
DDR1_HUMAN,Epithelial discoidin domain receptor 1
DDR1_HUMAN,CD167 antigen-like family member A
DDR1_HUMAN,Cell adhesion kinase
DDR1_HUMAN,Discoidin receptor tyrosine kinase
DDR1_HUMAN,HGK2
DDR1_HUMAN,Mammary carcinoma kinase 10
DDR1_HUMAN,MCK-10
DDR1_HUMAN,Protein-tyrosine kinase 3A
DDR1_HUMAN,Protein-tyrosine kinase RTK-6
DDR1_HUMAN,TRK E
DDR1_HUMAN,Tyrosine kinase DDR
DDR1_HUMAN,Tyrosine-protein kinase CAK
DDR1_HUMAN,CD antigen CD167a
DDR2_HUMAN,DDR2
DDR2_HUMAN,NTRKR3
DDR2_HUMAN,TKT
DDR2_HUMAN,TYRO10
DDR2_HUMAN,Discoidin domain receptor 2
DDR2_HUMAN,CD167 antigen-like family member B
DDR2_HUMAN,Discoidin domain-containing receptor tyrosine kinase 2
DDR2_HUMAN,Neurotrophic tyrosine kinase  receptor-related 3
DDR2_HUMAN,Receptor protein-tyrosine kinase TKT
DDR2_HUMAN,Tyrosine-protein kinase TYRO10
DDR2_HUMAN,CD antigen CD167b
EGFR_HUMAN,EGFR
EGFR_HUMAN,ERBB
EGFR_HUMAN,ERBB1
EGFR_HUMAN,HER1
EGFR_HUMAN,Proto-oncogene c-ErbB-1
EGFR_HUMAN,Receptor tyrosine-protein kinase erbB-1
EPHA1_HUMAN,EPHA1
EPHA1_HUMAN,EPH
EPHA1_HUMAN,EPHT
EPHA1_HUMAN,EPHT1
EPHA1_HUMAN,hEpha1
EPHA1_HUMAN,EPH tyrosine kinase
EPHA1_HUMAN,EPH tyrosine kinase 1
EPHA1_HUMAN,Erythropoietin-producing hepatoma receptor
EPHA1_HUMAN,Tyrosine-protein kinase receptor EPH
EPHAA_HUMAN,EPHA10
EPHA2_HUMAN,EPHA2
EPHA2_HUMAN,ECK
EPHA2_HUMAN,Epithelial cell kinase
EPHA2_HUMAN,Tyrosine-protein kinase receptor ECK
EPHA3_HUMAN,EPHA3
EPHA3_HUMAN,ETK
EPHA3_HUMAN,ETK1
EPHA3_HUMAN,HEK
EPHA3_HUMAN,TYRO4
EPHA3_HUMAN,EPH-like kinase 4
EPHA3_HUMAN,EK4
EPHA3_HUMAN,hEK4
EPHA3_HUMAN,Human embryo kinase
EPHA3_HUMAN,Tyrosine-protein kinase TYRO4
EPHA3_HUMAN,Tyrosine-protein kinase receptor ETK1
EPHA3_HUMAN,Eph-like tyrosine kinase 1
EPHA4_HUMAN,EPHA4
EPHA4_HUMAN,HEK8
EPHA4_HUMAN,SEK
EPHA4_HUMAN,TYRO1
EPHA4_HUMAN,EPH-like kinase 8
EPHA4_HUMAN,EK8
EPHA4_HUMAN,hEK8
EPHA4_HUMAN,Tyrosine-protein kinase TYRO1
EPHA4_HUMAN,Tyrosine-protein kinase receptor SEK
EPHA5_HUMAN,EPHA5
EPHA5_HUMAN,BSK
EPHA5_HUMAN,EHK1
EPHA5_HUMAN,HEK7
EPHA5_HUMAN,TYRO4
EPHA5_HUMAN,Brain-specific kinase
EPHA5_HUMAN,EPH homology kinase 1
EPHA5_HUMAN,EHK-1
EPHA5_HUMAN,EPH-like kinase 7
EPHA5_HUMAN,EK7
EPHA5_HUMAN,hEK7
EPHA6_HUMAN,EPHA6
EPHA6_HUMAN,EHK2
EPHA6_HUMAN,HEK12
EPHA6_HUMAN,EPH homology kinase 2
EPHA6_HUMAN,EHK-2
EPHA6_HUMAN,EPH-like kinase 12
EPHA6_HUMAN,EK12
EPHA7_HUMAN,EPHA7
EPHA7_HUMAN,EHK3
EPHA7_HUMAN,HEK11
EPHA7_HUMAN,EPH homology kinase 3
EPHA7_HUMAN,EHK-3
EPHA7_HUMAN,EPH-like kinase 11
EPHA7_HUMAN,EK11
EPHA7_HUMAN,hEK11
EPHA8_HUMAN,EPHA8
EPHA8_HUMAN,EEK
EPHA8_HUMAN,HEK3
EPHA8_HUMAN,KIAA1459
EPHA8_HUMAN,EPH- and ELK-related kinase
EPHA8_HUMAN,EPH-like kinase 3
EPHA8_HUMAN,EK3
EPHA8_HUMAN,hEK3
EPHA8_HUMAN,Tyrosine-protein kinase receptor EEK
EPHB1_HUMAN,EPHB1
EPHB1_HUMAN,ELK
EPHB1_HUMAN,EPHT2
EPHB1_HUMAN,HEK6
EPHB1_HUMAN,NET
EPHB1_HUMAN,EPH tyrosine kinase 2
EPHB1_HUMAN,EPH-like kinase 6
EPHB1_HUMAN,EK6
EPHB1_HUMAN,hEK6
EPHB1_HUMAN,Neuronally-expressed EPH-related tyrosine kinase
EPHB1_HUMAN,Tyrosine-protein kinase receptor EPH-2
EPHB2_HUMAN,EPHB2
EPHB2_HUMAN,DRT
EPHB2_HUMAN,EPHT3
EPHB2_HUMAN,EPTH3
EPHB2_HUMAN,ERK
EPHB2_HUMAN,HEK5
EPHB2_HUMAN,TYRO5
EPHB2_HUMAN,Developmentally-regulated Eph-related tyrosine kinase
EPHB2_HUMAN,ELK-related tyrosine kinase
EPHB2_HUMAN,EPH tyrosine kinase 3
EPHB2_HUMAN,EPH-like kinase 5
EPHB2_HUMAN,EK5
EPHB2_HUMAN,hEK5
EPHB2_HUMAN,Renal carcinoma antigen NY-REN-47
EPHB2_HUMAN,Tyrosine-protein kinase TYRO5
EPHB2_HUMAN,Tyrosine-protein kinase receptor EPH-3 [Cleaved into: EphB2/CTF1; EphB2/CTF2]
EPHB3_HUMAN,EPHB3
EPHB3_HUMAN,ETK2
EPHB3_HUMAN,HEK2
EPHB3_HUMAN,TYRO6
EPHB3_HUMAN,EPH-like tyrosine kinase 2
EPHB3_HUMAN,EPH-like kinase 2
EPHB3_HUMAN,Embryonic kinase 2
EPHB3_HUMAN,EK2
EPHB3_HUMAN,hEK2
EPHB3_HUMAN,Tyrosine-protein kinase TYRO6
EPHB4_HUMAN,EPHB4
EPHB4_HUMAN,HTK
EPHB4_HUMAN,MYK1
EPHB4_HUMAN,TYRO11
EPHB4_HUMAN,Hepatoma transmembrane kinase
EPHB4_HUMAN,Tyrosine-protein kinase TYRO11
EPHB6_HUMAN,EPHB6
EPHB6_HUMAN,HEP
EPHB6_HUMAN,Tyrosine-protein kinase-defective receptor EPH-6
ERBB2_HUMAN,ERBB2
ERBB2_HUMAN,HER2
ERBB2_HUMAN,MLN19
ERBB2_HUMAN,NEU
ERBB2_HUMAN,NGL
ERBB2_HUMAN,Metastatic lymph node gene 19 protein
ERBB2_HUMAN,MLN 19
ERBB2_HUMAN,Proto-oncogene Neu
ERBB2_HUMAN,Proto-oncogene c-ErbB-2
ERBB2_HUMAN,Tyrosine kinase-type cell surface receptor HER2
ERBB2_HUMAN,p185erbB2
ERBB2_HUMAN,CD antigen CD340
ERBB3_HUMAN,ERBB3
ERBB3_HUMAN,HER3
ERBB3_HUMAN,Proto-oncogene-like protein c-ErbB-3
ERBB3_HUMAN,Tyrosine kinase-type cell surface receptor HER3
ERBB4_HUMAN,ERBB4
ERBB4_HUMAN,HER4
ERBB4_HUMAN,Proto-oncogene-like protein c-ErbB-4
ERBB4_HUMAN,Tyrosine kinase-type cell surface receptor HER4
ERBB4_HUMAN,p180erbB4 [Cleaved into: ERBB4 intracellular domain
ERBB4_HUMAN,4ICD
ERBB4_HUMAN,E4ICD
ERBB4_HUMAN,s80HER4]
FER_HUMAN,FER
FER_HUMAN,TYK3
FER_HUMAN,Feline encephalitis virus-related kinase FER
FER_HUMAN,Fujinami poultry sarcoma/Feline sarcoma-related protein Fer
FER_HUMAN,Proto-oncogene c-Fer
FER_HUMAN,Tyrosine kinase 3
FER_HUMAN,p94-Fer
FES_HUMAN,FES
FES_HUMAN,FPS
FES_HUMAN,Feline sarcoma/Fujinami avian sarcoma oncogene homolog
FES_HUMAN,Proto-oncogene c-Fes
FES_HUMAN,Proto-oncogene c-Fps
FES_HUMAN,p93c-fes
FGFR1_HUMAN,FGFR1
FGFR1_HUMAN,BFGFR
FGFR1_HUMAN,CEK
FGFR1_HUMAN,FGFBR
FGFR1_HUMAN,FLG
FGFR1_HUMAN,FLT2
FGFR1_HUMAN,HBGFR
FGFR1_HUMAN,FGFR-1
FGFR1_HUMAN,Basic fibroblast growth factor receptor 1
FGFR1_HUMAN,bFGF-R-1
FGFR1_HUMAN,Fms-like tyrosine kinase 2
FGFR1_HUMAN,FLT-2
FGFR1_HUMAN,N-sam
FGFR1_HUMAN,Proto-oncogene c-Fgr
FGFR1_HUMAN,CD antigen CD331
FGFR2_HUMAN,FGFR2
FGFR2_HUMAN,BEK
FGFR2_HUMAN,KGFR
FGFR2_HUMAN,KSAM
FGFR2_HUMAN,FGFR-2
FGFR2_HUMAN,K-sam
FGFR2_HUMAN,Keratinocyte growth factor receptor
FGFR2_HUMAN,CD antigen CD332
FGFR3_HUMAN,FGFR3
FGFR3_HUMAN,JTK4
FGFR3_HUMAN,FGFR-3
FGFR3_HUMAN,CD antigen CD333
FGFR4_HUMAN,FGFR4
FGFR4_HUMAN,JTK2
FGFR4_HUMAN,TKF
FGFR4_HUMAN,FGFR-4
FGFR4_HUMAN,CD antigen CD334
FGR_HUMAN,FGR
FGR_HUMAN,SRC2
FGR_HUMAN,Gardner-Rasheed feline sarcoma viral
FGR_HUMAN,v-fgr oncogene homolog
FGR_HUMAN,Proto-oncogene c-Fgr
FGR_HUMAN,p55-Fgr
FGR_HUMAN,p58-Fgr
FGR_HUMAN,p58c-Fgr
VGFR1_HUMAN,FLT1
VGFR1_HUMAN,FLT
VGFR1_HUMAN,FRT
VGFR1_HUMAN,VEGFR1
VGFR1_HUMAN,VEGFR-1
VGFR1_HUMAN,Fms-like tyrosine kinase 1
VGFR1_HUMAN,FLT-1
VGFR1_HUMAN,Tyrosine-protein kinase FRT
VGFR1_HUMAN,Tyrosine-protein kinase receptor FLT
VGFR1_HUMAN,Vascular permeability factor receptor
FLT3_HUMAN,FLT3
FLT3_HUMAN,CD135
FLT3_HUMAN,FLK2
FLT3_HUMAN,STK1
FLT3_HUMAN,FL cytokine receptor
FLT3_HUMAN,Fetal liver kinase-2
FLT3_HUMAN,FLK-2
FLT3_HUMAN,Fms-like tyrosine kinase 3
FLT3_HUMAN,FLT-3
FLT3_HUMAN,Stem cell tyrosine kinase 1
FLT3_HUMAN,STK-1
FLT3_HUMAN,CD antigen CD135
VGFR3_HUMAN,FLT4
VGFR3_HUMAN,VEGFR3
VGFR3_HUMAN,VEGFR-3
VGFR3_HUMAN,Fms-like tyrosine kinase 4
VGFR3_HUMAN,FLT-4
VGFR3_HUMAN,Tyrosine-protein kinase receptor FLT4
FRK_HUMAN,FRK
FRK_HUMAN,PTK5
FRK_HUMAN,RAK
FRK_HUMAN,FYN-related kinase
FRK_HUMAN,Nuclear tyrosine protein kinase RAK
FRK_HUMAN,Protein-tyrosine kinase 5
FYN_HUMAN,FYN
FYN_HUMAN,Proto-oncogene Syn
FYN_HUMAN,Proto-oncogene c-Fyn
FYN_HUMAN,Src-like kinase
FYN_HUMAN,SLK
FYN_HUMAN,p59-Fyn
HCK_HUMAN,HCK
HCK_HUMAN,Hematopoietic cell kinase
HCK_HUMAN,Hemopoietic cell kinase
HCK_HUMAN,p59-HCK/p60-HCK
HCK_HUMAN,p59Hck
HCK_HUMAN,p61Hck
IGF1R_HUMAN,IGF1R
IGF1R_HUMAN,Insulin-like growth factor I receptor
IGF1R_HUMAN,IGF-I receptor
IGF1R_HUMAN,CD antigen CD221 [Cleaved into: Insulin-like growth factor 1 receptor alpha chain; Insulin-like growth factor 1 receptor beta chain]
INSR_HUMAN,INSR
INSR_HUMAN,IR
INSR_HUMAN,CD antigen CD220 [Cleaved into: Insulin receptor subunit alpha; Insulin receptor subunit beta]
INSRR_HUMAN,INSRR
INSRR_HUMAN,IRR
INSRR_HUMAN,IR-related receptor [Cleaved into: Insulin receptor-related protein alpha chain; Insulin receptor-related protein beta chain]
ITK_HUMAN,ITK
ITK_HUMAN,EMT
ITK_HUMAN,LYK
ITK_HUMAN,Interleukin-2-inducible T-cell kinase
ITK_HUMAN,IL-2-inducible T-cell kinase
ITK_HUMAN,Kinase EMT
ITK_HUMAN,T-cell-specific kinase
ITK_HUMAN,Tyrosine-protein kinase Lyk
JAK1_HUMAN,JAK1
JAK1_HUMAN,JAK1A
JAK1_HUMAN,JAK1B
JAK1_HUMAN,Janus kinase 1
JAK1_HUMAN,JAK-1
JAK2_HUMAN,JAK2
JAK2_HUMAN,Janus kinase 2
JAK2_HUMAN,JAK-2
JAK3_HUMAN,JAK3
JAK3_HUMAN,Janus kinase 3
JAK3_HUMAN,JAK-3
JAK3_HUMAN,Leukocyte janus kinase
JAK3_HUMAN,L-JAK
VGFR2_HUMAN,KDR
VGFR2_HUMAN,FLK1
VGFR2_HUMAN,VEGFR2
VGFR2_HUMAN,VEGFR-2
VGFR2_HUMAN,Fetal liver kinase 1
VGFR2_HUMAN,FLK-1
VGFR2_HUMAN,Kinase insert domain receptor
VGFR2_HUMAN,Protein-tyrosine kinase receptor flk-1
VGFR2_HUMAN,CD antigen CD309
KIT_HUMAN,KIT
KIT_HUMAN,SCFR
KIT_HUMAN,Piebald trait protein
KIT_HUMAN,PBT
KIT_HUMAN,Proto-oncogene c-Kit
KIT_HUMAN,Tyrosine-protein kinase Kit
KIT_HUMAN,p145 c-kit
KIT_HUMAN,v-kit Hardy-Zuckerman 4 feline sarcoma viral oncogene homolog
KIT_HUMAN,CD antigen CD117
LCK_HUMAN,LCK
LCK_HUMAN,Leukocyte C-terminal Src kinase
LCK_HUMAN,LSK
LCK_HUMAN,Lymphocyte cell-specific protein-tyrosine kinase
LCK_HUMAN,Protein YT16
LCK_HUMAN,Proto-oncogene Lck
LCK_HUMAN,T cell-specific protein-tyrosine kinase
LCK_HUMAN,p56-LCK
TIP_SHV2C,UNAVAILABLE
TIP_SHV2C,Tip
TIP_SHV24,UNAVAILABLE
TIP_SHV24,Tip
TIP_SHV48,UNAVAILABLE
TIP_SHV48,Tip
TIP_SHV48,TipC484
LMTK2_HUMAN,LMTK2
LMTK2_HUMAN,AATYK2
LMTK2_HUMAN,BREK
LMTK2_HUMAN,KIAA1079
LMTK2_HUMAN,KPI2
LMTK2_HUMAN,LMR2
LMTK2_HUMAN,Apoptosis-associated tyrosine kinase 2
LMTK2_HUMAN,Brain-enriched kinase
LMTK2_HUMAN,hBREK
LMTK2_HUMAN,CDK5/p35-regulated kinase
LMTK2_HUMAN,CPRK
LMTK2_HUMAN,Kinase/phosphatase/inhibitor 2
LMTK2_HUMAN,Lemur tyrosine kinase 2
LMTK2_HUMAN,Serine/threonine-protein kinase KPI-2
LMTK3_HUMAN,LMTK3
LMTK3_HUMAN,KIAA1883
LMTK3_HUMAN,TYKLM3
LMTK3_HUMAN,Lemur tyrosine kinase 3
LTK_HUMAN,LTK
LTK_HUMAN,TYK1
LTK_HUMAN,Protein tyrosine kinase 1
GP_NYV,GP
GP_NYV,M polyprotein [Cleaved into: Glycoprotein N
GP_NYV,Gn
GP_NYV,Glycoprotein G1; Glycoprotein C
GP_NYV,Gc
GP_NYV,Glycoprotein G2]
LYN_HUMAN,LYN
LYN_HUMAN,JTK8
LYN_HUMAN,Lck/Yes-related novel protein tyrosine kinase
LYN_HUMAN,V-yes-1 Yamaguchi sarcoma viral related oncogene homolog
LYN_HUMAN,p53Lyn
LYN_HUMAN,p56Lyn
MATK_HUMAN,MATK
MATK_HUMAN,CTK
MATK_HUMAN,HYL
MATK_HUMAN,CSK homologous kinase
MATK_HUMAN,CHK
MATK_HUMAN,Hematopoietic consensus tyrosine-lacking kinase
MATK_HUMAN,Protein kinase HYL
MATK_HUMAN,Tyrosine-protein kinase CTK
MERTK_HUMAN,MERTK
MERTK_HUMAN,MER
MERTK_HUMAN,Proto-oncogene c-Mer
MERTK_HUMAN,Receptor tyrosine kinase MerTK
MET_HUMAN,MET
MET_HUMAN,HGF receptor
MET_HUMAN,HGF/SF receptor
MET_HUMAN,Proto-oncogene c-Met
MET_HUMAN,Scatter factor receptor
MET_HUMAN,SF receptor
MET_HUMAN,Tyrosine-protein kinase Met
RON_HUMAN,MST1R
RON_HUMAN,PTK8
RON_HUMAN,RON
RON_HUMAN,MSP receptor
RON_HUMAN,CDw136
RON_HUMAN,Protein-tyrosine kinase 8
RON_HUMAN,p185-Ron
RON_HUMAN,CD antigen CD136 [Cleaved into: Macrophage-stimulating protein receptor alpha chain; Macrophage-stimulating protein receptor beta chain]
MUSK_HUMAN,MUSK
MUSK_HUMAN,Muscle-specific tyrosine-protein kinase receptor
MUSK_HUMAN,MuSK
MUSK_HUMAN,Muscle-specific kinase receptor
NTRK1_HUMAN,NTRK1
NTRK1_HUMAN,MTC
NTRK1_HUMAN,TRK
NTRK1_HUMAN,TRKA
NTRK1_HUMAN,Neurotrophic tyrosine kinase receptor type 1
NTRK1_HUMAN,TRK1-transforming tyrosine kinase protein
NTRK1_HUMAN,Tropomyosin-related kinase A
NTRK1_HUMAN,Tyrosine kinase receptor
NTRK1_HUMAN,Tyrosine kinase receptor A
NTRK1_HUMAN,Trk-A
NTRK1_HUMAN,gp140trk
NTRK1_HUMAN,p140-TrkA
NTRK2_HUMAN,NTRK2
NTRK2_HUMAN,TRKB
NTRK2_HUMAN,GP145-TrkB
NTRK2_HUMAN,Trk-B
NTRK2_HUMAN,Neurotrophic tyrosine kinase receptor type 2
NTRK2_HUMAN,TrkB tyrosine kinase
NTRK2_HUMAN,Tropomyosin-related kinase B
NTRK3_HUMAN,NTRK3
NTRK3_HUMAN,TRKC
NTRK3_HUMAN,GP145-TrkC
NTRK3_HUMAN,Trk-C
NTRK3_HUMAN,Neurotrophic tyrosine kinase receptor type 3
NTRK3_HUMAN,TrkC tyrosine kinase
PGFRA_HUMAN,PDGFRA
PGFRA_HUMAN,PDGFR2
PGFRA_HUMAN,RHEPDGFRA
PGFRA_HUMAN,PDGF-R-alpha
PGFRA_HUMAN,PDGFR-alpha
PGFRA_HUMAN,Alpha platelet-derived growth factor receptor
PGFRA_HUMAN,Alpha-type platelet-derived growth factor receptor
PGFRA_HUMAN,CD140 antigen-like family member A
PGFRA_HUMAN,CD140a antigen
PGFRA_HUMAN,Platelet-derived growth factor alpha receptor
PGFRA_HUMAN,Platelet-derived growth factor receptor 2
PGFRA_HUMAN,PDGFR-2
PGFRA_HUMAN,CD antigen CD140a
PGFRB_HUMAN,PDGFRB
PGFRB_HUMAN,PDGFR
PGFRB_HUMAN,PDGFR1
PGFRB_HUMAN,PDGF-R-beta
PGFRB_HUMAN,PDGFR-beta
PGFRB_HUMAN,Beta platelet-derived growth factor receptor
PGFRB_HUMAN,Beta-type platelet-derived growth factor receptor
PGFRB_HUMAN,CD140 antigen-like family member B
PGFRB_HUMAN,Platelet-derived growth factor receptor 1
PGFRB_HUMAN,PDGFR-1
PGFRB_HUMAN,CD antigen CD140b
FAK1_HUMAN,PTK2
FAK1_HUMAN,FAK
FAK1_HUMAN,FAK1
FAK1_HUMAN,FADK 1
FAK1_HUMAN,Focal adhesion kinase-related nonkinase
FAK1_HUMAN,FRNK
FAK1_HUMAN,Protein phosphatase 1 regulatory subunit 71
FAK1_HUMAN,PPP1R71
FAK1_HUMAN,Protein-tyrosine kinase 2
FAK1_HUMAN,p125FAK
FAK1_HUMAN,pp125FAK
FAK2_HUMAN,PTK2B
FAK2_HUMAN,FAK2
FAK2_HUMAN,PYK2
FAK2_HUMAN,RAFTK
FAK2_HUMAN,Calcium-dependent tyrosine kinase
FAK2_HUMAN,CADTK
FAK2_HUMAN,Calcium-regulated non-receptor proline-rich tyrosine kinase
FAK2_HUMAN,Cell adhesion kinase beta
FAK2_HUMAN,CAK-beta
FAK2_HUMAN,CAKB
FAK2_HUMAN,Focal adhesion kinase 2
FAK2_HUMAN,FADK 2
FAK2_HUMAN,Proline-rich tyrosine kinase 2
FAK2_HUMAN,Related adhesion focal tyrosine kinase
PTK6_HUMAN,PTK6
PTK6_HUMAN,BRK
PTK6_HUMAN,Breast tumor kinase
PTK6_HUMAN,Tyrosine-protein kinase BRK
PTK7_HUMAN,PTK7
PTK7_HUMAN,CCK4
PTK7_HUMAN,Colon carcinoma kinase 4
PTK7_HUMAN,CCK-4
PTK7_HUMAN,Protein-tyrosine kinase 7
PTK7_HUMAN,Pseudo tyrosine kinase receptor 7
PTK7_HUMAN,Tyrosine-protein kinase-like 7
RET_HUMAN,RET
RET_HUMAN,CDHF12
RET_HUMAN,CDHR16
RET_HUMAN,PTC
RET_HUMAN,RET51
RET_HUMAN,Cadherin family member 12
RET_HUMAN,Proto-oncogene c-Ret [Cleaved into: Soluble RET kinase fragment; Extracellular cell-membrane anchored RET cadherin 120 kDa fragment]
ROR1_HUMAN,ROR1
ROR1_HUMAN,NTRKR1
ROR1_HUMAN,Neurotrophic tyrosine kinase  receptor-related 1
ROR2_HUMAN,ROR2
ROR2_HUMAN,NTRKR2
ROR2_HUMAN,Neurotrophic tyrosine kinase  receptor-related 2
RORA_HUMAN,RORA
RORA_HUMAN,NR1F1
RORA_HUMAN,RZRA
RORA_HUMAN,Nuclear receptor RZR-alpha
RORA_HUMAN,Nuclear receptor subfamily 1 group F member 1
RORA_HUMAN,RAR-related orphan receptor A
RORA_HUMAN,Retinoid-related orphan receptor-alpha
ROS1_HUMAN,ROS1
ROS1_HUMAN,MCF3
ROS1_HUMAN,ROS
ROS1_HUMAN,Proto-oncogene c-Ros
ROS1_HUMAN,Proto-oncogene c-Ros-1
ROS1_HUMAN,Receptor tyrosine kinase c-ros oncogene 1
ROS1_HUMAN,c-Ros receptor tyrosine kinase
RYK_HUMAN,RYK
RYK_HUMAN,JTK5A
SRC_HUMAN,SRC
SRC_HUMAN,SRC1
SRC_HUMAN,Proto-oncogene c-Src
SRC_HUMAN,pp60c-src
SRC_HUMAN,p60-Src
SRMS_HUMAN,SRMS
SRMS_HUMAN,C20orf148
STYK1_HUMAN,STYK1
STYK1_HUMAN,NOK
STYK1_HUMAN,Novel oncogene with kinase domain
STYK1_HUMAN,Protein PK-unique
STYK1_HUMAN,Serine/threonine/tyrosine kinase 1
KSYK_HUMAN,SYK
KSYK_HUMAN,Spleen tyrosine kinase
KSYK_HUMAN,p72-Syk
TEC_HUMAN,TEC
TEC_HUMAN,PSCTK4
TIE2_HUMAN,TEK
TIE2_HUMAN,TIE2
TIE2_HUMAN,VMCM
TIE2_HUMAN,VMCM1
TIE2_HUMAN,Endothelial tyrosine kinase
TIE2_HUMAN,Tunica interna endothelial cell kinase
TIE2_HUMAN,Tyrosine kinase with Ig and EGF homology domains-2
TIE2_HUMAN,Tyrosine-protein kinase receptor TEK
TIE2_HUMAN,Tyrosine-protein kinase receptor TIE-2
TIE2_HUMAN,hTIE2
TIE2_HUMAN,p140 TEK
TIE2_HUMAN,CD antigen CD202b
TIE1_HUMAN,TIE1
TIE1_HUMAN,TIE
TNKS1_HUMAN,TNKS
TNKS1_HUMAN,PARP5A
TNKS1_HUMAN,PARPL
TNKS1_HUMAN,TIN1
TNKS1_HUMAN,TINF1
TNKS1_HUMAN,TNKS1
TNKS1_HUMAN,ADP-ribosyltransferase diphtheria toxin-like 5
TNKS1_HUMAN,ARTD5
TNKS1_HUMAN,Poly [ADP-ribose] polymerase 5A
TNKS1_HUMAN,Protein poly-ADP-ribosyltransferase tankyrase-1
TNKS1_HUMAN,TNKS-1
TNKS1_HUMAN,TRF1-interacting ankyrin-related ADP-ribose polymerase
TNKS1_HUMAN,Tankyrase I
TNKS1_HUMAN,Tankyrase-1
TNKS1_HUMAN,TANK1
TNK1_HUMAN,TNK1
TNK1_HUMAN,CD38 negative kinase 1
ACK1_HUMAN,TNK2
ACK1_HUMAN,ACK1
ACK1_HUMAN,ACK-1
ACK1_HUMAN,Tyrosine kinase non-receptor protein 2
TXK_HUMAN,TXK
TXK_HUMAN,PTK4
TXK_HUMAN,RLK
TXK_HUMAN,Protein-tyrosine kinase 4
TXK_HUMAN,Resting lymphocyte kinase
TYK2_HUMAN,TYK2
TYRO3_HUMAN,TYRO3
TYRO3_HUMAN,BYK
TYRO3_HUMAN,DTK
TYRO3_HUMAN,RSE
TYRO3_HUMAN,SKY
TYRO3_HUMAN,TIF
TYRO3_HUMAN,Tyrosine-protein kinase BYK
TYRO3_HUMAN,Tyrosine-protein kinase DTK
TYRO3_HUMAN,Tyrosine-protein kinase RSE
TYRO3_HUMAN,Tyrosine-protein kinase SKY
TYRO3_HUMAN,Tyrosine-protein kinase TIF
YES_HUMAN,YES1
YES_HUMAN,YES
YES_HUMAN,Proto-oncogene c-Yes
YES_HUMAN,p61-Yes
ZAP70_HUMAN,ZAP70
ZAP70_HUMAN,SRK
ZAP70_HUMAN,70 kDa zeta-chain associated protein
ZAP70_HUMAN,Syk-related tyrosine kinase
AAK1_HUMAN,AAK1
AAK1_HUMAN,KIAA1048
AAK1_HUMAN,Adaptor-associated kinase 1
AURKA_HUMAN,AURKA
AURKA_HUMAN,AIK
AURKA_HUMAN,AIRK1
AURKA_HUMAN,ARK1
AURKA_HUMAN,AURA
AURKA_HUMAN,AYK1
AURKA_HUMAN,BTAK
AURKA_HUMAN,IAK1
AURKA_HUMAN,STK15
AURKA_HUMAN,STK6
AURKA_HUMAN,Aurora 2
AURKA_HUMAN,Aurora/IPL1-related kinase 1
AURKA_HUMAN,ARK-1
AURKA_HUMAN,Aurora-related kinase 1
AURKA_HUMAN,hARK1
AURKA_HUMAN,Breast tumor-amplified kinase
AURKA_HUMAN,Serine/threonine-protein kinase 15
AURKA_HUMAN,Serine/threonine-protein kinase 6
AURKA_HUMAN,Serine/threonine-protein kinase aurora-A
AURKB_HUMAN,AURKB
AURKB_HUMAN,AIK2
AURKB_HUMAN,AIM1
AURKB_HUMAN,AIRK2
AURKB_HUMAN,ARK2
AURKB_HUMAN,STK1
AURKB_HUMAN,STK12
AURKB_HUMAN,STK5
AURKB_HUMAN,Aurora 1
AURKB_HUMAN,Aurora- and IPL1-like midbody-associated protein 1
AURKB_HUMAN,AIM-1
AURKB_HUMAN,Aurora/IPL1-related kinase 2
AURKB_HUMAN,ARK-2
AURKB_HUMAN,Aurora-related kinase 2
AURKB_HUMAN,STK-1
AURKB_HUMAN,Serine/threonine-protein kinase 12
AURKB_HUMAN,Serine/threonine-protein kinase 5
AURKB_HUMAN,Serine/threonine-protein kinase aurora-B
AURKC_HUMAN,AURKC
AURKC_HUMAN,AIE2
AURKC_HUMAN,AIK3
AURKC_HUMAN,AIRK3
AURKC_HUMAN,ARK3
AURKC_HUMAN,STK13
AURKC_HUMAN,Aurora 3
AURKC_HUMAN,Aurora/IPL1-related kinase 3
AURKC_HUMAN,ARK-3
AURKC_HUMAN,Aurora-related kinase 3
AURKC_HUMAN,Aurora/IPL1/Eg2 protein 2
AURKC_HUMAN,Serine/threonine-protein kinase 13
AURKC_HUMAN,Serine/threonine-protein kinase aurora-C
BMP2K_HUMAN,BMP2K
BMP2K_HUMAN,BIKE
BMP2K_HUMAN,HRIHFB2017
BMP2K_HUMAN,BIKe
BUB1_HUMAN,BUB1
BUB1_HUMAN,BUB1L
BUB1_HUMAN,hBUB1
BUB1_HUMAN,BUB1A
BUB1B_HUMAN,BUB1B
BUB1B_HUMAN,BUBR1
BUB1B_HUMAN,MAD3L
BUB1B_HUMAN,SSK1
BUB1B_HUMAN,MAD3/BUB1-related protein kinase
BUB1B_HUMAN,hBUBR1
BUB1B_HUMAN,Mitotic checkpoint kinase MAD3L
BUB1B_HUMAN,Protein SSK1
KKCC1_HUMAN,CAMKK1
KKCC1_HUMAN,CAMKKA
KKCC1_HUMAN,CaM-KK 1
KKCC1_HUMAN,CaM-kinase kinase 1
KKCC1_HUMAN,CaMKK 1
KKCC1_HUMAN,CaM-kinase IV kinase
KKCC1_HUMAN,Calcium/calmodulin-dependent protein kinase kinase alpha
KKCC1_HUMAN,CaM-KK alpha
KKCC1_HUMAN,CaM-kinase kinase alpha
KKCC1_HUMAN,CaMKK alpha
KKCC2_HUMAN,CAMKK2
KKCC2_HUMAN,CAMKKB
KKCC2_HUMAN,KIAA0787
KKCC2_HUMAN,CaM-KK 2
KKCC2_HUMAN,CaM-kinase kinase 2
KKCC2_HUMAN,CaMKK 2
KKCC2_HUMAN,Calcium/calmodulin-dependent protein kinase kinase beta
KKCC2_HUMAN,CaM-KK beta
KKCC2_HUMAN,CaM-kinase kinase beta
KKCC2_HUMAN,CaMKK beta
CDC7_HUMAN,CDC7
CDC7_HUMAN,CDC7L1
CDC7_HUMAN,CDC7-related kinase
CDC7_HUMAN,HsCdc7
CDC7_HUMAN,huCdc7
IKKA_HUMAN,CHUK
IKKA_HUMAN,IKKA
IKKA_HUMAN,TCF16
IKKA_HUMAN,I-kappa-B kinase alpha
IKKA_HUMAN,IKK-A
IKKA_HUMAN,IKK-alpha
IKKA_HUMAN,IkBKA
IKKA_HUMAN,IkappaB kinase
IKKA_HUMAN,Conserved helix-loop-helix ubiquitous kinase
IKKA_HUMAN,I-kappa-B kinase 1
IKKA_HUMAN,IKK1
IKKA_HUMAN,Nuclear factor NF-kappa-B inhibitor kinase alpha
IKKA_HUMAN,NFKBIKA
IKKA_HUMAN,Transcription factor 16
IKKA_HUMAN,TCF-16
CSK21_HUMAN,CSNK2A1
CSK21_HUMAN,CK2A1
CSK21_HUMAN,CK II alpha
CSK22_HUMAN,CSNK2A2
CSK22_HUMAN,CK2A2
CSK22_HUMAN,CK II alpha'
CSK23_HUMAN,CSNK2A3
CSK23_HUMAN,CSNK2A1P
CSK23_HUMAN,CK II alpha 3
CSK23_HUMAN,Casein kinase II alpha 1 polypeptide pseudogene
DUSTY_HUMAN,DSTYK
DUSTY_HUMAN,KIAA0472
DUSTY_HUMAN,RIP5
DUSTY_HUMAN,RIPK5
DUSTY_HUMAN,SGK496
DUSTY_HUMAN,HDCMD38P
DUSTY_HUMAN,Dusty protein kinase
DUSTY_HUMAN,Dusty PK
DUSTY_HUMAN,RIP-homologous kinase
DUSTY_HUMAN,Receptor-interacting serine/threonine-protein kinase 5
DUSTY_HUMAN,Sugen kinase 496
DUSTY_HUMAN,SgK496
E2AK1_HUMAN,EIF2AK1
E2AK1_HUMAN,HRI
E2AK1_HUMAN,KIAA1369
E2AK1_HUMAN,PRO1362
E2AK1_HUMAN,Heme-controlled repressor
E2AK1_HUMAN,HCR
E2AK1_HUMAN,Heme-regulated eukaryotic initiation factor eIF-2-alpha kinase
E2AK1_HUMAN,Heme-regulated inhibitor
E2AK1_HUMAN,Hemin-sensitive initiation factor 2-alpha kinase
E2AK2_HUMAN,EIF2AK2
E2AK2_HUMAN,PKR
E2AK2_HUMAN,PRKR
E2AK2_HUMAN,Eukaryotic translation initiation factor 2-alpha kinase 2
E2AK2_HUMAN,eIF-2A protein kinase 2
E2AK2_HUMAN,Interferon-inducible RNA-dependent protein kinase
E2AK2_HUMAN,P1/eIF-2A protein kinase
E2AK2_HUMAN,Protein kinase RNA-activated
E2AK2_HUMAN,Protein kinase R
E2AK2_HUMAN,Tyrosine-protein kinase EIF2AK2
E2AK2_HUMAN,p68 kinase
E2AK3_HUMAN,EIF2AK3
E2AK3_HUMAN,PEK
E2AK3_HUMAN,PERK
E2AK3_HUMAN,PRKR-like endoplasmic reticulum kinase
E2AK3_HUMAN,Pancreatic eIF2-alpha kinase
E2AK3_HUMAN,HsPEK
E2AK4_HUMAN,EIF2AK4
E2AK4_HUMAN,GCN2
E2AK4_HUMAN,KIAA1338
E2AK4_HUMAN,Eukaryotic translation initiation factor 2-alpha kinase 4
E2AK4_HUMAN,GCN2-like protein
ERN1_HUMAN,ERN1
ERN1_HUMAN,IRE1
ERN1_HUMAN,Endoplasmic reticulum-to-nucleus signaling 1
ERN1_HUMAN,Inositol-requiring protein 1
ERN1_HUMAN,hIRE1p
ERN1_HUMAN,Ire1-alpha
ERN1_HUMAN,IRE1a
ERN2_HUMAN,ERN2
ERN2_HUMAN,IRE2
ERN2_HUMAN,Endoplasmic reticulum-to-nucleus signaling 2
ERN2_HUMAN,Inositol-requiring protein 2
ERN2_HUMAN,hIRE2p
ERN2_HUMAN,Ire1-beta
ERN2_HUMAN,IRE1b
GAK_HUMAN,GAK
HASP_HUMAN,HASPIN
HASP_HUMAN,GSG2
HASP_HUMAN,Germ cell-specific gene 2 protein
HASP_HUMAN,H-haspin
HASP_HUMAN,Haploid germ cell-specific nuclear protein kinase
IKKB_HUMAN,IKBKB
IKKB_HUMAN,IKKB
IKKB_HUMAN,I-kappa-B-kinase beta
IKKB_HUMAN,IKK-B
IKKB_HUMAN,IKK-beta
IKKB_HUMAN,IkBKB
IKKB_HUMAN,I-kappa-B kinase 2
IKKB_HUMAN,IKK2
IKKB_HUMAN,Nuclear factor NF-kappa-B inhibitor kinase beta
IKKB_HUMAN,NFKBIKB
IKKE_HUMAN,IKBKE
IKKE_HUMAN,IKKE
IKKE_HUMAN,IKKI
IKKE_HUMAN,KIAA0151
IKKE_HUMAN,I-kappa-B kinase epsilon
IKKE_HUMAN,IKK-E
IKKE_HUMAN,IKK-epsilon
IKKE_HUMAN,IkBKE
IKKE_HUMAN,Inducible I kappa-B kinase
IKKE_HUMAN,IKK-i
MLKL_HUMAN,MLKL
MLKL_HUMAN,hMLKL
MOS_HUMAN,MOS
MOS_HUMAN,Oocyte maturation factor mos
MOS_HUMAN,Proto-oncogene c-Mos
NRBP_HUMAN,NRBP1
NRBP_HUMAN,BCON3
NRBP_HUMAN,NRBP
NRBP2_HUMAN,NRBP2
NRBP2_HUMAN,PP9320
NRBP2_HUMAN,TRG16
NRBP2_HUMAN,Transformation-related gene 16 protein
NRBP2_HUMAN,TRG-16
PAN3_HUMAN,PAN3
PAN3_HUMAN,PAB1P-dependent poly
PAN3_HUMAN,A-specific ribonuclease
PAN3_HUMAN,Poly
PAN3_HUMAN,A-nuclease deadenylation complex subunit 3
PAN3_HUMAN,PAN deadenylation complex subunit 3
PANX3_HUMAN,PANX3
PDK1L_HUMAN,PDIK1L
PDK1L_HUMAN,CLIK1L
PDK1L_HUMAN,PDLIM1-interacting kinase 1-like
PEAK1_HUMAN,PEAK1
PEAK1_HUMAN,KIAA2002
PEAK1_HUMAN,Pseudopodium-enriched atypical kinase 1
PEAK1_HUMAN,Sugen kinase 269
PEAK1_HUMAN,Tyrosine-protein kinase SgK269
PI3R4_HUMAN,PIK3R4
PI3R4_HUMAN,VPS15
PI3R4_HUMAN,PI3-kinase regulatory subunit 4
PI3R4_HUMAN,PI3-kinase p150 subunit
PI3R4_HUMAN,Phosphoinositide 3-kinase adaptor protein
PINK1_HUMAN,PINK1
PINK1_HUMAN,BRPK
PINK1_HUMAN,PTEN-induced putative kinase protein 1
PKDCC_HUMAN,PKDCC
PKDCC_HUMAN,SGK493
PKDCC_HUMAN,VLK
PKDCC_HUMAN,Protein kinase domain-containing protein  cytoplasmic
PKDCC_HUMAN,Protein kinase-like protein SgK493
PKDCC_HUMAN,Sugen kinase 493
PKDCC_HUMAN,Vertebrate lonesome kinase
PMYT1_HUMAN,PKMYT1
PMYT1_HUMAN,MYT1
PMYT1_HUMAN,Myt1 kinase
PLK1_HUMAN,PLK1
PLK1_HUMAN,PLK
PLK1_HUMAN,Polo-like kinase 1
PLK1_HUMAN,PLK-1
PLK1_HUMAN,Serine/threonine-protein kinase 13
PLK1_HUMAN,STPK13
PLK2_HUMAN,PLK2
PLK2_HUMAN,SNK
PLK2_HUMAN,Polo-like kinase 2
PLK2_HUMAN,PLK-2
PLK2_HUMAN,hPlk2
PLK2_HUMAN,Serine/threonine-protein kinase SNK
PLK2_HUMAN,hSNK
PLK2_HUMAN,Serum-inducible kinase
PLK3_HUMAN,PLK3
PLK3_HUMAN,CNK
PLK3_HUMAN,FNK
PLK3_HUMAN,PRK
PLK3_HUMAN,Cytokine-inducible serine/threonine-protein kinase
PLK3_HUMAN,FGF-inducible kinase
PLK3_HUMAN,Polo-like kinase 3
PLK3_HUMAN,PLK-3
PLK3_HUMAN,Proliferation-related kinase
PLK4_HUMAN,PLK4
PLK4_HUMAN,SAK
PLK4_HUMAN,STK18
PLK4_HUMAN,Polo-like kinase 4
PLK4_HUMAN,PLK-4
PLK4_HUMAN,Serine/threonine-protein kinase 18
PLK4_HUMAN,Serine/threonine-protein kinase Sak
PLK5_HUMAN,PLK5
PLK5_HUMAN,PLK5P
PLK5_HUMAN,FG060302
PLK5_HUMAN,Polo-like kinase 5
PLK5_HUMAN,PLK-5
SG196_HUMAN,POMK
SG196_HUMAN,SGK196
SG196_HUMAN,Protein kinase-like protein SgK196
SG196_HUMAN,Sugen kinase 196
PRAG1_HUMAN,PRAG1
PRAG1_HUMAN,SGK223
PRAG1_HUMAN,PEAK1-related kinase-activating pseudokinase 1
PRAG1_HUMAN,Pragmin
PRAG1_HUMAN,Sugen kinase 223
PRAG1_HUMAN,SgK223
PXK_HUMAN,PXK
PXK_HUMAN,Modulator of Na K-ATPase
PXK_HUMAN,MONaKA
RN5A_HUMAN,RNASEL
RN5A_HUMAN,RNS4
RN5A_HUMAN,2-5A-dependent RNase
RN5A_HUMAN,Ribonuclease 4
RN5A_HUMAN,Ribonuclease L
RN5A_HUMAN,RNase L
KS6C1_HUMAN,RPS6KC1
KS6C1_HUMAN,RPK118
KS6C1_HUMAN,S6K-delta-1
KS6C1_HUMAN,52 kDa ribosomal protein S6 kinase
KS6C1_HUMAN,Ribosomal S6 kinase-like protein with two PSK domains 118 kDa protein
KS6C1_HUMAN,SPHK1-binding protein
RPKL1_HUMAN,RPS6KL1
SBK1_HUMAN,SBK1
SBK1_HUMAN,SH3-binding kinase 1
SBK2_HUMAN,SBK2
SBK2_HUMAN,SGK069
SBK2_HUMAN,SH3-binding domain kinase family member 2
SBK2_HUMAN,Sugen kinase 69
SBK2_HUMAN,SgK069
SBK3_HUMAN,SBK3
SBK3_HUMAN,SGK110
SBK3_HUMAN,SH3-binding domain kinase family member 3
SBK3_HUMAN,Sugen kinase 110
SCYL1_HUMAN,SCYL1
SCYL1_HUMAN,CVAK90
SCYL1_HUMAN,GKLP
SCYL1_HUMAN,NTKL
SCYL1_HUMAN,TAPK
SCYL1_HUMAN,TEIF
SCYL1_HUMAN,TRAP
SCYL1_HUMAN,HT019
SCYL1_HUMAN,Coated vesicle-associated kinase of 90 kDa
SCYL1_HUMAN,SCY1-like protein 1
SCYL1_HUMAN,Telomerase regulation-associated protein
SCYL1_HUMAN,Telomerase transcriptional element-interacting factor
SCYL1_HUMAN,Teratoma-associated tyrosine kinase
SCYL2_HUMAN,SCYL2
SCYL2_HUMAN,CVAK104
SCYL2_HUMAN,KIAA1360
SCYL2_HUMAN,Coated vesicle-associated kinase of 104 kDa
PACE1_HUMAN,SCYL3
PACE1_HUMAN,PACE1
PACE1_HUMAN,Ezrin-binding protein PACE-1
PACE1_HUMAN,SCY1-like protein 3
KS6R_HUMAN,RSKR
KS6R_HUMAN,SGK494
KS6R_HUMAN,Sugen kinase 494
STK16_HUMAN,STK16
STK16_HUMAN,MPSK1
STK16_HUMAN,PKL12
STK16_HUMAN,TSF1
STK16_HUMAN,Myristoylated and palmitoylated serine/threonine-protein kinase
STK16_HUMAN,MPSK
STK16_HUMAN,Protein kinase PKL12
STK16_HUMAN,TGF-beta-stimulated factor 1
STK16_HUMAN,TSF-1
STK16_HUMAN,Tyrosine-protein kinase STK16
STK16_HUMAN,hPSK
STK31_HUMAN,STK31
STK31_HUMAN,SGK396
STK31_HUMAN,Serine/threonine-protein kinase NYD-SPK
STK31_HUMAN,Sugen kinase 396
STK31_HUMAN,SgK396
ST32A_HUMAN,STK32A
ST32A_HUMAN,YANK1
ST32A_HUMAN,Yet another novel kinase 1
ST32B_HUMAN,STK32B
ST32B_HUMAN,YANK2
ST32B_HUMAN,UNQ3003/PRO9744
ST32B_HUMAN,Yet another novel kinase 2
ST32C_HUMAN,STK32C
ST32C_HUMAN,YANK3
ST32C_HUMAN,PKE
ST32C_HUMAN,Yet another novel kinase 3
STK35_HUMAN,STK35
STK35_HUMAN,CLIK1
STK35_HUMAN,PDIK1
STK35_HUMAN,STK35L1
STK35_HUMAN,CLP-36-interacting kinase 1
STK35_HUMAN,CLIK-1
STK35_HUMAN,PDLIM1-interacting kinase 1
STK35_HUMAN,Serine/threonine-protein kinase 35 L1
STK36_HUMAN,STK36
STK36_HUMAN,KIAA1278
STK36_HUMAN,Fused homolog
STKL1_HUMAN,STKLD1
STKL1_HUMAN,C9orf96
STKL1_HUMAN,SGK071
STKL1_HUMAN,Serine/threonine kinase-like domain-containing protein 1
STKL1_HUMAN,Sugen kinase 071
TBCK_HUMAN,TBCK
TBCK_HUMAN,TBCKL
TBCK_HUMAN,HSPC302
TBK1_HUMAN,TBK1
TBK1_HUMAN,NAK
TBK1_HUMAN,NF-kappa-B-activating kinase
TBK1_HUMAN,T2K
TBK1_HUMAN,TANK-binding kinase 1
TEX14_HUMAN,TEX14
TEX14_HUMAN,SGK307
TEX14_HUMAN,Protein kinase-like protein SgK307
TEX14_HUMAN,Sugen kinase 307
TEX14_HUMAN,Testis-expressed sequence 14
TEX14_HUMAN,Testis-expressed sequence 14 protein
TLK1_HUMAN,TLK1
TLK1_HUMAN,KIAA0137
TLK1_HUMAN,PKU-beta
TLK1_HUMAN,Tousled-like kinase 1
TLK2_HUMAN,TLK2
TLK2_HUMAN,HsHPK
TLK2_HUMAN,PKU-alpha
TLK2_HUMAN,Tousled-like kinase 2
PRPK_HUMAN,TP53RK
PRPK_HUMAN,C20orf64
PRPK_HUMAN,PRPK
PRPK_HUMAN,Atypical serine/threonine protein kinase TP53RK
PRPK_HUMAN,Nori-2
PRPK_HUMAN,TP53-regulating kinase
PRPK_HUMAN,p53-related protein kinase
TTK_HUMAN,TTK
TTK_HUMAN,MPS1
TTK_HUMAN,MPS1L1
TTK_HUMAN,Phosphotyrosine picked threonine-protein kinase
TTK_HUMAN,PYT
UHMK1_HUMAN,UHMK1
UHMK1_HUMAN,KIS
UHMK1_HUMAN,KIST
UHMK1_HUMAN,Kinase interacting with stathmin
UHMK1_HUMAN,PAM COOH-terminal interactor protein 2
UHMK1_HUMAN,P-CIP2
UHMK1_HUMAN,U2AF homology motif kinase 1
ULK1_HUMAN,ULK1
ULK1_HUMAN,KIAA0722
ULK1_HUMAN,Autophagy-related protein 1 homolog
ULK1_HUMAN,ATG1
ULK1_HUMAN,hATG1
ULK1_HUMAN,Unc-51-like kinase 1
ULK2_HUMAN,ULK2
ULK2_HUMAN,KIAA0623
ULK2_HUMAN,Unc-51-like kinase 2
ULK3_HUMAN,ULK3
ULK3_HUMAN,Unc-51-like kinase 3
ULK4_HUMAN,ULK4
ULK4_HUMAN,Unc-51-like kinase 4
WEE1_HUMAN,WEE1
WEE1_HUMAN,WEE1hu
WEE1_HUMAN,Wee1A kinase
WEE2_HUMAN,WEE2
WEE2_HUMAN,WEE1B
WEE2_HUMAN,Wee1-like protein kinase 1B
WEE2_HUMAN,Wee1B kinase
WNK1_HUMAN,WNK1
WNK1_HUMAN,HSN2
WNK1_HUMAN,KDP
WNK1_HUMAN,KIAA0344
WNK1_HUMAN,PRKWNK1
WNK1_HUMAN,Erythrocyte 65 kDa protein
WNK1_HUMAN,p65
WNK1_HUMAN,Kinase deficient protein
WNK1_HUMAN,Protein kinase lysine-deficient 1
WNK1_HUMAN,Protein kinase with no lysine 1
WNK1_HUMAN,hWNK1
WNK2_HUMAN,WNK2
WNK2_HUMAN,KIAA1760
WNK2_HUMAN,PRKWNK2
WNK2_HUMAN,SDCCAG43
WNK2_HUMAN,P/OKcl.13
WNK2_HUMAN,Antigen NY-CO-43
WNK2_HUMAN,Protein kinase lysine-deficient 2
WNK2_HUMAN,Protein kinase with no lysine 2
WNK2_HUMAN,Serologically defined colon cancer antigen 43
WNK3_HUMAN,WNK3
WNK3_HUMAN,KIAA1566
WNK3_HUMAN,PRKWNK3
WNK3_HUMAN,Protein kinase lysine-deficient 3
WNK3_HUMAN,Protein kinase with no lysine 3
WNK4_HUMAN,WNK4
WNK4_HUMAN,PRKWNK4
WNK4_HUMAN,Protein kinase lysine-deficient 4
WNK4_HUMAN,Protein kinase with no lysine 4
ADCK1_HUMAN,ADCK1
ADCK2_HUMAN,ADCK2
ADCK2_HUMAN,AARF
ADCK5_HUMAN,ADCK5
COQ8A_HUMAN,COQ8A
COQ8A_HUMAN,ADCK3
COQ8A_HUMAN,CABC1
COQ8A_HUMAN,PP265
COQ8A_HUMAN,Chaperone activity of bc1 complex-like
COQ8A_HUMAN,Chaperone-ABC1-like
COQ8A_HUMAN,Coenzyme Q protein 8A
COQ8A_HUMAN,aarF domain-containing protein kinase 3
COQ8B_HUMAN,COQ8B
COQ8B_HUMAN,ADCK4
COQ8B_HUMAN,AarF domain-containing protein kinase 4
COQ8B_HUMAN,Coenzyme Q protein 8B
ALPK1_HUMAN,ALPK1
ALPK1_HUMAN,KIAA1527
ALPK1_HUMAN,LAK
ALPK1_HUMAN,Chromosome 4 kinase
ALPK1_HUMAN,Lymphocyte alpha-protein kinase
ALPK2_HUMAN,ALPK2
ALPK2_HUMAN,HAK
ALPK2_HUMAN,Heart alpha-protein kinase
ALPK3_HUMAN,ALPK3
ALPK3_HUMAN,KIAA1330
ALPK3_HUMAN,MAK
ALPK3_HUMAN,Muscle alpha-protein kinase
EF2K_HUMAN,EEF2K
EF2K_HUMAN,eEF-2 kinase
EF2K_HUMAN,eEF-2K
EF2K_HUMAN,Calcium/calmodulin-dependent eukaryotic elongation factor 2 kinase
TRPM6_HUMAN,TRPM6
TRPM6_HUMAN,CHAK2
TRPM6_HUMAN,Channel kinase 2
TRPM6_HUMAN,Melastatin-related TRP cation channel 6
TRPM7_HUMAN,TRPM7
TRPM7_HUMAN,CHAK1
TRPM7_HUMAN,LTRPC7
TRPM7_HUMAN,Channel-kinase 1
TRPM7_HUMAN,Long transient receptor potential channel 7
TRPM7_HUMAN,LTrpC-7
TRPM7_HUMAN,LTrpC7
FASTK_HUMAN,FASTK
FASTK_HUMAN,FAST kinase
BCKD_HUMAN,BCKDK
BCKD_HUMAN,Branched-chain alpha-ketoacid dehydrogenase kinase
BCKD_HUMAN,BCKD-kinase
BCKD_HUMAN,BCKDHKIN
PDK1_HUMAN,PDK1
PDK1_HUMAN,PDHK1
PDK1_HUMAN,acetyl-transferring] kinase isozyme 1  mitochondrial
PDK1_HUMAN,Pyruvate dehydrogenase kinase isoform 1
PDK1_HUMAN,PDH kinase 1
PDK2_HUMAN,PDK2
PDK2_HUMAN,PDHK2
PDK2_HUMAN,acetyl-transferring] kinase isozyme 2  mitochondrial
PDK2_HUMAN,Pyruvate dehydrogenase kinase isoform 2
PDK2_HUMAN,PDH kinase 2
PDK2_HUMAN,PDKII
PDK3_HUMAN,PDK3
PDK3_HUMAN,PDHK3
PDK3_HUMAN,acetyl-transferring] kinase isozyme 3  mitochondrial
PDK3_HUMAN,Pyruvate dehydrogenase kinase isoform 3
PDK4_HUMAN,PDK4
PDK4_HUMAN,PDHK4
PDK4_HUMAN,acetyl-transferring] kinase isozyme 4  mitochondrial
PDK4_HUMAN,Pyruvate dehydrogenase kinase isoform 4
ATM_HUMAN,ATM
ATM_HUMAN,Ataxia telangiectasia mutated
ATM_HUMAN,A-T mutated
ANTR1_HUMAN,ANTXR1
ANTR1_HUMAN,ATR
ANTR1_HUMAN,TEM8
ANTR1_HUMAN,Tumor endothelial marker 8
ATR_HUMAN,ATR
ATR_HUMAN,FRP1
ATR_HUMAN,Ataxia telangiectasia and Rad3-related protein
ATR_HUMAN,FRAP-related protein 1
A1ATR_HUMAN,SERPINA2
A1ATR_HUMAN,ARGS
A1ATR_HUMAN,ATR
A1ATR_HUMAN,PIL
A1ATR_HUMAN,SERPINA2P
A1ATR_HUMAN,Protease inhibitor 1-like
A1ATR_HUMAN,Serpin A2
MTOR_HUMAN,MTOR
MTOR_HUMAN,FRAP
MTOR_HUMAN,FRAP1
MTOR_HUMAN,FRAP2
MTOR_HUMAN,RAFT1
MTOR_HUMAN,RAPT1
MTOR_HUMAN,FK506-binding protein 12-rapamycin complex-associated protein 1
MTOR_HUMAN,FKBP12-rapamycin complex-associated protein
MTOR_HUMAN,Mammalian target of rapamycin
MTOR_HUMAN,mTOR
MTOR_HUMAN,Mechanistic target of rapamycin
MTOR_HUMAN,Rapamycin and FKBP12 target 1
MTOR_HUMAN,Rapamycin target protein 1
PK3CA_HUMAN,PIK3CA
PK3CA_HUMAN,PI3-kinase subunit alpha
PK3CA_HUMAN,PI3K-alpha
PK3CA_HUMAN,PI3Kalpha
PK3CA_HUMAN,PtdIns-3-kinase subunit alpha
PK3CA_HUMAN,Phosphatidylinositol 4 5-bisphosphate 3-kinase 110 kDa catalytic subunit alpha
PK3CA_HUMAN,PtdIns-3-kinase subunit p110-alpha
PK3CA_HUMAN,p110alpha
PK3CA_HUMAN,Phosphoinositide-3-kinase catalytic alpha polypeptide
PK3CA_HUMAN,Serine/threonine protein kinase PIK3CA
PK3CB_HUMAN,PIK3CB
PK3CB_HUMAN,PIK3C1
PK3CB_HUMAN,PI3-kinase subunit beta
PK3CB_HUMAN,PI3K-beta
PK3CB_HUMAN,PI3Kbeta
PK3CB_HUMAN,PtdIns-3-kinase subunit beta
PK3CB_HUMAN,Phosphatidylinositol 4 5-bisphosphate 3-kinase 110 kDa catalytic subunit beta
PK3CB_HUMAN,PtdIns-3-kinase subunit p110-beta
PK3CB_HUMAN,p110beta
PK3CD_HUMAN,PIK3CD
PK3CD_HUMAN,PI3-kinase subunit delta
PK3CD_HUMAN,PI3K-delta
PK3CD_HUMAN,PI3Kdelta
PK3CD_HUMAN,PtdIns-3-kinase subunit delta
PK3CD_HUMAN,Phosphatidylinositol 4 5-bisphosphate 3-kinase 110 kDa catalytic subunit delta
PK3CD_HUMAN,PtdIns-3-kinase subunit p110-delta
PK3CD_HUMAN,p110delta
PK3CG_HUMAN,PIK3CG
PK3CG_HUMAN,PI3-kinase subunit gamma
PK3CG_HUMAN,PI3K-gamma
PK3CG_HUMAN,PI3Kgamma
PK3CG_HUMAN,PtdIns-3-kinase subunit gamma
PK3CG_HUMAN,Phosphatidylinositol 4 5-bisphosphate 3-kinase 110 kDa catalytic subunit gamma
PK3CG_HUMAN,PtdIns-3-kinase subunit p110-gamma
PK3CG_HUMAN,p110gamma
PK3CG_HUMAN,Phosphoinositide-3-kinase catalytic gamma polypeptide
PK3CG_HUMAN,Serine/threonine protein kinase PIK3CG
PK3CG_HUMAN,p120-PI3K
PRKDC_HUMAN,PRKDC
PRKDC_HUMAN,HYRC
PRKDC_HUMAN,HYRC1
PRKDC_HUMAN,DNA-PK catalytic subunit
PRKDC_HUMAN,DNA-PKcs
PRKDC_HUMAN,DNPK1
PRKDC_HUMAN,p460
MCM4_HUMAN,MCM4
MCM4_HUMAN,CDC21
MCM4_HUMAN,CDC21 homolog
MCM4_HUMAN,P1-CDC21
SMG1_HUMAN,SMG1
SMG1_HUMAN,ATX
SMG1_HUMAN,KIAA0421
SMG1_HUMAN,LIP
SMG1_HUMAN,SMG-1
SMG1_HUMAN,hSMG-1
SMG1_HUMAN,61E3.4
SMG1_HUMAN,Lambda/iota protein kinase C-interacting protein
SMG1_HUMAN,Lambda-interacting protein
RIOK1_HUMAN,RIOK1
RIOK1_HUMAN,RIO1
RIOK1_HUMAN,RIO kinase 1
RIOK2_HUMAN,RIOK2
RIOK2_HUMAN,RIO2
RIOK2_HUMAN,RIO kinase 2
RIOK3_HUMAN,RIOK3
RIOK3_HUMAN,SUDD
RIOK3_HUMAN,RIO kinase 3
RIOK3_HUMAN,sudD homolog
B1_VACCW,VPK1
B1_VACCW,VACWR183
B1_VACCW,B1R
B1_VACCW,Serine/threonine-protein kinase 1
B1_VACCW,Vaccinia protein kinase 1
